title,postingFrom,permalink,shortDescription,postingDate,mailToLink,driver,from,leaving,to
wichita to naples florida (swfl),wichita,http://wichita.craigslist.org/rid/3384578444.html,trying to get back to florida by the new year. i came here to wichita to see family and friends for the summer and now am ready to get back. i drove all the way here alone and didnt really like it. i'm a dude and don't wanna ride with a creepy ass pe [...],2012-11-17T12:25:34-06:00,emailnotfound,FALSE,wichita,2012-11-23T12:25:34-06:00,naples
wichita ks to lansing ks and back (wichita),wichita,http://wichita.craigslist.org/rid/3387392951.html,"i'm going to be leaving to visit an inmate at lansing correctional institute on nov 17 and returning the same day. if you need a ride there or anywhere on the way, let me know and we can work out some details.",2012-11-12T21:44:52-06:00,emailnotfound,TRUE,wichita,2012-11-17T21:44:52-06:00,lansing
"needed a ride from hutchinson to springfield,mo (s.hutchinson)",wichita,http://wichita.craigslist.org/rid/3400490928.html,"needing a ride on monday to springfield,mo, am only able to offer good company, i'm not psychotic or an axe murderer, just a little down on my luck lately. needing to get there quickly so it's really important. please call 620-931-8724 asap if you're [...]",2012-11-10T13:48:35-06:00,emailnotfound,FALSE,wichita,2012-11-10T13:48:35-06:00,springfield
ride offered to wichita areas (from hutchinson area to augusta daily),wichita,http://wichita.craigslist.org/rid/3389964361.html,"i leave for work at 5 and make an hour long commute monday through friday and get to work at 6 am traveling from buhler area to augusta daily. off at 2. if you lack reliable transportation, and your work schedule coincides this might be a beneficial  [...]",2012-11-06T01:31:21-06:00,emailnotfound,TRUE,wichita,2012-11-12T01:31:21-06:00,wichita
"offered from wichita to emporia, topeka, lawrence, lancing and finally kansas ci (wichita)",wichita,http://wichita.craigslist.org/rid/3387721050.html,leaving wichita for topeka then to kc. the other towns are on the way. not sure if leaving tonight or tomorrow. i am male and prefer other male co-travelers,2012-11-05T07:07:51-06:00,emailnotfound,TRUE,wichita,2012-11-05T07:07:51-06:00,emporia
