title,postingFrom,permalink,shortDescription,postingDate,mailToLink,driver,from,leaving,to
need a ride to o'hare sat. 17th (elkhart),southbend,http://southbend.craigslist.org/rid/3411413341.html,"hi, 
i am flying out to new york city to help with hurricane sandy relief efforts on saturday and may need a ride. i fly out at 6pm but i would be happy to leave here at 6am if that is when you are leaving. 
about me: i am a 25 yr. old male who flew  [...]",2012-11-15T10:55:28-05:00,emailnotfound,FALSE,southbend,2012-11-17T10:55:28-05:00,o'hare
ride offered - south bend to indianapolis on tue 11/6 (south bend),southbend,http://southbend.craigslist.org/rid/3390424197.html,"i'm offering a ride from south bend to indianapolis. 
leaving november 6th returning november 7th. contact me on zimride: http://www.zimride.com/ride/share?ride=518659 ",2012-11-06T10:27:42-05:00,emailnotfound,TRUE,southbend,2012-11-06T10:27:42-05:00,indianapolis
ride to virginia asap (elkhart),southbend,http://southbend.craigslist.org/rid/3359180013.html,me and my aunt are in a tight situation. we have a place to stay in virginia and just need a ride. if anyone is heading that way and can help please contact me. ,2012-10-23T12:06:52-04:00,emailnotfound,FALSE,southbend,2012-10-23T12:06:52-04:00,virginia
"ride offered south bend to pittsburgh (three rivers, michigan)",southbend,http://southbend.craigslist.org/rid/3354125450.html,"i am driving from southern michigan, to pittsburgh on 10/24 or 10/25. let me know if you need a ride to pittsburgh or anywhere along the way, and we can figure out a gas price, and i can pick you up most anyplace within reason. 
hannah",2012-10-21T08:46:19-04:00,emailnotfound,TRUE,southbend,2012-10-24T08:46:19-04:00,pittsburgh
need ride to share (mishawaka---chicago),southbend,http://southbend.craigslist.org/rid/3310918038.html,"need ride early sunday october 7th to chicago/oak park, illinois",2012-10-02T10:28:07-04:00,emailnotfound,TRUE,southbend,2012-10-07T10:28:07-04:00,share
