title,postingFrom,permalink,shortDescription,postingDate,mailToLink,driver,from,leaving,to
newark(de) to nyc or nj (newark),delaware,http://delaware.craigslist.org/rid/3416277050.html,"hi - i need to go to nyc today (anytime before 5 pm if anybody leaving ) from newark(de) to jersey city or nyc or anywhere close , let me know... i can share money for gas , toll and if anything else... ",2012-11-17T12:01:33-05:00,emailnotfound,FALSE,delaware,2012-11-17T12:01:33-05:00,nyc
rides offered from point a to point b (wilmington - middletown),delaware,http://delaware.craigslist.org/rid/3411030059.html,"rides offered from point a to point b 
one way or round trip 
rate 1.00 per mile plus tolls 
minimum $25.00 
856/979/two997 ",2012-11-15T06:00:17-05:00,emailnotfound,TRUE,delaware,2012-56-97T06:00:17-05:00,point
driving delaware to baltimore nov 15   (delaware to bmore ),delaware,http://delaware.craigslist.org/rid/3394408014.html,"many possibilities, best to text 716795 four four nine four for options",2012-11-10T00:57:45-05:00,emailnotfound,TRUE,delaware,2012-11-15T00:57:45-05:00,baltimore
"rider needed to raleigh over thanksgiving (hockessin, de)",delaware,http://delaware.craigslist.org/rid/3391655254.html,"looking to see if anyone wants to ride with me from hockessin, de to raleigh, nc for thanksgiving. leaving wed, returning sunday.",2012-11-06T18:32:51-05:00,emailnotfound,FALSE,delaware,2012-11-07T18:32:51-05:00,raleigh
ride needed to atlanta ga (stone mountain),delaware,http://delaware.craigslist.org/rid/3358942057.html,"relocating back to atlanta and in need of a ride. traveling are 2 adults (my sister and i) and 1 small dog. we have several bags. we are looking to leave anytime between 
oct. 27 - oct 31 or sooner. 
please email 
thanks ",2012-10-23T10:38:27-04:00,emailnotfound,FALSE,delaware,2012-10-27T10:38:27-04:00,atlanta
ride needed to atlanta ga (stone mountain),delaware,http://delaware.craigslist.org/rid/3358859448.html,"relocating back to atlanta and in need of a ride. traveling are 2 adults (my sister and i) and 1 small dog. we have several bags. we are looking to leave anytime between oct. 27 - oct 31 
please email 
thanks ",2012-10-23T10:02:26-04:00,emailnotfound,FALSE,delaware,2012-10-27T10:02:26-04:00,atlanta
ride offered to boston and points in between,delaware,http://delaware.craigslist.org/rid/3300409377.html,"i am leaving on october 22 from oc, md and i'm driving through delaware, nj, nyc, ct, and ma to get to boston. if you need a ride i can drop you anywhere along the way. let me know if you are interested.",2012-10-18T11:52:49-04:00,emailnotfound,TRUE,delaware,2012-10-22T11:52:49-04:00,boston
ride needed to atlanta (stone mountain),delaware,http://delaware.craigslist.org/rid/3315655110.html,we are relocating back to the atlanta area and in need of a ride. we don't have a lot of money but i would be willing to drive. we are in millsboro/long neck area. we have several bags and a small dog. we would like to leave anytime after october 10. [...],2012-10-04T10:39:20-04:00,emailnotfound,FALSE,delaware,2012-10-10T10:39:20-04:00,atlanta
