title,postingFrom,permalink,shortDescription,postingDate,mailToLink,driver,from,leaving,to
ride offer: topeka to kansas city,topeka,http://topeka.craigslist.org/rid/3416603479.html,"leaving topeka on monday (sometime after 10 a.m.). going to kansas city. give me a call and make an offer. 
david 
816-448-3545",2012-11-17T13:06:45-06:00,emailnotfound,TRUE,topeka,2012-11-19T13:06:45-06:00,kansas
ride offer - heading to florida,topeka,http://topeka.craigslist.org/rid/3361913013.html,"heading to florida via 1-70 east. 
leaving thursday, 10/25 and driving straight to gainesville. 
can pick up or drop off anywhere along the interstate. 
call/text: 225 329 four eight 20 
or 814 558 six six 10 ",2012-10-24T12:41:05-05:00,emailnotfound,TRUE,topeka,2012-10-25T12:41:05-05:00,florida
from topeka to mission ks (topeka ),topeka,http://topeka.craigslist.org/rid/3360939249.html,"my daughter and i are needing a ride on saturday oct 27 from topeka ks to mission ks for a costume halloween party and costume contest there in mission, the party is from 7-12 and has live music, drinks and food, admission is free now as they are not [...]",2012-10-24T01:21:02-05:00,emailnotfound,TRUE,topeka,2012-10-27T01:21:02-05:00,mission
