title,postingFrom,permalink,shortDescription,postingDate,mailToLink,driver,from,leaving,to
salem to eugene  sunday 18th (united states),salem,http://salem.craigslist.org/rid/3417662638.html,sunday 18th need ride salem to eugene 8:30 am and also return 6:45pm leaving eugene back to salem...can help with gas.....jim,2012-11-17T20:35:57-08:00,emailnotfound,FALSE,salem,2012-11-18T20:35:57-08:00,eugene
reg rideshare wanted (mcminnville to salem),salem,http://salem.craigslist.org/rid/3405569377.html,"want to share costs of commuting to salem mon- fri. i work at willamette university and live in mcminnville. have reliable transportation, but want to share ride costs. share by taking your car then my car, or you ride with me and just share cost of  [...]",2012-11-17T09:10:07-08:00,emailnotfound,TRUE,salem,2012-11-19T09:10:07-08:00,salem
salem to portland today very soon (salem),salem,http://salem.craigslist.org/rid/3414505105.html,"i'm a 29 yo female that's in need of a ride to portland here very soon and i don't have any money, but i really need to get there. if you can help please email me asap. thanks ",2012-11-16T12:24:29-08:00,emailnotfound,FALSE,salem,2012-11-16T12:24:29-08:00,portland
salem to seattle sunday 18th (salem to seattle),salem,http://salem.craigslist.org/rid/3413267129.html,"i'm driving up to seattle from eugene, but i can stop by salem if someone needs a ride up to seattle. i'm be on a tight time limit so we would need to meet up right off of i-5. i'll be leaving eugene at noon. i'll make it up to salem within 1pm. $30  [...]",2012-11-15T23:52:45-08:00,emailnotfound,TRUE,salem,2012-11-18T23:52:45-08:00,seattle
"ride offered to estacada, oregon (salem-estacada)",salem,http://salem.craigslist.org/rid/3410093675.html,"estacada is past mollala, which is north east from salem. 
we (2 of us) are leaving tomorrow morning around 7am. 
help with gas and you can ride 
http://www.pdxarea.com/map.asp?cid=15",2012-11-14T14:20:08-08:00,emailnotfound,TRUE,salem,2012-11-14T14:20:08-08:00,estacada
ride needed to pdx 11/19 (salem to pdx),salem,http://salem.craigslist.org/rid/3405207776.html,"need a ride from salem to portland airport. or, a ride to portland so i can take the max straight to the airport. hoping to leave salem by 4p so i have enough time to catch my flight. 
will pay for gas money. 
please email so i can text/call and plan [...]",2012-11-12T14:02:44-08:00,emailnotfound,FALSE,salem,2012-11-19T14:02:44-08:00,pdx
ride to california (bay area),salem,http://salem.craigslist.org/rid/3402664848.html,"ride offered south to northern cali 
possibly leaving tomorrow but more likely on tuesday 
want to ride along? help with gas 
going to bay area ",2012-11-11T12:54:27-08:00,emailnotfound,TRUE,salem,2012-11-11T12:54:27-08:00,california
today--salem- i-5 south to grants pass (salem),salem,http://salem.craigslist.org/rid/3402405945.html,"in a couple of hours, i will be leaving salem to go to grants pass area and i have room for one rider cost with $25. email contact number if interested.",2012-11-11T10:56:10-08:00,emailnotfound,TRUE,salem,2012-11-11T10:56:10-08:00,grants
***do u want  something hauled/towed or a ride? im going to phoenix. * (971-388-5955),salem,http://salem.craigslist.org/rid/3394476496.html,"do u need a ride or something towed/hauled? i'm going to phoenix on monday the 12th. can take passenger s, tow 4 u, or haul something 4 u? i can drop u and/or your item off anywhere along way. eugene, medford/ashland,yreka, redding, sacramento,fresno [...]",2012-11-10T21:30:23-08:00,emailnotfound,TRUE,salem,2012-11-12T21:30:23-08:00,phoenix.
salem to san fran (or any towns along the way),salem,http://salem.craigslist.org/rid/3396105448.html,"hey, two australian girls wanting to make our way to san francisco. currently on salem and would appreciate a lift to any town south on the i5. 
if anyone is leaving either today or tomorrow please send us an email 
thankyou :)",2012-11-08T13:40:54-08:00,emailnotfound,TRUE,salem,2012-11-08T13:40:54-08:00,san
ride offered to eugene today (salem),salem,http://salem.craigslist.org/rid/3395632881.html,"hi, 
i am offering a ride to eugene today around 2pm. text or call at 541-206-0258. 
thanks! ",2012-11-08T10:39:11-08:00,emailnotfound,TRUE,salem,2012-11-08T10:39:11-08:00,eugene
ride thursday 11/8: breitenbush to portland departing around 10am (breitenbush to portland),salem,http://salem.craigslist.org/rid/3392165795.html,"ride thursday 11/8: breitenbush to portland departing around 10am. 
hey there, 
i'll be heading home to portland (leaving around 10am) in my toyota pickup and i have room for 1 or 2 passengers and whatever things you'd like to put in back. 
it'll be  [...]",2012-11-06T21:01:25-08:00,emailnotfound,TRUE,salem,2012-11-08T21:01:25-08:00,portland
"dallas or, to portland (dallas or)",salem,http://salem.craigslist.org/rid/3391054242.html,"i came down to visit family and they're all busy until later and if i don't make it back to portland relatively soon im going to lose my chance to vote, my ballot is at home and today is the deadline, i have like $10 i could give for gas money and i  [...]",2012-11-06T11:22:54-08:00,emailnotfound,FALSE,salem,2012-11-06T11:22:54-08:00,portland
seeking friendly carpool to eastside salem winco (salem),salem,http://salem.craigslist.org/rid/3388978286.html,"we've been without a vehicle for a while, its been pretty tough getting to the grocery store. we are looking to rideshare to east salem winco, from se salem area, a couple times a month, can't afford much maybe about what one way cab fare would be ($ [...]",2012-11-05T13:22:48-08:00,emailnotfound,TRUE,salem,2012-11-05T13:22:48-08:00,eastside
offering ride salem south (salem to ashland),salem,http://salem.craigslist.org/rid/3385324762.html,i am departing salem sunday afternoon about 3 heading south to ashland. can offer rides to anywhere in between. call tim: (541)690-8403,2012-11-03T21:37:46-07:00,emailnotfound,TRUE,salem,2012-11-04T21:37:46-07:00,ashland
ride needed salem to dallas (november 15th wed.),salem,http://salem.craigslist.org/rid/3342145930.html,"ride needed from salem train station to downtown dallas about 2:30pm on wed nov 15th 
also need ride thanksgiving day from dallas to the salem train station 
can pay $20 for gas each way",2012-11-01T22:19:51-07:00,emailnotfound,FALSE,salem,2012-11-15T22:19:51-07:00,dallas
"need a ride from salem area to laytonville california (monmouth, or)",salem,http://salem.craigslist.org/rid/3379197304.html,"want to leave monday november 4th going from just outside monmouth which is 12 miles west of salem. there are two of us, female and male traveling. can give good directions and know how to return to i-5 from out here. we have gas money, i can drive a [...]",2012-11-01T08:29:55-07:00,emailnotfound,FALSE,salem,2012-11-04T08:29:55-07:00,laytonville
"ride offered-salem to madera, leaving 10/01/2012 (south)",salem,http://salem.craigslist.org/rid/3376308061.html,"room for one offered anywhere along the i 5 between salem, or and madera, ca. we will be taking i 5 till sacramento then continuing south down hwy 99. leaving town promptly at 5pm and driving straight thru. 420 friendly (but not in the car ) no creep [...]",2012-10-30T20:21:45-07:00,emailnotfound,TRUE,salem,2012-10-01T20:21:45-07:00,madera
ride offered 11/8 to grants pass (i5 - portland to grants pass),salem,http://salem.craigslist.org/rid/3376084280.html,"hi, 
i'm looking for someone to share gas costs (and preferably driving if you have a license and are a solid driver) with me on my way from cathlamet to kerby (i.e. portland to grants pass). leaving from cathlamet in the morning, making a quick stop [...]",2012-10-30T17:58:24-07:00,emailnotfound,TRUE,salem,2012-11-08T17:58:24-07:00,grants
ride offered to humboldt (salem),salem,http://salem.craigslist.org/rid/3371631476.html,i'm leaving for humboldt county tomorrow morning (monday). i have space for one person. i am going as far as eureka. i can drop you off anywhere along the way. i do require gas money and i am leaving early in the morning. email me or give me a call a [...],2012-10-28T19:06:24-07:00,emailnotfound,TRUE,salem,2012-10-28T19:06:24-07:00,humboldt
"on my way to seattle, who wants a ride?",salem,http://salem.craigslist.org/rid/3365544328.html,"i'm heading up to washington on 5, and wouldn't at all mind some company along the way. my car is reasonably spacious, can take two of you if there's not much luggage, and all i ask is a little help with gas money along the way; i'll be happy to drop [...]",2012-10-25T20:46:20-07:00,emailnotfound,FALSE,salem,2012-10-29T20:46:20-07:00,seattle
salem to la (or anywhere in between) (salem-la),salem,http://salem.craigslist.org/rid/3364882905.html,i'll be heading down with a few others to the la area on friday november 9th. you buy one tank of gas and you can go with! i'm also coming back on monday the 12th if you need to come back up. :),2012-10-25T14:30:30-07:00,emailnotfound,TRUE,salem,2012-11-09T14:30:30-07:00,la
offer i-5 south to ashland  (salem-ashland),salem,http://salem.craigslist.org/rid/3364174177.html,i am traveling south from portland to ashland on 10/26. i am willing to pick-up in salem from a location near the freeway. i will be passing salem before or around 2 pm. please contact if interested. ,2012-10-25T10:00:14-07:00,emailnotfound,TRUE,salem,2012-10-26T10:00:14-07:00,ashland
will pay $100 salem to humboldt (salem to arcata),salem,http://salem.craigslist.org/rid/3358495816.html,"i am posting this early so you have time to do the logistics: 
1 male + 2 medium carry-on bags and a laptop. 
travel window opens 1:00 am friday, november 2nd thru 3:00 pm sunday, november 4th. 
so, anytime between then. 
$100 paid up front - you can [...]",2012-10-23T00:08:04-07:00,emailnotfound,TRUE,salem,2012-11-02T00:08:04-07:00,humboldt
salem to l.a. this weekend (salem),salem,http://salem.craigslist.org/rid/3358412112.html,"we're going to be driving to l.a. on the weekend of october 27-28, and have room for one or two passengers to go along in exchange for gas money. room for luggage is limited, but a suitcase each shouldn't be a problem. if you don't need to go all the [...]",2012-10-22T22:14:40-07:00,emailnotfound,TRUE,salem,2012-10-27T22:14:40-07:00,l.a.
need a ride tuesday evening (salem to portland),salem,http://salem.craigslist.org/rid/3358148788.html,need ride to portland tomorrow night after work. i'd like to ride somewhere between 530 and 630 and pitch in on gas. can you help?,2012-10-22T18:57:56-07:00,emailnotfound,TRUE,salem,2012-10-22T18:57:56-07:00,portland
"offering salem to la (anywhere on the 5) laaaiid back (salem (male, 24))",salem,http://salem.craigslist.org/rid/3347245527.html,"what is up! 
anyways about me. 
24, male, surfer/bodyboarder, laid wayyy back. taking road trip to san diego around the 1st of november to surf and to meet up with some old friends. it's a 14 hour drive, stopping in la to see my sister for a day, so  [...]",2012-10-18T05:57:07-07:00,emailnotfound,TRUE,salem,2012-10-19T05:57:07-07:00,la
need rideshare to concert in portland (10/18) (salem amtrak station),salem,http://salem.craigslist.org/rid/3344537647.html,"looking to catch a ride up and back to portland on the evening of thursday 10/18 to go see a concert. 
aiming to meet at the salem amtrak station and leave salem between 5 to 6 pm and return from portland around 11:30 pm. 
if there is anyone else goi [...]",2012-10-16T22:05:39-07:00,emailnotfound,FALSE,salem,2012-10-18T22:05:39-07:00,concert
ride offered - salem to beverly hills on mon 10/15 (salem),salem,http://salem.craigslist.org/rid/3344036282.html,"i'm offering a ride from salem to beverly hills. 
leaving october 15th. tour bus heading south can drop off along the price negotiable.good times and positive vibes call for more details.blessings
aric
310 279 2470 down to earth, hiker, creative, lov [...]",2012-10-16T16:35:03-07:00,emailnotfound,TRUE,salem,2012-10-15T16:35:03-07:00,beverly
ride offered now to pasco (richland pasco),salem,http://salem.craigslist.org/rid/3341860191.html,enroute now 7pm monday from eugene nonstop to richland pasco due to family member in hospital. 2007 toyota prius. call 541-953-4758,2012-10-15T19:20:08-07:00,emailnotfound,TRUE,salem,2012-10-15T19:20:08-07:00,pasco
ride offered - salem to beverly hills on sun 10/14 (salem),salem,http://salem.craigslist.org/rid/3338257137.html,"i'm offering a ride from salem to beverly hills. 
leaving october 14th returning october 15th. tour bus heading south can drop off along the price negotiable.good times and positive vibes call for more details.blessings
aric
310 279 2470 down to eart [...]",2012-10-14T09:17:08-07:00,emailnotfound,TRUE,salem,2012-10-14T09:17:08-07:00,beverly
need ride to newport (keizer/salem),salem,http://salem.craigslist.org/rid/3332741719.html,trying to get to newport asap. i'm moving to a recovery house there and need a ride. i am only taking a few suitcases with me. if you can help please email me with number to call. thank you. ,2012-10-11T16:52:05-07:00,emailnotfound,FALSE,salem,2012-10-11T16:52:05-07:00,newport
trying to get to portland (salem),salem,http://salem.craigslist.org/rid/3318558992.html,trying to get a ride to portland asap. got gas money...let me know. i'm in downtown salem going to downtown portland. thanks!,2012-10-05T11:30:22-07:00,emailnotfound,FALSE,salem,2012-10-05T11:30:22-07:00,get
from salem oregon to wiscionsin,salem,http://salem.craigslist.org/rid/3318264696.html,i am a single mom with 1 year old tring to get home to wiscionsin i have gas money and very quite friendly person. i have a few things i need to take. i want to leave asap. please call if u can help me 5039905427. i have tried to reply to a few adds  [...],2012-10-05T09:29:12-07:00,emailnotfound,FALSE,salem,2012-10-05T09:29:12-07:00,wiscionsin
salem to newport (salem),salem,http://salem.craigslist.org/rid/3317946133.html,"headed to newport this afternoon at 3pm, will be coming back monday morning at 7am.",2012-10-05T07:23:11-07:00,emailnotfound,TRUE,salem,2012-10-08T07:23:11-07:00,newport
