title,postingFrom,permalink,shortDescription,postingDate,mailToLink,driver,from,leaving,to
los cruces nm to nc 11/21 (east bound) (east bound - offer),odessa,http://odessa.craigslist.org/rid/3399398571.html,"ride cargo transport or rv towed offered going east to nc 
i am departing los cruces on wednesday nov. 21st heading east on ih 10. 
i will be passing through ih 20 hitting the following major cities and willing to stop and pick you, your pet or cargo [...]",2012-11-13T22:18:13-06:00,emailnotfound,TRUE,odessa,2012-11-21T22:18:13-06:00,nc
midland airport to hobbs (midland),odessa,http://odessa.craigslist.org/rid/3405932171.html,"need a ride from midland airport to the brentwood hotel across from the casino in hobbs tomorrow, flight arrives in midland at 3:35pm. will provide gas money",2012-11-12T22:10:53-06:00,emailnotfound,FALSE,odessa,2012-11-12T22:10:53-06:00,hobbs
offering a ride to ft. worth/ irving (midland / odessa),odessa,http://odessa.craigslist.org/rid/3404089054.html,"i am driving my ford explorer 1997 this friday the 16th in between 6:00 and 8:00 . odessa or midland to forth worth/ irving. i will be happy to give you a ride for a donnation of 50.00 dollars for gas. 
feel free to call me at 415-574-6815 norman ale [...]",2012-11-12T09:25:59-06:00,emailnotfound,TRUE,odessa,2012-11-16T09:25:59-06:00,ft.
ride offered - midland to livonia on sat 10/20 (midland--&gt;detroit metro zip: 48152),odessa,http://odessa.craigslist.org/rid/3314198958.html,i'm offering a ride from midland to metro detroit zip: 48152. free ride !!drivers needed!! very flexible departure date and time simply looking to get up to michigan sometime prior to thanksgiving!! contact me on zimride: http://www.zimride.com/ride/ [...],2012-10-03T15:15:35-05:00,emailnotfound,TRUE,odessa,2012-10-20T15:15:35-05:00,livonia
