title,postingFrom,permalink,shortDescription,postingDate,mailToLink,driver,from,leaving,to
need to get to work this weekend (killeen ),killeen,http://killeen.craigslist.org/rid/3415466606.html,"i have no vehicle, don't really know many people so looking here. i work both saturday and sunday approximately 8.5 hours each day from 10 am -6:30 pm sat and 11 am-7:30 pm sun. from my home to my job is 12 miles. i don't have alot of money so please [...]",2012-11-16T22:51:19-06:00,emailnotfound,FALSE,killeen,2012-11-19T22:51:19-06:00,get
need to move to alaska? i can help!,killeen,http://killeen.craigslist.org/rid/3377289764.html,"i'm moving to ft. richardson. the army will give me money...but i don't need a u-haul. so, if you do....you just have to pay for the u-haul upfront and put it in my name so i can turn in the receipts. in return, i need you to convoy with me to ft. ri [...]",2012-11-16T16:08:28-06:00,emailnotfound,FALSE,killeen,2012-11-19T16:08:28-06:00,move
who wants to leave town? (killeen-alaska ),killeen,http://killeen.craigslist.org/rid/3413663397.html,"leaving in early december for fairbanks alaska, who wants to go? ride along good times good conversation maybe drive a little bit, asking for 100 to help cover has can take up to 3 with me, prefer other females",2012-11-16T09:05:03-06:00,emailnotfound,TRUE,killeen,2012-11-17T09:05:03-06:00,leave
"need ride to austin, 2 lonely 20 year old boys (united states)",killeen,http://killeen.craigslist.org/rid/3402394975.html,"we are trying to get to austin and we are walking right now from killeen, tx. if you can help us out we would be very appreciative. will sd. 
my name is antonio and my number is 254-768-4229 and my friend phil's is 254-813-5167. you can also respond  [...]",2012-11-11T12:51:14-06:00,emailnotfound,FALSE,killeen,2012-11-16T12:51:14-06:00,austin
"saturday only!!!! round rock shop to you drop (((round trip $24.99))) (killeen,round rock,harker heights, templ)",killeen,http://killeen.craigslist.org/rid/3384093570.html,"""if you are just seeing this ad i have slots open today at 2:00pm- pick-up locations below...you will need to rsvp by 1:00pm today 
leaving from killeen walmart at 8:00am 
leaving from harker heights walmart at 8:30am 
leaving from temple (south 31st [...]",2012-11-03T12:33:21-05:00,emailnotfound,TRUE,killeen,2012-11-03T12:33:21-05:00,you
carpool (gatesville to killeen),killeen,http://killeen.craigslist.org/rid/3377736354.html,needing carpool from gatesville to killeen/willow springs exit monday - friday can meet at the corner of 116 and 1783 between 6 a.m. and 6:30 a.m. willing to pay $5 a day or $25 a week for one way trip to anyone going that way on a regular basis pref [...],2012-10-31T15:04:09-05:00,emailnotfound,TRUE,killeen,2012-10-36T15:04:09-05:00,killeen
