title,postingFrom,permalink,shortDescription,postingDate,mailToLink,driver,from,leaving,to
"i need a ride to redding, ca (klamath falls, or)",klamath,http://klamath.craigslist.org/rid/3410864070.html,"willing to pay (obviously). i am an oit student who needs a ride on friday. preferably past 2, but we can work things out if you need to leave earlier.",2012-11-14T20:58:45-09:00,emailnotfound,FALSE,klamath,2012-11-16T20:58:45-09:00,redding
k-falls to sf bay area (klamath co.),klamath,http://klamath.craigslist.org/rid/3398755932.html,"leaving sunday, 11/10, approx noon via us-97, i-5, i-505 through weed, redding, vacaville. 
final destination is san rafael. i have room for luggage or small to medium sized boxes. 
i can drop off anywhere along the way. no smoking. no pets unless in [...]",2012-11-09T14:40:54-09:00,emailnotfound,TRUE,klamath,2012-11-10T14:40:54-09:00,sf
heading south! to l.a. (klamath falls),klamath,http://klamath.craigslist.org/rid/3373572605.html,"leaving tmrw or weds... 
flexible on cities and stops along the way! 
call me asap! 702-379-7265 
have a little room for extra cargo... 
can tow small trailer...",2012-10-29T14:54:04-08:00,emailnotfound,TRUE,klamath,2012-10-29T14:54:04-08:00,l.a.
klamath falls to l.a. 10/29 or 30th (klamath falls),klamath,http://klamath.craigslist.org/rid/3365299207.html,"ride straight thru to l.a. area 
plz email me to discuss your needs... 
nice 4 door pickup... transporting motorcycle... 
little flexible w/ timing and route... 
can leave late mon. or tues... 
able to tow small trailer! $$$ ;~) ",2012-10-25T16:57:57-08:00,emailnotfound,TRUE,klamath,2012-10-29T16:57:57-08:00,l.a.
"need ride to arcata, ca (from k falls)",klamath,http://klamath.craigslist.org/rid/3327061963.html,hi i'm looking for a ride to arcata or nearby on either thursday the 11th or friday the 12th. i have gas money and am an easy going person and a good co pilot. reply or call 7188095417. thanks. ,2012-10-09T08:33:44-08:00,emailnotfound,FALSE,klamath,2012-10-11T08:33:44-08:00,arcata
need ride (to sacramento),klamath,http://klamath.craigslist.org/rid/3314693734.html,"hello, my man is trying to find a ride from weed ca to sacramento to catch his plane home tomorrow night. he can offer some gas money and has a clean drivers license. hes got just a backpack and our very well behaved, beautiful, medium sized husky do [...]",2012-10-03T15:55:16-08:00,emailnotfound,FALSE,klamath,2012-10-03T15:55:16-08:00,sacramento
