title,postingFrom,permalink,shortDescription,postingDate,mailToLink,driver,from,leaving,to
baton rouge to michigan (la-mi),batonrouge,http://batonrouge.craigslist.org/rid/3412875568.html,i am renting a car on the 20th to drive to ann arbor michigan and will be leaving back for baton rouge on the 26th. email me for further details bkmcnulty @ gmail .com,2012-11-15T20:20:07-06:00,emailnotfound,TRUE,batonrouge,2012-11-20T20:20:07-06:00,michigan
need ride wed morn to new orleans,batonrouge,http://batonrouge.craigslist.org/rid/3408112798.html,looking for a ride to new orleans the morning of wed. 14th. im working on a film right now and looking to see new orleans on my day off. will pay up to $20 if money is an issue for you. im currently staying near hundred oaks and acadian way. thanks!!,2012-11-13T19:31:52-06:00,emailnotfound,FALSE,batonrouge,2012-11-19T19:31:52-06:00,new
need a ride from baton rouge to new orleans today if possible maybe tu,batonrouge,http://batonrouge.craigslist.org/rid/3404065033.html,need a ride from baton rouge to new orleans today. my name is aaron you can contact me at 225-266-7329. thank you,2012-11-12T09:16:21-06:00,emailnotfound,FALSE,batonrouge,2012-11-12T09:16:21-06:00,new
going to california (denham springs),batonrouge,http://batonrouge.craigslist.org/rid/3394225113.html,driving to calif between sunday the 11th and tuesday the 13th. i am hauling a truck full of furniture and animals. hmu if you want to get in the passenger seat or need me to carry your items. i am going to sacramento ca. 916-910-4463 or 225-266-8795,2012-11-07T19:30:32-06:00,emailnotfound,FALSE,batonrouge,2012-11-11T19:30:32-06:00,california
ride offered to fort collins or in between (here to there),batonrouge,http://batonrouge.craigslist.org/rid/3379604012.html,driving through soon and could pick up anyone headed our way who is willing to split gas and doesn't mind sharing the backseat with our dog (very friendly) hit me up if interested,2012-11-01T13:06:39-05:00,emailnotfound,TRUE,batonrouge,2012-11-02T13:06:39-05:00,fort
"rideshare to birmingham  (birmingham,al)",batonrouge,http://batonrouge.craigslist.org/rid/3340649002.html,"going to birmingham, al from br. leaving on friday at 4am. share gas money. very economic car .",2012-10-15T12:37:24-05:00,emailnotfound,TRUE,batonrouge,2012-10-15T12:37:24-05:00,birmingham
need ride to norco  (ponchatoula-norco),batonrouge,http://batonrouge.craigslist.org/rid/3283541676.html,"working at vallero in norco for turner..need ride to norco/kenner exit off i310, monday-friday, 6a.m.-4:30 p.m.",2012-09-19T20:43:20-05:00,emailnotfound,TRUE,batonrouge,2012-09-24T20:43:20-05:00,norco
