title,postingFrom,permalink,shortDescription,postingDate,mailToLink,driver,from,leaving,to
need ride (la vergne to el paso),charlestonwv,http://charlestonwv.craigslist.org/rid/3413220371.html,me my two daughters and granddaughter need a ride near the el paso area from nashville tn. it would really help out if we could get a free ride but we are willing to pay. message back asap.,2012-11-16T01:47:46-05:00,emailnotfound,FALSE,charlestonwv,2012-11-16T01:47:46-05:00,el
headed north to ohio then back south  (along i-77),charlestonwv,http://charlestonwv.craigslist.org/rid/3408555275.html,"headed north toward bowling green, ohio on sunday and can stop anywhere along the way 
monday headed south from ohio back thru wv, va then into north carolina 
have equipment to pick-up so only room for 1 passenger and any luggage",2012-11-14T02:18:10-05:00,emailnotfound,TRUE,charlestonwv,2012-11-19T02:18:10-05:00,ohio
"charleston to elkins / beverly (charleston, wv)",charlestonwv,http://charlestonwv.craigslist.org/rid/3407898821.html,"i am a nice young man willing to pay gas money to go get a ride from charleston to the elkins / beverly area. 304-721-9854 
this week at some point to do a vehicle swap as a result of the storm 2 weeks ago.",2012-11-13T18:46:22-05:00,emailnotfound,FALSE,charlestonwv,2012-11-19T18:46:22-05:00,elkins
"heading to colorado 11/15 (charleston, wv)",charlestonwv,http://charlestonwv.craigslist.org/rid/3405409280.html,"leaving charleston, wv on 11/15 maybe the 16th heading to boulder co offering ride for gas money. it will be myself and my dog, not a ton of space left so you would have to pack light. email me and we can go from there.",2012-11-12T18:26:10-05:00,emailnotfound,TRUE,charlestonwv,2012-11-15T18:26:10-05:00,colorado
"man and a truck,  coast to coast",charlestonwv,http://charlestonwv.craigslist.org/rid/3397962646.html,"leaving wv nov 10, heading to az.6027156073",2012-11-09T13:20:17-05:00,emailnotfound,TRUE,charlestonwv,2012-11-10T13:20:17-05:00,coast
charleston airport to bridge day (fayetteville/summersville),charlestonwv,http://charlestonwv.craigslist.org/rid/3336259817.html,"i will be flying into charleston on wednesday (10/17) to go to bridge day. if anyone is headed that way from charleston, i will buy gas, food, what ever else. 
i am a climber/slackliner and am looking to end up at summersville lake to climb and highl [...]",2012-10-13T12:24:25-04:00,emailnotfound,TRUE,charlestonwv,2012-10-17T12:24:25-04:00,bridge
need to share ride from f ville to bozeman mt (fayetteville),charlestonwv,http://charlestonwv.craigslist.org/rid/3328254582.html,hey there. i lost my cars transmission on a kayak trip and a new one is unavailable.i am looking for a ride back to montana. i am super friendly aswell is my professional avalanche dog. if you are heading back that way please let me know. gas money f [...],2012-10-09T20:33:54-04:00,emailnotfound,FALSE,charlestonwv,2012-10-15T20:33:54-04:00,share
