title,postingFrom,permalink,shortDescription,postingDate,mailToLink,driver,from,leaving,to
blue haired queer person needs ride to eugene on sun (portland to eugene),portland,http://portland.craigslist.org/mlt/rid/3417901635.html,"howdy, 
i need a ride from portland to eugene on sunday. i can leave late afternoon or evening. 
i'm willing to chip in $10 for gas. i will probably be at the oregon convention center 
but could potentially meet you somewhere else if necessary. 
abou [...]",2012-11-18T02:23:32-08:00,emailnotfound,TRUE,portland,2012-11-18T02:23:32-08:00,eugene
seeking ride to ashland (and breitenbush along the way?) (monday or tuesday),portland,http://portland.craigslist.org/mlt/rid/3417833437.html,"hello! 
i am looking for a ride south from portland to ashland (but will take a ride to eugene as well if that's as far as your going) this monday or tuesday. i am a sweet and kind sister and am happy to pitch in for gas or possibly help with driving [...]",2012-11-18T00:03:22-08:00,emailnotfound,FALSE,portland,2012-11-19T00:03:22-08:00,ashland
heading to lincoln city (newberg),portland,http://portland.craigslist.org/yam/rid/3417827161.html,"leaving tomorrow evening, actually siletz, then returning tuesday evening",2012-11-17T23:52:11-08:00,emailnotfound,TRUE,portland,2012-11-17T23:52:11-08:00,lincoln
