title,postingFrom,permalink,shortDescription,postingDate,mailToLink,driver,from,leaving,to
dport to dayton to detroit and back (davenport),quadcities,http://quadcities.craigslist.org/rid/3412603223.html,"heading out saturday to dayton,oh stopping in detroit,mi on sunday and returning to davenport on monday. rideshares welcome.",2012-11-15T17:55:05-06:00,emailnotfound,TRUE,quadcities,2012-11-19T17:55:05-06:00,dayton
moline to chicago to pittsburg to baltimore this tuesday (i-280),quadcities,http://quadcities.craigslist.org/rid/3402785273.html,"my brother and i are going back home a little early for the holidays. we'll be leaving tuesday the 13th, and will be in the quad cities around 10 am. if you need a ride anywhere en route, it'll be about $15 for every 200 miles, assuming gas is split  [...]",2012-11-11T15:52:24-06:00,emailnotfound,TRUE,quadcities,2012-11-13T15:52:24-06:00,chicago
headed to chicago,quadcities,http://quadcities.craigslist.org/rid/3370670710.html,"full size truck going to chicago. i can tow a trailer, dolly, anything. have room for 2 passengers, and lots of cargo. trying to leave asap. can drop off anywhere along the way. 702.900.7992. 
in las vegas now",2012-10-28T12:32:44-05:00,emailnotfound,TRUE,quadcities,2012-10-28T12:32:44-05:00,chicago
