title,postingFrom,permalink,shortDescription,postingDate,mailToLink,driver,from,leaving,to
ride offer to portland sunday 11/18 (or to tacoma washington),eugene,http://eugene.craigslist.org/rid/3417926642.html,safe friendly ride with me and a dog to either portland or all the way to tacoma wa. ride is $15 to portland more to tacoma sunday 11/17 today early afternoon no smokers in the car room in trunk for average sized bags but not for anything big. send y [...],2012-11-18T03:18:17-08:00,emailnotfound,TRUE,eugene,2012-11-18T03:18:17-08:00,portland
need ride to bend tuesday or wednesday (eugene (campus area)),eugene,http://eugene.craigslist.org/rid/3417567098.html,"21 year old college student looking to hitch a ride back to bend for the holiday! i'm more than happy to pitch in for half the gas and my cargo will include a bag and a guitar. please let me know if you can offer a ride! 
-dan",2012-11-17T19:16:54-08:00,emailnotfound,FALSE,eugene,2012-11-20T19:16:54-08:00,bend
ride offer: eugene to portland 11/21 (campus),eugene,http://eugene.craigslist.org/rid/3417494781.html,"i'm a uo student and will be going to portland after my class on wednesday @ 2 pm. 
i have 3 seats available, $15 a person and i can pick you up and drop you off wherever. 
call/text 971-340-8926 ",2012-11-17T18:24:51-08:00,emailnotfound,TRUE,eugene,2012-11-21T18:24:51-08:00,portland
ride offered: eugene to roseburg 11/20,eugene,http://eugene.craigslist.org/rid/3417216554.html,"ride offered from eugene to roseburg, leaving on tuesday. we'll probably be in the area around 2pm to 4pm. there will be 2 dogs and 1 cat riding in the car. the dogs will be loose, but will sleep most of the way. there will be some room for luggage,  [...]",2012-11-17T15:39:30-08:00,emailnotfound,TRUE,eugene,2012-11-20T15:39:30-08:00,roseburg
do you need a ride? local or not willing to travel if you have gas $ (eug/spring/corv ),eugene,http://eugene.craigslist.org/rid/3389248904.html,"hey so i am low on money and have a decent size newer van that can fit alot of stuff in it. i am not really trying to load it with people as that would be a risk to me and you and i am not licensed to be a taxi,however i am insured and would love to  [...]",2012-11-17T15:08:48-08:00,emailnotfound,FALSE,eugene,2012-11-19T15:08:48-08:00,travel
**ride needed today!** eugene to portland.  i have gas money!,eugene,http://eugene.craigslist.org/rid/3416898627.html,"like the title says, i need a ride to portland this evening. my ride fell apart on me, and so i need to get up there asap. 
i'm mostly quiet, i keep to myself, and i have gas money. what more could you ask? 
call me at 541 513 3041 if you can help! 
 [...]",2012-11-17T13:07:02-08:00,emailnotfound,FALSE,eugene,2012-11-17T13:07:02-08:00,portland.
ride offered to med/gp/ashland fri 11/23 (eugene to medford/ashland),eugene,http://eugene.craigslist.org/rid/3416861081.html,"driving from eugene to southern oregon. leaving about 5:30-6:00 pm. 
room for 1 or 2 riders and gear. experienced rideshare driver. 
traveling on friday nov. 23rd. share gas cost.",2012-11-17T12:51:00-08:00,emailnotfound,TRUE,eugene,2012-11-23T12:51:00-08:00,med/gp/ashland
ride offered to portland mon 11/19 (eugene to portland),eugene,http://eugene.craigslist.org/rid/3411742253.html,"ride offered from eugene to portland mon 11/19. time flexible. 
room for 1 or 2 riders and gear.return available 11/23. 
experienced rideshare driver. email if interested.",2012-11-17T12:38:58-08:00,emailnotfound,TRUE,eugene,2012-11-19T12:38:58-08:00,portland
need ride from grants pass to eugene on tuesday or wensday (grants pass),eugene,http://eugene.craigslist.org/rid/3416685501.html,hi. need a ride from grants pass up to eugene for thanksgiving. have gas money and a valid drivers liscence. thank you very much in advance!,2012-11-17T11:38:58-08:00,emailnotfound,FALSE,eugene,2012-11-19T11:38:58-08:00,eugene
offered: eugene to corvallis (sat) @ noon (downtown),eugene,http://eugene.craigslist.org/rid/3416581886.html,"heading up that direction around noon. also making stops in monmouth, albany sheraton and such. i am distributing marketing materials so this might not be the fastest ride ever after corvallis. 
call: 541-514-o688",2012-11-17T10:58:17-08:00,emailnotfound,TRUE,eugene,2012-11-19T10:58:17-08:00,corvallis
riders wanted.   down i-5 to socal,eugene,http://eugene.craigslist.org/rid/3416270533.html,i am heading to the palmdale area. i will be leaving around three pm on the 21st and i would like to drive through the night. i will be returning sunday morning to come back to eugene. just a thanksgiving turn around trip. if interested text me at 76 [...],2012-11-17T08:58:59-08:00,emailnotfound,TRUE,eugene,2012-11-18T08:58:59-08:00,socal
ride share: offer eugene to medford (eugene near i-5),eugene,http://eugene.craigslist.org/rid/3415685546.html,"i will be driving down from portland wednesday november 21st . leaving eugene no later then 4:00 pm. i do ride share quite often, college aged, easy going, easy riding. 
split gas and lets be cool 
i'm all for listing to all shorts of music. 
rage it [...]",2012-11-17T01:39:12-08:00,emailnotfound,TRUE,eugene,2012-11-21T01:39:12-08:00,medford
"ride offered eugene-&gt;portland, sun 11/18 (eugene river rd to se p-town)",eugene,http://eugene.craigslist.org/rid/3415613057.html,"hey there! 
i'm heading up to portland on sunday afternoon, probably around 3ish, and am already giving a ride to two other folks but have room for at least one more (and more if they end up not coming after all...). $15 for the ride, no smoking or d [...]",2012-11-16T23:31:03-08:00,emailnotfound,TRUE,eugene,2012-11-18T23:31:03-08:00,se
offering ride south (eugene to redding area),eugene,http://eugene.craigslist.org/rid/3415596670.html,"hola! i am heading south on the i-5 early sunday morning from eugene to the redding/chico area. i could pick folks up in grants pass, medford, ashland, or anywhere along i-5. i have a bunch of room so if you have gas money or super rad trades and you [...]",2012-11-16T23:08:45-08:00,emailnotfound,TRUE,eugene,2012-11-19T23:08:45-08:00,redding
"ride needed to omaha, nebraska, sunday 18th november (eugene)",eugene,http://eugene.craigslist.org/rid/3415555654.html,"hello, 
i'm seeking a rideshare for this sunday 18th november to omaha, nebraska for the holidays. 
if there's anyone out there making a trip like that pls e-mail me, if you include your number i'll give you a call. 
i can help with gas and i have a  [...]",2012-11-16T22:18:56-08:00,emailnotfound,FALSE,eugene,2012-11-18T22:18:56-08:00,omaha
ride needed the 17th or 18th to portland (eugene to portland),eugene,http://eugene.craigslist.org/rid/3415404141.html,my name is michael im a 22 year old artist. im looking to head home to portland tomorrow saturday the 17th or sunday the 18th. im traveling with one backpacking back pack. if you have room please cal me at 541 654 6919 asap. thanks and have a great d [...],2012-11-16T20:00:16-08:00,emailnotfound,FALSE,eugene,2012-11-16T20:00:16-08:00,portland
need ride to portland tonight,eugene,http://eugene.craigslist.org/rid/3415342359.html,i need to get to portland tonight. have gas money and can meet you anywhere in eugene. ,2012-11-16T19:14:58-08:00,emailnotfound,FALSE,eugene,2012-11-19T19:14:58-08:00,portland
need a ride from eugene to ashland on / or11/21/2012 (ashland/medford),eugene,http://eugene.craigslist.org/rid/3415215274.html,"hello, 
my name is alex. i am looking for a ride from eugene to the medford/ashland area on nov. 21. i will pay for gas. 
i live and work in a restaurant in eugene and need to get to ashland to spend thanksgiving with my sister. 
please give me a cal [...]",2012-11-16T17:52:27-08:00,emailnotfound,FALSE,eugene,2012-11-21T17:52:27-08:00,ashland
ride share wanted (springfield to eugene),eugene,http://eugene.craigslist.org/rid/3414843680.html,let's share a ride from springfield to eugene tuesday through saturdays from 32nd and main in sprgfld to valley river center 8:30 am to 5:30 pm i have a car we can use but we also can take your'd and we can share on gas money ..plz call david 541 606 [...],2012-11-16T14:43:19-08:00,emailnotfound,FALSE,eugene,2012-11-19T14:43:19-08:00,eugene
bend to eugene sun.11-25,eugene,http://eugene.craigslist.org/rid/3389808693.html,"hey! looking for a ride bend to eugene on sunday the 25th, i have gas money! really laid back, nice, ya dee ya da, let me know if you have an open seat! and again, i have gas money!! thank you! :) ",2012-11-16T14:35:12-08:00,emailnotfound,FALSE,eugene,2012-11-25T14:35:12-08:00,eugene
ride needed to seattle and back 11/21-11/25 (eugene),eugene,http://eugene.craigslist.org/rid/3414719847.html,"hello, my name is zena and i am looking for a ride up to seattle on wednesday 11/21. i cannot leave eugene until after 3:30pm due to my class schedule. if possible a ride back on sat or sun as well. i will definitely pay for a share of the gas. just  [...]",2012-11-16T13:50:16-08:00,emailnotfound,FALSE,eugene,2012-11-21T13:50:16-08:00,seattle
have empty pick-up going to gp (eug.spr./grants pass),eugene,http://eugene.craigslist.org/rid/3413796372.html,"i have an empty extra cab truck going to grants pass sunday the 18th. if you need something hauled or towed, $50 includes your share of the gas. $60 if you need hauled and towed, or $60 for round trip, (empty on return) i will not be staying for long [...]",2012-11-16T08:01:48-08:00,emailnotfound,TRUE,eugene,2012-11-18T08:01:48-08:00,gp
ride needed eugene to seattle 11 /21,eugene,http://eugene.craigslist.org/rid/3413692498.html,looking to go to seattle on 11/21 and back on 11/25 if possible.i. will pay for at least half of gas. i can be reached through texts or call 425931zero1zero3,2012-11-16T07:18:13-08:00,emailnotfound,FALSE,eugene,2012-11-21T07:18:13-08:00,seattle
eugene to pdx ride offered (psu (sw pdx)),eugene,http://eugene.craigslist.org/rid/3413257127.html,"i am traveling from south eugene to portland on friday 11/16, leaving eugene about 7:00 a.m. intended destination is downtown portland (at psu). i will take riders for money for fuel. call me at 541-844-5038. you can call me as early as 6:30 on frida [...]",2012-11-15T23:37:01-08:00,emailnotfound,TRUE,eugene,2012-11-16T23:37:01-08:00,pdx
ride offered sunday 11-18-12: eugene to seattle (eugene to seattle),eugene,http://eugene.craigslist.org/rid/3413245229.html,"i'm offering ride up to seattle this sunday. i have to be up in seattle by 6pm, so i cannot leave any where after 12pm at the very latest. i'm going up there to catch the seattle sounders game. i can offer a ride anywhere along i-5 up to downtown sea [...]",2012-11-15T23:20:26-08:00,emailnotfound,TRUE,eugene,2012-11-18T23:20:26-08:00,seattle
ride needed 11/21  eugene to astoria,eugene,http://eugene.craigslist.org/rid/3413243776.html,"hi, my name is ponce i'm 23 and i'm hoping to find a ride to astoria in time to have thanksgiving with my dad. ideally on wednesday 11/21, preferably in the evening. i'll only have one bag, i don't smoke. email or call/text 541- five20-eightytwenty.  [...]",2012-11-15T23:18:22-08:00,emailnotfound,FALSE,eugene,2012-11-21T23:18:22-08:00,astoria
i would love to catch a ride to portland with you.  friday 16. (eugene &gt; portland),eugene,http://eugene.craigslist.org/rid/3413228225.html,"hey folks, 
i'm trying to make it up to portland tomorrow evening in time to catch emmitt-nershi play at mississippi studios. 9:00 is when the show starts, but i can leave eugene as early as 1:00. if you could pick me up somewhere around the campus a [...]",2012-11-15T22:57:39-08:00,emailnotfound,TRUE,eugene,2012-11-15T22:57:39-08:00,catch
eugene to portland after game saturday,eugene,http://eugene.craigslist.org/rid/3413023610.html,"hey there, 
i am a college student that needs a ride to portland from eugene after the game on saturday! it will be me, one bag, and a bike. if you can fit me i will pitch in for gas and i would be very grateful! 
please email me asap! 
thanks, 
henr [...]",2012-11-15T19:52:47-08:00,emailnotfound,FALSE,eugene,2012-11-15T19:52:47-08:00,portland
need ride to medford/ashland - friday 11/16 (downtown eugene),eugene,http://eugene.craigslist.org/rid/3413022307.html,"hi! is anyone travelling south on the i-5 friday evening? i am looking for a ride to the medford/ashland area, leaving eugene on friday 11/16. can't leave until 4 or 5pm. i have gas money, and i'm a quiet, easy going, young male passenger with light  [...]",2012-11-15T19:51:55-08:00,emailnotfound,FALSE,eugene,2012-11-16T19:51:55-08:00,medford/ashland
uo student needs ride to portland (eugene/campus),eugene,http://eugene.craigslist.org/rid/3413001873.html,"hey, current uo student here looking for a ride to the portland/hillsboro area. i'm 22, male, and have money to pitch in for gas. i am looking to leave eugene around 11am, anything before that won't be possible because i have a morning class. 
if you [...]",2012-11-15T19:38:17-08:00,emailnotfound,FALSE,eugene,2012-11-19T19:38:17-08:00,portland
ride needed from eugene to san francisco (eugene),eugene,http://eugene.craigslist.org/rid/3412994077.html,hi. need a ride to san francisco on saturday or sunday. have gas money and a valid drivers liscence. thank you very much in advance. -mike,2012-11-15T19:33:18-08:00,emailnotfound,FALSE,eugene,2012-11-19T19:33:18-08:00,san
need ride san fran to eugene on tues 11/20 (san fransisco),eugene,http://eugene.craigslist.org/rid/3412984065.html,hi. need a ride to eugene for thanksgiving. . have gas money and valid drivers liscence. thank you in advance. -mike,2012-11-15T19:26:53-08:00,emailnotfound,FALSE,eugene,2012-11-20T19:26:53-08:00,eugene
ride needed to pdx asap (eugene),eugene,http://eugene.craigslist.org/rid/3412927863.html,i got stuck in eugene. i desperately need to get home to pdx tonight. i have gas money. ,2012-11-15T18:51:44-08:00,emailnotfound,FALSE,eugene,2012-11-15T18:51:44-08:00,pdx
ride offered to pdx tomorrow morning,eugene,http://eugene.craigslist.org/rid/3412917807.html,"hey there, 
i'm leaving eugene around 9am on friday and driving to seattle via portland. 
i have room for one or two more people at a squeeze. 
can pick up either downtown or campus area. 
shoot me and email with your ph # and i will call or text to  [...]",2012-11-15T18:45:35-08:00,emailnotfound,TRUE,eugene,2012-11-15T18:45:35-08:00,pdx
rideshare from eugene to portland needed (eugene),eugene,http://eugene.craigslist.org/rid/3412492252.html,"i am looking for a rideshare from eugene, or to portland, or on saturday the 17th november. i'm from germany traveling in the us right now and i'd have a backpack which is quite big ( but not too big :-)) as my luggage. i'd be really happy to find a  [...]",2012-11-15T15:03:16-08:00,emailnotfound,FALSE,eugene,2012-11-17T15:03:16-08:00,portland
offer: 2 seats to seattle 11/16 (eugene),eugene,http://eugene.craigslist.org/rid/3412440510.html,"two seats open to seattle. $50 a seat. don't mind smoking. room for a bag or two. leaving 11/16 a.m. 
email your name and number. ",2012-11-15T14:40:06-08:00,emailnotfound,TRUE,eugene,2012-11-16T14:40:06-08:00,seattle
need ride to portland friday the 16th (eugene to portland),eugene,http://eugene.craigslist.org/rid/3412379202.html,"hey hey, 
i'm looking for a ride tomorrow (friday) to the middle of portland. i cant leave before 1:00 and i'd like to be there by 6:30 -- or 8 or 9 at the very latest. i've got a backpack and i can pay $5-10 for gas. 
thanks heaps. ",2012-11-15T14:12:57-08:00,emailnotfound,TRUE,eugene,2012-11-15T14:12:57-08:00,portland
offer: eugene to portland sat. 11/17,eugene,http://eugene.craigslist.org/rid/3387477410.html,"room for two passengers plus one bag each eugene to portland or any point within 10 minutes' drive of our route. we leave the morning of saturday, nov. 17. queer-friendly riders, please. gas share requested: $10. call or text 206-369-4669. ",2012-11-15T13:21:47-08:00,emailnotfound,TRUE,eugene,2012-11-17T13:21:47-08:00,portland
ride needed: eugene to ashland wed. nov 21st,eugene,http://eugene.craigslist.org/rid/3412096988.html,"hi, 
i'm trying to get from eugene to ashland for thanksgiving. i'm hoping to leave wednesday morning, but i am flexible with time. i'm happy to pitch in for gas. let me know if you're heading south next week! 
thanks, 
jamina",2012-11-15T12:14:45-08:00,emailnotfound,FALSE,eugene,2012-11-21T12:14:45-08:00,ashland
eugene to klamath falls 11/21,eugene,http://eugene.craigslist.org/rid/3391504584.html,"i am driving to kf for thanksgiving and will be returning on sunday the 25th. if you want a ride and can help with gas, call or email. 
541-913-0688",2012-11-15T12:06:46-08:00,emailnotfound,FALSE,eugene,2012-11-21T12:06:46-08:00,klamath
"looking for a ride to seattle area 11/24 (eugene or) (eugene, oregon)",eugene,http://eugene.craigslist.org/rid/3412018349.html,"anyone in eugene headed to seattle (or close) around 11/24? 
i'm a road-tripper looking to join in on the ride -- got no hang ups and i take up little space. just me, my backpack and any $$ you need. ",2012-11-15T11:43:51-08:00,emailnotfound,TRUE,eugene,2012-11-24T11:43:51-08:00,seattle
ride offered: today 11/15: eugene to portland leaving at 10am (eugene to portland),eugene,http://eugene.craigslist.org/rid/3411456894.html,"ride thursday 11/15: eugene to portland departing at 10am 
hey there, 
we'll be heading up to portland (leaving at 10am) in our subaru outback and have room for 2 passengers and whatever things you'd like to put in back. 
give me a call or text and w [...]",2012-11-15T08:13:30-08:00,emailnotfound,TRUE,eugene,2012-11-15T08:13:30-08:00,portland
"eugene to ,n.carolina (charlotte)",eugene,http://eugene.craigslist.org/rid/3410939599.html,"i will b leaving eugene november 20/21. i will b driving in a toyota rv. room for 2 or three riders, pets okay. i plan to take the southern route ans take my time. i need help with gas. flexible.",2012-11-14T23:42:07-08:00,emailnotfound,TRUE,eugene,2012-20-21T23:42:07-08:00,n.carolina
ride offered - eugene to rathdrum on wed 11/21 (eugene),eugene,http://eugene.craigslist.org/rid/3410926145.html,"i'm offering a ride from eugene to rathdrum. 
leaving november 21st returning november 25th. price negotiable i'm not a morning person, so as much as i love conversation, if you ride with me in the early hours don't expect me to be crazy talkative. i [...]",2012-11-14T23:20:03-08:00,emailnotfound,TRUE,eugene,2012-11-21T23:20:03-08:00,rathdrum
wanted: eugene to seattle 11/21 (campus),eugene,http://eugene.craigslist.org/rid/3410906153.html,"hey there, 
i am a student looking for a ride up to seattle to have thanksgiving dinner with my family, and i can certainly help with gas! 
thanks a bunch! 
~seed 
503-504-6616",2012-11-14T22:51:06-08:00,emailnotfound,FALSE,eugene,2012-11-21T22:51:06-08:00,seattle
uo student needing a ride from bay area to eugene on 11/25 (eugene),eugene,http://eugene.craigslist.org/rid/3410840817.html,"i am looking for a ride up to eugene from somewhere near the bay area (sacramento area works, too) on sunday, november 25th. monday 11/26 would also work but i'd prefer sunday, if possible.",2012-11-14T21:34:20-08:00,emailnotfound,FALSE,eugene,2012-11-25T21:34:20-08:00,eugene
ride offered to medford 11/22 (i-5 s),eugene,http://eugene.craigslist.org/rid/3410815883.html,"i'm renting a car and driving from newport, via corvallis, down i-5 to the medford area on thanksgiving day. i'm looking for one or two good people to share gas and make the drive a little more interesting. i'm planning on leaving newport around 9 or [...]",2012-11-14T21:10:15-08:00,emailnotfound,TRUE,eugene,2012-11-22T21:10:15-08:00,medford
so. calif. ride offer 4 thanksgiving (roseburg to san diego &amp; back),eugene,http://eugene.craigslist.org/rid/3386169935.html,"i have room for a rider needing to go to so. calif. leaving for san diego on nov. 20th. you will have to meet up with me in roseburg to get the ride. help with vehicle expenses gets you the passenger seat, $90. can be a return trip, coming back monda [...]",2012-11-14T18:22:27-08:00,emailnotfound,TRUE,eugene,2012-11-20T18:22:27-08:00,san
ride offered - eugene to seattle on wed 11/21 (eugene),eugene,http://eugene.craigslist.org/rid/3410172810.html,"i'm offering a ride from eugene to seattle. 
leaving november 21st. i can listen to anything, but i prefer up-beat travel music. sometimes talking, sometimes not. we travel with zipcar - enjoy the ride =) contact me on zimride: http://www.zimride.com [...]",2012-11-14T14:54:13-08:00,emailnotfound,TRUE,eugene,2012-11-21T14:54:13-08:00,seattle
ride needed to portland 11/15 (eugene),eugene,http://eugene.craigslist.org/rid/3409863211.html,"hello! 
im looking for a ride to portland tomorrow (11/15), hopefully arriving there before noon. i can meet you anywhere and can chip in for gas. please let me know if you can help! 
thanks :)",2012-11-14T12:46:53-08:00,emailnotfound,FALSE,eugene,2012-11-15T12:46:53-08:00,portland
"ride needed to either omaha, ne or kansas city, mo (eugene)",eugene,http://eugene.craigslist.org/rid/3409634529.html,"i'm trying to get from the eugene/portland, or area to either omaha, ne or kansas city, mo. i won't be able to leave until around november 21st, but my schedule is mildly flexible. i have a premier aaa membership that i would be happy to use if anyth [...]",2012-11-14T11:21:50-08:00,emailnotfound,FALSE,eugene,2012-11-21T11:21:50-08:00,either
need ride to ashland11/16 or 11/18 (eugene),eugene,http://eugene.craigslist.org/rid/3409622431.html,"i am a mature, responsible, clean and friendly woman 
looking for a ride on friday from eugene to ashland 
on this day i will be traveling with my 5 yr old son who is also very well behaved 
we will have little luggage.. 
if i cant get a ride on frid [...]",2012-11-14T11:17:27-08:00,emailnotfound,FALSE,eugene,2012-11-16T11:17:27-08:00,ashland11/16
