title,postingFrom,permalink,shortDescription,postingDate,mailToLink,driver,from,leaving,to
will transport vehicle to texas,juneau,http://juneau.craigslist.org/rid/3374103481.html,"we are traveling to texas december 15th and will take your vehicle down, part or all of the way. 
let me know if you need something hauled or a vehicle taken down that direction.",2012-10-29T20:33:58-08:00,emailnotfound,FALSE,juneau,2012-12-15T20:33:58-08:00,texas
need to haul freight to skagway (juneau),juneau,http://juneau.craigslist.org/rid/3344992824.html,"will be in juneau and need a few items to large for plane to be taken by pick-up to skagway this weekend(oct 19, 20 or 21st). 
emaill me if you are able to help. 
thank you",2012-10-17T06:15:15-08:00,emailnotfound,TRUE,juneau,2012-10-19T06:15:15-08:00,haul
