title,postingFrom,permalink,shortDescription,postingDate,mailToLink,driver,from,leaving,to
ride offered - st louis to allentown on mon 11/19 (st louis),stlouis,http://stlouis.craigslist.org/rid/3417944820.html,"i'm offering a ride from st louis to allentown. 
leaving november 19th. non stop drive from lake of the ozarks, mo to allentown, pa. (through indianapolis, columbus, pittsburgh, etc.) driving i-70 the entire route. only room for one (1) passenger. mu [...]",2012-11-18T05:54:40-06:00,emailnotfound,TRUE,stlouis,2012-11-19T05:54:40-06:00,allentown
"ride offered to laredo n back (st louis, mo)",stlouis,http://stlouis.craigslist.org/rid/3417620440.html,"i plan on leaving sunday evening , i work until 4pm sunday, 
will be stopping at nueva laredo for 1 hr, (not an extended stay at all) driving in my jeep wrangler, so not the most comfortable ride, and only 16mpg, so if anyone can help! looking to sav [...]",2012-11-17T21:59:11-06:00,emailnotfound,TRUE,stlouis,2012-11-18T21:59:11-06:00,laredo
monday 11/19 early am st louis to columbia,stlouis,http://stlouis.craigslist.org/rid/3407843940.html,"i am leaving st louis around 7:30 am to 8:00 am monday 11/19 to go to the columbia mo area 
(meaning any place between st louis and columbia) . for $30.00 for fuel i will take you anywhere 
in the columbia area. if interested call jim for arrangement [...]",2012-11-17T19:26:27-06:00,emailnotfound,TRUE,stlouis,2012-11-19T19:26:27-06:00,columbia
need ride from st. louis to fl (ready to roll and will pay for gas! :)),stlouis,http://stlouis.craigslist.org/rid/3416509408.html,"my husband and son need a ride from stl to florida (any city in fl will do! we'll pick them up on this end!) they have money for gas! they're hoping to come home for thanksgiving to visit with the ""army grandkids"" before they move to wa state! please [...]",2012-11-17T12:30:22-06:00,emailnotfound,FALSE,stlouis,2012-11-19T12:30:22-06:00,fl
need ride from st. charles to cape girardeau (st. charles to cape),stlouis,http://stlouis.craigslist.org/rid/3413918779.html,"i'm looking for a ride from st. charles to cape girardeau for 2 medium-sized bags of baby clothes for my friend. nothing fishy, you can inspect everything. gas $ offered. anytime between 11/17/12-1/1/13. the sooner, the better.",2012-11-16T10:48:18-06:00,emailnotfound,FALSE,stlouis,2012-11-17T10:48:18-06:00,cape
"ride offered: stl. to breckenridge, co (stl city)",stlouis,http://stlouis.craigslist.org/rid/3413618919.html,"boy and dog headed west late sunday evening. planning on driving through the night to arrive monday morning. room for one or two people with stuff. 
car is a honda civic, but perhaps we can work it out somehow if you have lots of stuff or a dog. 
wou [...]",2012-11-16T08:43:29-06:00,emailnotfound,TRUE,stlouis,2012-11-19T08:43:29-06:00,breckenridge
ride offered--stl to new orleans (united states),stlouis,http://stlouis.craigslist.org/rid/3413128771.html,"leaving for new orleans on friday (11/16). hoping to leave late afternoon and drive through the night, looking to share the cost of gas! can take two people",2012-11-15T23:14:23-06:00,emailnotfound,TRUE,stlouis,2012-11-16T23:14:23-06:00,new
stl to des moines fri,stlouis,http://stlouis.craigslist.org/rid/3410294721.html,"driving from st. louis to des moines, ia friday 16 nov evening. leaving around 5:30 or 6 pm from south city, will return sometime late afternoon on sunday. help with gas, and we can't smoke in my car. email me with your phone number if interested.",2012-11-14T17:50:48-06:00,emailnotfound,FALSE,stlouis,2012-11-16T17:50:48-06:00,des
ride offered - st louis to denver on wed 11/14 (st louis),stlouis,http://stlouis.craigslist.org/rid/3408769368.html,"i'm offering a ride from st louis to denver. 
leaving november 14th. contact me on zimride: http://www.zimride.com/ride/share?ride=530685 ",2012-11-14T07:13:15-06:00,emailnotfound,TRUE,stlouis,2012-11-14T07:13:15-06:00,denver
do you need a ride? leaving st charles passing through bowling green  (hanibal quincy and on to keokuk),stlouis,http://stlouis.craigslist.org/rid/3407517466.html,"headed from st charles/st louis to keokuk iowa.. on monday night or tuesday the 20th..(flexible) coming back friday morning or evening not important 23th 
gas contribution no driving i speed (75)i do not like to stop and i do not allow smoking or alc [...]",2012-11-13T15:07:19-06:00,emailnotfound,TRUE,stlouis,2012-11-20T15:07:19-06:00,keokuk
saint louis to iowa city- thanksgiving (iowa city ia),stlouis,http://stlouis.craigslist.org/rid/3406543483.html,"saint louis university student (male) needs share ride to iowa city for thanksgiving break. will pay $60 for gas. traveling the afternoon of november 20 and returning november 25. 
also looking for a ride home for christmas break - 
send and email or [...]",2012-11-13T09:04:09-06:00,emailnotfound,FALSE,stlouis,2012-11-20T09:04:09-06:00,iowa
need a free ride to peoria il asap!,stlouis,http://stlouis.craigslist.org/rid/3404521756.html,i'm jut lookin for anybody traveling to peoria il can i please ride with you..i'm broke..i have no place to stay nor money n need to get back home..so anybody with a good heart please help,2012-11-12T11:59:50-06:00,emailnotfound,FALSE,stlouis,2012-11-12T11:59:50-06:00,peoria
stl to san antonio dec 6-9 (stl),stlouis,http://stlouis.craigslist.org/rid/3394252429.html,"goin to san antonio december 6 comin back on december 9, lookin for someone to help with drivin (stick shift) and gas... can drop off anywhere along the way...636-235-6109 ",2012-11-07T19:46:06-06:00,emailnotfound,TRUE,stlouis,2012-12-06T19:46:06-06:00,san
driving i-70 to i-69north (saint louis ),stlouis,http://stlouis.craigslist.org/rid/3392462625.html,"driving to michigan via indianapolis november 21st coming back november 25th to saint louis. 
i have 2012 equinox just help with gas. must be non smoker. 
just shoot me an email if this fits what you are looking for.",2012-11-07T06:40:50-06:00,emailnotfound,TRUE,stlouis,2012-11-21T06:40:50-06:00,i-69north
"seeking ride from stl to nashville, 11/23 or 11/24 (saint louis to nashville, tn)",stlouis,http://stlouis.craigslist.org/rid/3391845348.html,"hello, 
i am looking for a ride from saint louis to nashville after thanksgiving on either the 23rd or 24th of november. 
i am a 26 year old, well-mannered male. will help with gas. 
thanks!",2012-11-06T19:13:33-06:00,emailnotfound,FALSE,stlouis,2012-11-23T19:13:33-06:00,nashville
ride offered 11/11 st louis to seattle,stlouis,http://stlouis.craigslist.org/rid/3384137285.html,"ride offered 11/11 st louis to seattle 
cost is $160 = 1/2 of gas 
call 850-866-9040",2012-11-06T11:36:09-06:00,emailnotfound,TRUE,stlouis,2012-11-11T11:36:09-06:00,seattle
st. louis to nashville (st. louis to nashville),stlouis,http://stlouis.craigslist.org/rid/3385412385.html,"i am passing through st. louis in route to nashville on tuesday no later than wednesday. i have some other craigslist riders i am dropping off in st. louis and one staying on till nashville. let me know if you need a ride and can help with gas. 
zach [...]",2012-11-04T01:21:45-05:00,emailnotfound,TRUE,stlouis,2012-11-06T01:21:45-05:00,nashville
street musician needs ride to new orleans or cali,stlouis,http://stlouis.craigslist.org/rid/3383844229.html,hello. my name is tony street. im a street musician lookin to go either to new orleans or cali. i make money playing music. i have some gas money and food stamps. looking to leave st louis as soon as possible. its cold and no crowds for me to perform [...],2012-11-03T10:56:54-05:00,emailnotfound,FALSE,stlouis,2012-11-05T10:56:54-05:00,new
need a ride to post. (lampart international),stlouis,http://stlouis.craigslist.org/rid/3383068468.html,"i just had surgery last week, i had to fly out the next day. i couldn't drive up, so now i will be stranded in st. louis tomorrow with no ride. 
i'm 20. i am military and trying to get back to fort leonard wood. i need all the help i can get. i will  [...]",2012-11-02T22:25:47-05:00,emailnotfound,FALSE,stlouis,2012-11-02T22:25:47-05:00,post.
"st. loius to washington, dc, monday (dc)",stlouis,http://stlouis.craigslist.org/rid/3381777677.html,"driving from st. louis to washington, dc on monday. i can stop any where a long the way...indiana, ohio, pittsburgh... 
call or text: 410.two.nine.two.2049 ",2012-11-02T12:14:35-05:00,emailnotfound,TRUE,stlouis,2012-11-05T12:14:35-05:00,washington
ride offered: st. louis to nashville (st. louis to nashville),stlouis,http://stlouis.craigslist.org/rid/3372686777.html,"will be passing through st. louis around november 3rd more or less with my final destination being nashville. 
call me if you need a ride and have gas money to contribute. 
zach 
972-977-0410",2012-10-29T11:56:38-05:00,emailnotfound,TRUE,stlouis,2012-11-03T11:56:38-05:00,nashville
leaving nov. 2nd to cali (potosi),stlouis,http://stlouis.craigslist.org/rid/3368494449.html,"i am leaving st.louis fri. the 2nd around noon. heading through mo.-ks.-co.-ut.-nv. have room 
for two. looking for a cheap ride,this is it!!!! also 420 friendly, and on and on!!!! 
brand new crew cab truck, so i have room for some baggage too! 
e-ma [...]",2012-10-27T10:46:43-05:00,emailnotfound,TRUE,stlouis,2012-11-02T10:46:43-05:00,cali
"st louis to des moines, to mn (stl - mn)",stlouis,http://stlouis.craigslist.org/rid/3367172382.html,"i will be leaving tomorrow sometime to mn. i can go through iowa city, des moines, or whatever is on the route. 
ending up in mankato, mn. ",2012-10-26T16:37:30-05:00,emailnotfound,TRUE,stlouis,2012-10-26T16:37:30-05:00,des
"st. louis to east coast (ny, dc)",stlouis,http://stlouis.craigslist.org/rid/3365061864.html,"traveling to ny, then dc and possibly florida. will be passing through st. louis tonight or tomorrow. i have space for 1 or 2 with some gear. i might be able to also manage a pet. 
i can stop any place along the way that makes sense. 
text, call, and [...]",2012-10-25T17:52:40-05:00,emailnotfound,TRUE,stlouis,2012-10-25T17:52:40-05:00,east
ride offered: stl to nwa oct 26 (stl to fsm/fayetteville),stlouis,http://stlouis.craigslist.org/rid/3362885904.html,"on friday afternoon, i'm driving a fuel-efficient 2011 nissan sentra from st. louis/brentwood to ft. smith, ar for a friend's wedding this weekend. i can drop someone off anywhere along the way (springfield, bentonville, fayetteville). if you want to [...]",2012-10-24T19:26:19-05:00,emailnotfound,TRUE,stlouis,2012-10-26T19:26:19-05:00,nwa
ride offer - heading to florida,stlouis,http://stlouis.craigslist.org/rid/3361920267.html,"heading to florida via 1-70 east. 
leaving thursday, 10/25 and driving straight to gainesville. 
can pick up or drop off anywhere along the interstate. 
call/text: 225 329 four eight 20 
or 814 558 six six 10 ",2012-10-24T12:43:39-05:00,emailnotfound,TRUE,stlouis,2012-10-25T12:43:39-05:00,florida
"st. louis to boston/providence, ride needed (st. louis)",stlouis,http://stlouis.craigslist.org/rid/3355517661.html,i am considering visiting my sister in providence for some portion of my spring break (i am a teacher). my break is march 16th-24th and i would love to find someone going to the northeast and coming back in that time frame. i can be flexible on the d [...],2012-10-21T19:34:52-05:00,emailnotfound,FALSE,stlouis,2012-03-16T19:34:52-05:00,boston/providence
"driving from stl to fort wayne, in. can give ride to chicago or in btw (st. louis)",stlouis,http://stlouis.craigslist.org/rid/3349861480.html,"leaving stl around 2-3pm this saturday (10/21) and driving to fort wayne, in. i'll probably stop for dinner around 7pm for about 
i can give you a ride to anywhere in between, like chicago or indianapolis. 
we'll just split gas. it'll probably be aro [...]",2012-10-19T10:05:04-05:00,emailnotfound,TRUE,stlouis,2012-10-21T10:05:04-05:00,fort
"need furniture moved to stockton, ca (rolla, mo)",stlouis,http://stlouis.craigslist.org/rid/3346800189.html,"we have recently moved from rolla, missouri to stockton, ca. if someone is heading towards stockton and has room in a moving truck we have a few items that we left in rolla that need to be moved. among those items are a large dining table+chairs, a r [...]",2012-10-17T22:14:43-05:00,emailnotfound,TRUE,stlouis,2012-10-22T22:14:43-05:00,stockton
need ride to airport (lake st. louis),stlouis,http://stlouis.craigslist.org/rid/3346292197.html,"i need a ride to the airport on tuesday, october 23. my flight is at 9am, and as long as i get there before 8am, i don't care what time before. i just wanted to see if someone may be going to work early and i could possibly catch a ride. i am staying [...]",2012-10-17T17:33:04-05:00,emailnotfound,FALSE,stlouis,2012-10-23T17:33:04-05:00,airport
need a ride from stl to farmington monday...please,stlouis,http://stlouis.craigslist.org/rid/3346271680.html,"i need a ride to a doctors appointment on monday in leadington missouri at noon ..... i will be leaving from south city st. louis 
i am a 24 year old white male ... drug free good person :) please call 314 583 97five9 if u could help me out ..... tha [...]",2012-10-17T17:23:42-05:00,emailnotfound,FALSE,stlouis,2012-10-22T17:23:42-05:00,farmington
looking for a ride to springfield mo (stl),stlouis,http://stlouis.craigslist.org/rid/3345072753.html,i will b arriving at the train station at 1240 pm monday if anyone will be heading to springfield me and a girlfriend of mine would like to catch a ride. we have a little money for gas or can work something out. email me and lets work something out t [...],2012-10-17T09:49:39-05:00,emailnotfound,FALSE,stlouis,2012-10-22T09:49:39-05:00,springfield
