title,postingFrom,permalink,shortDescription,postingDate,mailToLink,driver,from,leaving,to
ride needed from medford to fremont ca (bay area) on november 23rd (medford),medford,http://medford.craigslist.org/rid/3408173645.html,ride needed from medford to fremont ca (bay area) on the 23rd of november.i can pay $40 cash. please contact abe @541-512-1644 thank you.,2012-11-17T23:34:49-08:00,emailnotfound,FALSE,medford,2012-11-23T23:34:49-08:00,fremont
sunday ride offer grants pass to seattle (grants pass),medford,http://medford.craigslist.org/rid/3417763073.html,"heading north sunday from grants pass up past seattle 
help with gas",2012-11-17T22:20:52-08:00,emailnotfound,TRUE,medford,2012-11-18T22:20:52-08:00,seattle
ashland to lake county (ukiah),medford,http://medford.craigslist.org/rid/3417471255.html,"lift-off tomorrow morning, share the ride?? call garrett @503.505.6952",2012-11-17T18:09:02-08:00,emailnotfound,TRUE,medford,2012-11-17T18:09:02-08:00,lake
ashland to shasta tomorrow! (mt.shasta),medford,http://medford.craigslist.org/rid/3417464018.html,pulling up anchor first thing tomorrow... share the ride? call garrett @503.505.6952,2012-11-17T18:04:15-08:00,emailnotfound,TRUE,medford,2012-11-17T18:04:15-08:00,shasta
share ride to redding 11/19 (meddy/ashland/g.p/),medford,http://medford.craigslist.org/rid/3349533753.html,"hi! i'm mark! share the ride and adventure from medford/ashland/grants pass to redding on monday, november 19th!!! i'm a chill,mellow, 420-tolerant (just not in the car) alumnus from s.o.u. heading down to pick up my car from the shop. my number is ( [...]",2012-11-17T14:31:03-08:00,emailnotfound,TRUE,medford,2012-11-19T14:31:03-08:00,redding
grants pass to rogue river,medford,http://medford.craigslist.org/rid/3417041688.html,"need ride every monday, wednesday, & friday from rogue river to grants pass at 8:15 am 
and from grants pass to rogue river at 2:00 pm. 
will pay for all gas. grants pass location is very near exit 55.",2012-11-17T14:12:05-08:00,emailnotfound,FALSE,medford,2012-11-19T14:12:05-08:00,rogue
"offered: s.f. bay area -&gt; medford, sun 11/18 (oakland to medford)",medford,http://medford.craigslist.org/rid/3416932602.html,"offered: ride from s.f. bay area to medford area. can pick up or drop off any reasonable points in between. leaving oakland sunday, 11/17 mid morning to early afternoon. can seat 1-2 more people. looking for riders to share gas, stories, and snacks.  [...]",2012-11-17T13:22:07-08:00,emailnotfound,TRUE,medford,2012-11-18T13:22:07-08:00,medford
grants pass to seattle or anywhere in between (grants pass),medford,http://medford.craigslist.org/rid/3416685218.html,"i will be leaving grants pass early wednesday morning around 7am (firm on time). heading north to seattle and can drop you off anywhere in between as long as its close to i-5. gas money will vary. 
bit about me: late twenties male, massage therapist, [...]",2012-11-17T11:38:51-08:00,emailnotfound,TRUE,medford,2012-11-19T11:38:51-08:00,seattle
"""trying to get home"" (ashland/bayarea)",medford,http://medford.craigslist.org/rid/3416459598.html,anyone coming to the bayarea? my son goes to sou and needs and ride to the bay. he can leave the afternnoon of 11/20 or anytime on 11/21. he does not drive but makes for good company. and if your are going back to the ashland/medford area 11/24 or 11 [...],2012-11-17T10:11:32-08:00,emailnotfound,FALSE,medford,2012-11-20T10:11:32-08:00,get
ride: grants pass to pdx 11/17 please!,medford,http://medford.craigslist.org/rid/3415670511.html,"hey all, 
i am looking for a ride saturday 11/17 from grants pass ate to portlnd. 
easy going 28 yr old female. want to leave in the afternoon if possible. 
have gas $$$, of course. :) 
503 eight nine zero 5483. 
please text. 
j",2012-11-17T01:08:37-08:00,emailnotfound,FALSE,medford,2012-11-17T01:08:37-08:00,pdx
ride offered to portland mon 11/19 (medford/ashland to pdx/eugene),medford,http://medford.craigslist.org/rid/3410896359.html,"ride offered to portland/eugene area on monday 11/19. time flexible. 
room for 1 or 2 riders and gear. leaving from rogue valley. 
experienced rideshare driver. please email if interested. 
return available on friday 11/23.",2012-11-16T23:36:09-08:00,emailnotfound,TRUE,medford,2012-11-19T23:36:09-08:00,portland
ride offered to bay area 11/21 (applegate to berkeley),medford,http://medford.craigslist.org/rid/3415615535.html,ride offered from medford/ashland area to sf/east bay on wednesday 11/21. fun and friendly driver looking for company and help with gas $. want a ride?,2012-11-16T23:34:29-08:00,emailnotfound,TRUE,medford,2012-11-21T23:34:29-08:00,bay
ashland to portland nov 23rd or 24th,medford,http://medford.craigslist.org/rid/3415564580.html,"hello! 
i am going down to ashland to visit my family for thanksgiving and am searching for a ride back up to portland on friday the 23rd or saturday the 24th. i would prefer to leave friday because i have to be at work at 3:00 on saturday, but if so [...]",2012-11-16T22:29:08-08:00,emailnotfound,FALSE,medford,2012-11-23T22:29:08-08:00,portland
ride offered from ashland to portland 11/17,medford,http://medford.craigslist.org/rid/3376274879.html,"i'm leaving from ashland to portland wednesday 11/17 and have room for 1 to 2 people. 
i'm a easy going 25 year old male. 
must have pitch on gas. 
text or call if interested. 
530-617-2333",2012-11-16T21:50:04-08:00,emailnotfound,TRUE,medford,2012-11-17T21:50:04-08:00,portland
ride needed from cave junction to arcata nov 18th or 19th ,medford,http://medford.craigslist.org/rid/3415391534.html,"hi 
i would like to get to arcata after this weekend. i can contribute to fuel. 
thanks, 
gidon",2012-11-16T19:50:32-08:00,emailnotfound,FALSE,medford,2012-11-18T19:50:32-08:00,arcata
** do u need a ride or something towed to cali or phoenix?  (971-388-5955),medford,http://medford.craigslist.org/rid/3415256136.html,"i am leaving tomorrow (saturday) for phoenix. can take (1) passenger or tow something for u to california or arizona. can drop u in yreka,redding,sacramento, bakersfield, l.a., san diego, phoenix. no, $30-40 does not get u from medford to southern ca [...]",2012-11-16T18:17:24-08:00,emailnotfound,TRUE,medford,2012-11-16T18:17:24-08:00,cali
ride needed from medford to the bay area on the 23rd on november (medford),medford,http://medford.craigslist.org/rid/3415248257.html,hello i'm in need of a ride from medford to the bay area. fremont ca of the closest bart station. i have $40 for gas. i'm clean and cool. please contact abe @541-512-1644.,2012-11-16T18:12:28-08:00,emailnotfound,FALSE,medford,2012-11-19T18:12:28-08:00,the
offered: ashland to bay 11/17 or 18 (ashland),medford,http://medford.craigslist.org/rid/3415125537.html,"hey hey, heading down to berkeley this weekend, probably sunday. have room for 1. looking for gas $$ and good company... 
text me if interested! 
630-202-5633",2012-11-16T17:01:49-08:00,emailnotfound,TRUE,medford,2012-11-17T17:01:49-08:00,bay
ashland to portland-offered (ashland),medford,http://medford.craigslist.org/rid/3415016366.html,we are driving home for thanksgiving (portland area) on wednesday from ashland. room for one :),2012-11-16T16:05:09-08:00,emailnotfound,TRUE,medford,2012-11-21T16:05:09-08:00,portland-offered
"can you pull a trailor to san diego, or do you have a truck (medford)",medford,http://medford.craigslist.org/rid/3414948642.html,"i need to get moved to my new place in san diego as soon as possible. i have a few hundred to throw down for gas and i also have a cat. looking for someone who is gay friendly and up for a fun ride. message me for more details, thanks",2012-11-16T15:31:58-08:00,emailnotfound,FALSE,medford,2012-11-16T15:31:58-08:00,san
ashland to eugene or portland 11/19 $gas (ashland to portland),medford,http://medford.craigslist.org/rid/3414864528.html,"young fun married couple with puppy and prius. gas should be $30-$40. leaving monday morning before 11. no 420 please. electronic music, friendly conversation, or peace and quiet- you choose. ",2012-11-16T14:52:28-08:00,emailnotfound,TRUE,medford,2012-11-19T14:52:28-08:00,eugene
ride to portland 11/18  (williams),medford,http://medford.craigslist.org/rid/3414611725.html,"hey folks, 
i'm headed from williams to portland on sunday and would love to take riders who can chip in for car costs. 
i'm flexible on timing and can pick you up in ashland or anywhere north on the i5. 
best, kate",2012-11-16T13:06:28-08:00,emailnotfound,TRUE,medford,2012-11-18T13:06:28-08:00,portland
need ride ashland to brookings (ashland $40),medford,http://medford.craigslist.org/rid/3414516619.html,i need a ride from ashland to brookings. my preference is to go on sunday the 18th. i will pay $40 for expenses. if this is a possibility call brad 541.951.9958,2012-11-16T12:28:58-08:00,emailnotfound,FALSE,medford,2012-11-18T12:28:58-08:00,brookings
ride offered - ashland to sf on fri 12/7 (ashland),medford,http://medford.craigslist.org/rid/3414169197.html,"i'm offering a ride from ashland to san francisco. 
leaving december 7th returning december 10th. hey, driving in comfy volvo wagon, from ashland to san rafael in marin. great conversation, cool music, fun ride... contact me on zimride: http://www.zi [...]",2012-11-16T10:19:12-08:00,emailnotfound,TRUE,medford,2012-12-07T10:19:12-08:00,sf
ride wanted ashland to brookings (ashland $40),medford,http://medford.craigslist.org/rid/3413791157.html,i am looking for a ride to brookings from ashland. my first choice is to go on sunday the 18th. i would be happy to pay $40 for expenses and drive if you wish. my second choice is to go on monday. call brad @ 541.951.9958 if this might work for you ,2012-11-16T07:59:41-08:00,emailnotfound,FALSE,medford,2012-11-18T07:59:41-08:00,brookings
need a ride to eugene! (grants pass),medford,http://medford.craigslist.org/rid/3413759437.html,"hey! my girlfriend and i are stuck in grants pass, trying to get to eugene asap, we are in our early twenties and down for fun chill conversation and music, and have money to pitch for gas, shoot us a text at 480-452-9937 ",2012-11-16T07:46:51-08:00,emailnotfound,FALSE,medford,2012-11-16T07:46:51-08:00,eugene
reno/tahoe ride offer wed. 11/21 (grants pass to reno &amp; back),medford,http://medford.craigslist.org/rid/3413167923.html,"driving to reno wednesday, returning friday. help with gas gets you the ride, $35 reno, $40 tahoe. call martin 541-672-3345.",2012-11-15T21:50:22-08:00,emailnotfound,TRUE,medford,2012-11-21T21:50:22-08:00,reno
need ride to portland or eugene friday 11/16,medford,http://medford.craigslist.org/rid/3413113115.html,"hi! 
i am a kind sweet sister looking for a ride north to portland tomorrow (friday) but will also take a ride o eugene. i am trying to get to portland by friday eve for an herbalist conference. i am happy to help with gas money and can drive if u li [...]",2012-11-15T21:00:58-08:00,emailnotfound,FALSE,medford,2012-11-16T21:00:58-08:00,portland
ride offered: ashland to bay area 11/16 (ashland),medford,http://medford.craigslist.org/rid/3413046393.html,"i'm driving down south tomorrow, and will be leaving 10ish. destination san francisco or santa rosa/sebastopol area: whichever works best for you as i could go to either one first. $40 gas. seven o 7 three nine 6 eight 7 oh 7 (text would be best if e [...]",2012-11-15T20:09:03-08:00,emailnotfound,TRUE,medford,2012-11-16T20:09:03-08:00,bay
raid offered to berekely/oakland area 11/17,medford,http://medford.craigslist.org/rid/3412838357.html,taking off from grant pass about 9am 510-459-6404,2012-11-15T17:58:37-08:00,emailnotfound,TRUE,medford,2012-11-17T17:58:37-08:00,berekely/oakland
ride needed arcata to palm springs (palm springs),medford,http://medford.craigslist.org/rid/3412466171.html,"hi there, my name is shane and i go to humboldt state u. i am trying everything i can to get to palm springs for turkey day so thought i would post in oregon as well. i am looking to leave monday19th or tuesday. i can help with gas no problem and som [...]",2012-11-15T14:51:31-08:00,emailnotfound,FALSE,medford,2012-11-19T14:51:31-08:00,palm
offered to bay area 11/18 (ashland-berkeley),medford,http://medford.craigslist.org/rid/3412058737.html,"or any pickup/drop off points enroute. leaving ashland mid morn. down to earth middle-aged dad in volvo wagon. room for two, no dogs. will stop in shasta for water and food 
please call jason 510-692-2164",2012-11-15T11:59:35-08:00,emailnotfound,TRUE,medford,2012-11-18T11:59:35-08:00,bay
offered ride to cave junction tomorrow (fri) 11/16 (med/gp -&gt; cj),medford,http://medford.craigslist.org/rid/3411889056.html,"hello! 
i am headed to cave junction tomorrow, the 16th in the afternoon starting in medford leaving in the afternoon. $10 per person for gas and oil/car maintenance. room for a couple bags each, sorry no bikes or large pets (unless you have a bike r [...]",2012-11-15T10:55:11-08:00,emailnotfound,TRUE,medford,2012-11-16T10:55:11-08:00,cave
fri am ashland to sf ride offered (ashland to sf),medford,http://medford.craigslist.org/rid/3411733370.html,"driving in a pickup to sf, leaving around 10:00 am. call mat at 541 301 3863 friday november 16.",2012-11-15T09:57:46-08:00,emailnotfound,TRUE,medford,2012-11-16T09:57:46-08:00,sf
needed: ride to portland sunday (ashland),medford,http://medford.craigslist.org/rid/3411619952.html,"hey there. i need a ride from ashland to portland this sunday, 11/18. i have gas money and a valid drivers license. thanks 
928 853 onefive09",2012-11-15T09:16:11-08:00,emailnotfound,FALSE,medford,2012-11-18T09:16:11-08:00,portland
"ride needed to la tomorrow ($60 for gas)  (medford, or)",medford,http://medford.craigslist.org/rid/3410939347.html,"hello, 
i need to be back to work in simi valley, ca friday afternoon. i have made multiple rideshares and they have worked out perfect everytime. i will pay for a majority of the gas (up to $60). i am a golf professional, 26 years old, very clean an [...]",2012-11-14T23:41:45-08:00,emailnotfound,FALSE,medford,2012-11-14T23:41:45-08:00,la
offering ride to eugene portland thur 11/15 2 pm (ashland),medford,http://medford.craigslist.org/rid/3410939243.html,"2 pm at plaza. 
where to pick u up? and where r u going? more specific better. ph # helps. 
eug $20 
pdx east side $26 ",2012-11-14T23:41:35-08:00,emailnotfound,TRUE,medford,2012-11-15T23:41:35-08:00,eugene
wanted - ride to eugene thurs (medford),medford,http://medford.craigslist.org/rid/3410913171.html,"hello! i am looking for a ride north from medford on thursday the 15th of nov to eugene. i will contribute for fuel 20 buckaroos. please email me, i can leave anytime - the earlier the better. thank you.",2012-11-14T23:00:52-08:00,emailnotfound,FALSE,medford,2012-11-15T23:00:52-08:00,eugene
ride offered newport to medford 11/22 (i-5 s),medford,http://medford.craigslist.org/rid/3410800324.html,"i'm renting a car and driving from newport, via corvallis, down i-5 to the medford area on thanksgiving day. i'm looking for one or two good people to share gas and make the drive a little more interesting. i'm planning on leaving newport around 9 or [...]",2012-11-14T20:56:34-08:00,emailnotfound,TRUE,medford,2012-11-22T20:56:34-08:00,medford
ride offered: ashland to san francisco or santa rosa11/16 (ashland),medford,http://medford.craigslist.org/rid/3410752024.html,"hi, i'll be driving my van down to san francisco on friday morning and have room for three riders. i have room for a reasonable amount of luggage, and depending on how much stuff/people we have, a bike or two. i'll be asking $40 for gas, and would li [...]",2012-11-14T20:17:00-08:00,emailnotfound,TRUE,medford,2012-11-16T20:17:00-08:00,san
need ride to bay 4 thanksgiving (ashland/sou),medford,http://medford.craigslist.org/rid/3410636868.html,looking for a ride to the bay area next week as close to union city/fremont for thanksgiving either tuesday 11/20 or wednesday 11/21. i'm 20 years old & currently a double major student at sou. 420 friendly. willing to spend a reasonable amount on ga [...],2012-11-14T18:58:05-08:00,emailnotfound,TRUE,medford,2012-11-20T18:58:05-08:00,bay
so. calif. ride offer 4 thanksgiving (grants pass to san diego &amp; back),medford,http://medford.craigslist.org/rid/3386164752.html,"leaving for san diego nov. 20th, have room for one rider who can help with vehicle expenses, $80 will get you there. can be a return trip. no pets, must have photo i.d. call if interested 541-672-3345.",2012-11-14T18:22:14-08:00,emailnotfound,TRUE,medford,2012-11-20T18:22:14-08:00,san
need ride from ashland to eugene on sunday 11/18 (ashland),medford,http://medford.craigslist.org/rid/3410490202.html,"hi, i am looking for a ride to go back to eugene on sunday evening. i can give you 20 for gas. please help! ",2012-11-14T17:31:58-08:00,emailnotfound,FALSE,medford,2012-11-18T17:31:58-08:00,eugene
ride needed to portland asap (ashland),medford,http://medford.craigslist.org/rid/3410297369.html,"i can offer gas, i'm drama free and just in need of a ride. 
please email or text me 
425 275 3652",2012-11-14T15:52:03-08:00,emailnotfound,FALSE,medford,2012-11-14T15:52:03-08:00,portland
"ride offered nov 15th medford - bay area,ca (medford or to bay area,ca)",medford,http://medford.craigslist.org/rid/3410104032.html,"leaving medford thursday late evening to bay area,california - if anyone is looking for rideshare to bay area - please call /email/ text 
i am sou student - no 420 please. 
thank you 
max 
650-260-55 nine nine",2012-11-14T14:24:31-08:00,emailnotfound,TRUE,medford,2012-11-15T14:24:31-08:00,bay
going to sf bay friday!! (medford to berkeley),medford,http://medford.craigslist.org/rid/3409599912.html,"i'll be leaving medford around 11am friday, going to downtown berkeley. pitch for gas to come with..or trade for weed :) or gas jugging is fine too",2012-11-14T11:09:17-08:00,emailnotfound,TRUE,medford,2012-11-16T11:09:17-08:00,sf
ride needed gp to eugene early11/16,medford,http://medford.craigslist.org/rid/3409553889.html,"really need to be in eugene around noon on friday 
single mother, mature, clean, friendly and have gas money. 
need to go to eugene to see my son. 
pls call/text 541-seven 6 one- four 2 nine 3 
ask for sol 
thank u",2012-11-14T10:52:17-08:00,emailnotfound,FALSE,medford,2012-11-16T10:52:17-08:00,eugene
"ride offered: williams, or to davis, ca 11/15 (williams)",medford,http://medford.craigslist.org/rid/3409553141.html,"hi i am driving from williams to davis ca tommorow 11/15 thursday leaving in the am. i have space for 1 possibly 2 riders as long as you don't have lots of stuff. i will be taking i5 and can drop off along the way. i am normal 26yo dude with buick. 
 [...]",2012-11-14T10:52:00-08:00,emailnotfound,TRUE,medford,2012-11-15T10:52:00-08:00,davis
ride needed grants pass to portland sunday 11/18,medford,http://medford.craigslist.org/rid/3408620799.html,hi there i'm a 26 yr old lady looking for a ride home on sunday. must be home before class monday morning. looking to get home cheaper than the greyhound which is $55. bless. ,2012-11-14T01:24:10-08:00,emailnotfound,FALSE,medford,2012-11-18T01:24:10-08:00,portland
ride needed to portland thursday evening or friday (ashland),medford,http://medford.craigslist.org/rid/3408150197.html,"i can offer $25 in gas money. i need a ride either thursday evening/afternoon or friday sometime in the morning. 
i am relaxed, drama free and headed up to visit some friends for a night or two before returning. 
my number is 425-275-3652 feel free t [...]",2012-11-13T17:51:54-08:00,emailnotfound,FALSE,medford,2012-11-19T17:51:54-08:00,portland
"need rideshare: ashland area to pdx 11/17, must leave in morning (ashland)",medford,http://medford.craigslist.org/rid/3407858762.html,"hi! 
need to hitch a ride from ashland to portland airport, saturday 11/17. ideal to leave in the morning. i need to be at pdx no later than 4 to check in to flight. not picky about vehicle and i am a very easy going person, so it will be a pleasant  [...]",2012-11-13T15:28:14-08:00,emailnotfound,TRUE,medford,2012-11-17T15:28:14-08:00,pdx
