title,postingFrom,permalink,shortDescription,postingDate,mailToLink,driver,from,leaving,to
"going to florida soon, need ridealong to help with expenses (calhoun)",monroe,http://monroe.craigslist.org/rid/3381470095.html,i'm currently located in north louisiana near monroe but am moving to florida soon and i would like to have a ridealong to go with me either the whole way or part of the way to help drive and share gas expenses. i plan to leave in a couple of weeks i [...],2012-11-02T10:18:33-05:00,emailnotfound,TRUE,monroe,2012-11-05T10:18:33-05:00,florida
going to ny  (louisiana to ny friday ),monroe,http://monroe.craigslist.org/rid/3380298191.html,going one way from choudrant louisiana to newburgh new york on friday november 2nd anywhere in-between call or text me 845-200-8446,2012-11-01T17:55:21-05:00,emailnotfound,TRUE,monroe,2012-11-02T17:55:21-05:00,ny
going to ny tommarow (choudrant la to newburgh ny),monroe,http://monroe.craigslist.org/rid/3380295686.html,"empty subaru forrester going to ny can take people animals or cargo leaving 9 am friday november 2,2012 call or text asap if you need a ride asking to split gas and tolls there 845-200-8446",2012-11-01T17:54:08-05:00,emailnotfound,TRUE,monroe,2012-11-01T17:54:08-05:00,ny
ride offered:  w. monroe to ne sat nov 3 (la to ne),monroe,http://monroe.craigslist.org/rid/3367741035.html,"i will be leaving from west monroe and heading towards omaha, ne on saturday november 3. if you need a ride there or somewhere in between and wish to chip in for gas i can take you. i will be pulling a trailer and may have room if you have stuff. i w [...]",2012-10-26T22:08:32-05:00,emailnotfound,TRUE,monroe,2012-11-03T22:08:32-05:00,ne
rides to work (west monroe to monroe),monroe,http://monroe.craigslist.org/rid/3312829078.html,looking for someone to drive me to and from work. my car is broken down and while i try to sell it or save money to fix it i still have to go to and from work. i live in west monroe off of new natchitoches street near thomas road. i work in monroe on [...],2012-10-03T00:33:16-05:00,emailnotfound,FALSE,monroe,2012-10-08T00:33:16-05:00,work
