title,postingFrom,permalink,shortDescription,postingDate,mailToLink,driver,from,leaving,to
muskegon to gr urgent! (muskegon),muskegon,http://muskegon.craigslist.org/rid/3399020377.html,i need to arrive in grand rapids by 4 tomorrow. help!,2012-11-09T21:06:57-05:00,emailnotfound,TRUE,muskegon,2012-11-09T21:06:57-05:00,gr
"muskegon to fort sill, ok (muskegon)",muskegon,http://muskegon.craigslist.org/rid/3382938679.html,"a friend and i are taking a long weekend and going to oklahoma leaving 11/8 and returning 11/11 we have room for one more person if you can pack light. email me if you are interested, please include a photo so i know you are not some creepy murder lo [...]",2012-11-02T21:51:39-04:00,emailnotfound,TRUE,muskegon,2012-11-08T21:51:39-04:00,fort
muskegon to gr (muskegon),muskegon,http://muskegon.craigslist.org/rid/3381303931.html,"i need a ride to grand rapids today or tomorrow! friday or saturday. asap. call 231-726-5080. i'm a 29 year old male, can chip in for gas, and i am nice! thanx!",2012-11-02T10:04:51-04:00,emailnotfound,FALSE,muskegon,2012-11-02T10:04:51-04:00,gr
muskegon to tennessee ride needed,muskegon,http://muskegon.craigslist.org/rid/3379923986.html,"hello, 
are you headed south? my name is kelsey. my boyfriend and i are looking for a ride to tennessee. we are on our way to visit family in livingston, tn and are willing to split gas with someone for the duration of the trip. nathan does smoke but [...]",2012-11-01T16:11:06-04:00,emailnotfound,FALSE,muskegon,2012-11-02T16:11:06-04:00,tennessee
