title,postingFrom,permalink,shortDescription,postingDate,mailToLink,driver,from,leaving,to
need ride (la vergne to el paso),eastnc,http://eastnc.craigslist.org/rid/3414050842.html,me my two daughters and granddaughter need a ride near the el paso area from nashville tn. it would really help out if we could get a free ride but we are willing to pay. message back asap. ,2012-11-16T12:36:41-05:00,emailnotfound,FALSE,eastnc,2012-11-16T12:36:41-05:00,el
ride wanted - kinston to oaj (jacksonville) (lcc in kinston to oaj airport),eastnc,http://eastnc.craigslist.org/rid/3403180205.html,"thursday afternoon/evening i want a ride to oaj near jacksonville. its 32 miles south of kinston, near jacksonville (camp lejuene). i will pay for gas, or buy dinner, etc. whatever works. 
i am 30+, male, military, and quiet. 
my flight leaves at 8,  [...]",2012-11-11T20:21:27-05:00,emailnotfound,FALSE,eastnc,2012-11-15T20:21:27-05:00,oaj
pitt co to georgia ! (my car ),eastnc,http://eastnc.craigslist.org/rid/3386493424.html,"gonna be driving down to georgia next sunday and looking to split gas , i am a cleancut white profesional male 35 yo",2012-11-04T15:22:52-05:00,emailnotfound,FALSE,eastnc,2012-11-04T15:22:52-05:00,georgia
nc to ca leaving soon if you want a ride ((prefer female)),eastnc,http://eastnc.craigslist.org/rid/3370129688.html,"hi i'm jim. i leaving for los angeles monday morning. i prefer a female rider, more interesting. i've driven back and forth a bunch of times, and i would like some company this time. serious if you want to go let me know soon. if you know someone tel [...]",2012-10-28T07:13:33-04:00,emailnotfound,FALSE,eastnc,2012-10-29T07:13:33-04:00,ca
"lumberton, nc to sarasota fl (lumberton )",eastnc,http://eastnc.craigslist.org/rid/3368993357.html,will be driving from lumberton to sarasota fl on fri nov 2. can use a passanger to help with the boredom and a little with the gas.,2012-10-27T15:09:38-04:00,emailnotfound,TRUE,eastnc,2012-11-02T15:09:38-04:00,sarasota
available to give rides on friday  (raleigh),eastnc,http://eastnc.craigslist.org/rid/3365067882.html,i have friday available to assist others in rides in and around raleigh.... please send email with phone and i will be glad to call you and see how i might be of help! i have a passenger van and can also transport luggage and deliveries! thanks!,2012-10-25T18:55:35-04:00,emailnotfound,FALSE,eastnc,2012-10-26T18:55:35-04:00,give
thanksgiving ride from greenville (to grand rapids mi (or anywhere in b/t)),eastnc,http://eastnc.craigslist.org/rid/3352663541.html,"leaving nov 16th, returning nov 26th. 
looking for gas/toll money and some company.",2012-10-20T13:56:30-04:00,emailnotfound,TRUE,eastnc,2012-11-16T13:56:30-04:00,grand
ride offered from nc (to florida along i-95),eastnc,http://eastnc.craigslist.org/rid/3333968767.html,"i am leaving roanoke rapidsnc (up near the border with va on i-95) on either sunday afternoon or most probably early monday morning and driving to gainesville, fl (and will be going through jacksonville fl) 
i am looking for someone to share the gas. [...]",2012-10-12T12:22:07-04:00,emailnotfound,TRUE,eastnc,2012-10-15T12:22:07-04:00,florida
rocky mount to bristol tennessee,eastnc,http://eastnc.craigslist.org/rid/3313333009.html,leaving october 26th returning october 28th.,2012-10-03T10:51:18-04:00,emailnotfound,TRUE,eastnc,2012-10-26T10:51:18-04:00,bristol
