title,postingFrom,permalink,shortDescription,postingDate,mailToLink,driver,from,leaving,to
"need ride to morgantown,wv (from abingdon,va 24210)",swva,http://swva.craigslist.org/rid/3405959771.html,"i need a ride this friday 11/16 from l81 exit 14 abingdon to springfield,wv about 50 south of morgantown,wv. 
truck driver enroute i can ride with. i will offer $150. 
text or call. .....276-614-5300 
steve ",2012-11-12T23:32:11-05:00,emailnotfound,TRUE,swva,2012-11-16T23:32:11-05:00,morgantown
desperate need of ride from copperhill to christianburg friday morning (copper hill),swva,http://swva.craigslist.org/rid/3376391508.html,"i'm in desperate need of a ride on friday morning (november 2) from my home in copper hill to the shelor dealership on roanoke street in christiansburg. please help. 
matthew ",2012-10-31T00:32:12-04:00,emailnotfound,TRUE,swva,2012-11-02T00:32:12-04:00,christianburg
