title,postingFrom,permalink,shortDescription,postingDate,mailToLink,driver,from,leaving,to
"ride offered: lovelock to fort collins sun, nov 18 5am (lovelock)",elko,http://elko.craigslist.org/rid/3414848550.html,"i am leaving for fort collins 5am, sunday, november 18, from lovelock via i-80 to laramie then 287 to fort collins. $75; less for a destination along the route. 
i don't smoke. 
email for more info. ",2012-11-16T15:45:25-07:00,emailnotfound,TRUE,elko,2012-11-18T15:45:25-07:00,fort
"elko to ontario, ca return to elko (elko)",elko,http://elko.craigslist.org/rid/3411194998.html,"looking for a guy or girl under 22 that needs a ride, no cost. just need to stay awake! leaving tuesday before thanksgiving, returning sunday after thanksgiving. please send stats and a pic. no cost to you!",2012-11-15T07:05:15-07:00,emailnotfound,FALSE,elko,2012-11-20T07:05:15-07:00,ontario
a ride to oakland califoria  (elko),elko,http://elko.craigslist.org/rid/3405945964.html,a ride to oakland california i'll be living elko on friday16 2012; i'll be driving a small car and i only ask for one fill up. ,2012-11-12T21:21:32-07:00,emailnotfound,TRUE,elko,2012-11-16T21:21:32-07:00,oakland
ride to san francisco ,elko,http://elko.craigslist.org/rid/3327655706.html,i will be going to san francisco on friday november 9 i only ask for one fill up. ,2012-10-09T14:07:54-06:00,emailnotfound,TRUE,elko,2012-11-09T14:07:54-06:00,san
