title,postingFrom,permalink,shortDescription,postingDate,mailToLink,driver,from,leaving,to
"driving to amarillo, tx (south bay)",sandiego,http://sandiego.craigslist.org/csd/rid/3417978970.html,"i am driving way one from chula vista, ca to amarillo, tx on nov 24th, leaving about 8am. i will have my poodle with me, if anyone is interested in a ride. ",2012-11-18T04:42:22-08:00,emailnotfound,TRUE,sandiego,2012-11-24T04:42:22-08:00,amarillo
sdiego to la: mon 11/19- am: want to ride along? chip in on gas? (san diego),sandiego,http://sandiego.craigslist.org/csd/rid/3386322117.html,"text/call me: 713-513-0090 [monday nov 19 - am] 
thanks",2012-11-18T00:32:08-08:00,emailnotfound,TRUE,sandiego,2012-11-19T00:32:08-08:00,la
"ride offered- driving to nor. cal, need a ride? (ocean beach)",sandiego,http://sandiego.craigslist.org/csd/rid/3417770318.html,"driving to nor. cal, leaving this mon. night or tues. morning. if you're interested in a ride there or anywhere along the way and are willing to help with gas, give me a call 425-737-0697 
namaste",2012-11-17T22:29:56-08:00,emailnotfound,TRUE,sandiego,2012-11-19T22:29:56-08:00,nor.
ride offered to sonora mexico (going to rocky point and bahia kino),sandiego,http://sandiego.craigslist.org/csd/rid/3417667288.html,"hello, 
im heading down to my place in kino bay mexico for a few days and i have room for a rider willing to pay half gas. 
just me and my friendly dog in a nice crv. 
thank you. 
heath 
61nine 75six 242three",2012-11-17T20:40:13-08:00,emailnotfound,TRUE,sandiego,2012-11-23T20:40:13-08:00,sonora
ride offered - san diego to lodi on tue 11/20 (san diego),sandiego,http://sandiego.craigslist.org/csd/rid/3398646118.html,"i'm offering a ride from san diego to lodi. 
leaving november 20th returning november 25th. looking for people who are heading to nor cal. must be 420 friendly. let me know if your interested. i am flexible on the price if you arent going as far. ",2012-11-17T20:05:50-08:00,emailnotfound,TRUE,sandiego,2012-11-20T20:05:50-08:00,lodi
ride offered san diego to phoenix (san diego),sandiego,http://sandiego.craigslist.org/csd/rid/3408547980.html,"hello, 
i am driving from san diego to phoenix on monday the 19th. i'm looking for someone to help out with gas. i have three seats open and i can also haul something. i'm driving a truck and pulling a little trailer with a motorcycle on it. call, te [...]",2012-11-17T19:20:29-08:00,emailnotfound,TRUE,sandiego,2012-11-19T19:20:29-08:00,phoenix
ride from ucsd to sd airport on thursday around 1???,sandiego,http://sandiego.craigslist.org/csd/rid/3417485029.html,"let me know if anyone is going, i can buy ya lunch or split gas as buses that long mess up my back",2012-11-17T18:18:12-08:00,emailnotfound,FALSE,sandiego,2012-11-22T18:18:12-08:00,sd
offered: 805 & clairemont to oceanside 78 & emerald sun day 2 pm (805 &amp; clairemont to 78 &amp; emerald),sandiego,http://sandiego.craigslist.org/csd/rid/3417460479.html,"hi, ride offered to non smokers / no drugs from 805 & clairemont mesa blvd to oceanside 78 & emerald and points in between. plan would be to leave tomorrow sun day slightly after 2 pm. if interested, please respond with itinerary, offer and contact # [...]",2012-11-17T18:01:55-08:00,emailnotfound,TRUE,sandiego,2012-11-17T18:01:55-08:00,oceanside
ride offered sun 11/18 (sd to palm springs/palm desert),sandiego,http://sandiego.craigslist.org/csd/rid/3417371169.html,"driving to palm desert on sunday evening via the i-15 - i-215 - i-10 route through temecula, palm springs and hemet or moreno valley. leaving from utc area around 7pm. email if interested.",2012-11-17T17:05:58-08:00,emailnotfound,TRUE,sandiego,2012-11-18T17:05:58-08:00,palm
ride offered - s.d. to big sur on wed 11/21 or thu 11/22 (san diego),sandiego,http://sandiego.craigslist.org/csd/rid/3412408259.html,"i'm offering a ride from san diego to big sur. 
leaving november 21st or 22nd, returning november 25th (flexible for that day or after). it's $45 each way, if only one passenger. if 2 passengers, then only $35/person. if 3 passengers, then $25/person [...]",2012-11-17T15:21:23-08:00,emailnotfound,TRUE,sandiego,2012-11-21T15:21:23-08:00,big
ride needed - s.d. to big sur on wed 11/21 or thurs 11/22 (san diego),sandiego,http://sandiego.craigslist.org/csd/rid/3412463028.html,"i'm looking for a ride from san diego to big sur. 
leaving late on wed, november 21st or early thurs. nov. 22 
returning november 25th (i'm flexible on or after that date). i'm insured to drive others' vehicles, so i can pitch in on driving time, too [...]",2012-11-17T15:21:20-08:00,emailnotfound,TRUE,sandiego,2012-11-21T15:21:20-08:00,big
"ride offered - san diego to 26101 magic mountain parkway, valencia on sat 11/17 (san diego)",sandiego,http://sandiego.craigslist.org/csd/rid/3417100762.html,"i'm offering a ride from san diego to 26101 magic mountain parkway, valencia. 
leaving november 17th. a drop off anywhere in between is fine as well (call 310-972-0298) contact me on zimride: http://www.zimride.com/ride/share?ride=539351 ",2012-11-17T14:40:15-08:00,emailnotfound,TRUE,sandiego,2012-11-17T14:40:15-08:00,26101
ride offered - san diego to la on sun 11/18 (san diego),sandiego,http://sandiego.craigslist.org/csd/rid/3416497925.html,"i'm offering a ride from san diego to los angeles. 
leaving november 18th around 8 am. i'm a recent college graduate who is relaxed and easygoing. i am looking for ridesharers who are also easygoing and looking for a cheap, quick, and safe way to get [...]",2012-11-17T10:26:04-08:00,emailnotfound,TRUE,sandiego,2012-11-18T10:26:04-08:00,la
vista to florida. may have room for cargo (vista),sandiego,http://sandiego.craigslist.org/nsd/rid/3416475185.html,"hi 
my girlfriend and i are driving to jacksonville florida sometime between november 28 and december 2. we will be taking i-8 then to i-10 all the way out there. planning to stop in tucson, houston, new orleans, then jacksonville. we are taking a pi [...]",2012-11-17T10:17:30-08:00,emailnotfound,TRUE,sandiego,2012-11-28T10:17:30-08:00,florida.
ride offered: san diego to phoenix/yuma 11/17 this afternoon $30,sandiego,http://sandiego.craigslist.org/esd/rid/3416446182.html,"i'm driving to phoenix today on highway 8 through yuma. i'd like to leave before 3pm, but i can leave later. $30 per person, non smokers only 
take care, 
kevin 
541-224-7864 
my phone doesn't work so good at my friends house so you can text me and i [...]",2012-11-17T10:06:28-08:00,emailnotfound,TRUE,sandiego,2012-11-17T10:06:28-08:00,phoenix/yuma
ride offered - oceanside to santa cruz on fri 11/23 (oceanside),sandiego,http://sandiego.craigslist.org/nsd/rid/3416427941.html,"i'm offering a ride from oceanside to santa cruz. 
leaving november 23rd returning november 27th. i'm rolling out from oceanside to santa cruz sometime between 5-8pm on friday 11/23. departing from santa cruz to oceanside sometime tuesday 11/27 after [...]",2012-11-17T09:59:33-08:00,emailnotfound,TRUE,sandiego,2012-11-23T09:59:33-08:00,santa
ride offered - encinitas to las vegas on fri 4/26 (encinitas),sandiego,http://sandiego.craigslist.org/nsd/rid/3416390747.html,"i'm offering a ride from encinitas to las vegas. 
leaving april 26th returning april 28th. contact me on zimride: http://www.zimride.com/ride/share?ride=539031 ",2012-11-17T09:45:24-08:00,emailnotfound,TRUE,sandiego,2012-04-26T09:45:24-08:00,las
ride offered - poway to las vegas on wed 11/21 (poway),sandiego,http://sandiego.craigslist.org/nsd/rid/3416302937.html,"i'm offering a ride from poway to las vegas. 
leaving november 21st returning november 25th. heading to vegas in the morning on the 21st. would like at least 2 ppl to help with gas. we could come back on saturday or sunday anytime. please have cash u [...]",2012-11-17T09:11:37-08:00,emailnotfound,TRUE,sandiego,2012-11-21T09:11:37-08:00,las
ride to s.fco (santa clara),sandiego,http://sandiego.craigslist.org/nsd/rid/3416269797.html,"good morning 
my name is victor and i want to go to santa clara ca. to spend the holidays, it is possible on wednesday after the 4:00 pm and return on sunday. 
thanks",2012-11-17T08:58:42-08:00,emailnotfound,FALSE,sandiego,2012-11-21T08:58:42-08:00,s.fco
ride offered: san diego to vegas today 11/17 (chula vista),sandiego,http://sandiego.craigslist.org/ssd/rid/3416209972.html,offering ride to vegas today at around 11 am....returning tommorow..call 619 852 0700,2012-11-17T08:35:12-08:00,emailnotfound,TRUE,sandiego,2012-11-17T08:35:12-08:00,vegas
"san diego to phoenix (san diego, south san diego)",sandiego,http://sandiego.craigslist.org/csd/rid/3415962601.html,leaving to the phoenix area today 11-17-12. wanting to get out of the sd area by 1pm. 40 bucks for gas is the price. 480-734-8923.,2012-11-17T06:43:53-08:00,emailnotfound,TRUE,sandiego,2012-11-17T06:43:53-08:00,phoenix
need a ride to arizona (sd),sandiego,http://sandiego.craigslist.org/csd/rid/3415724292.html,"im a college student & need a ride to back to flagstaff, az on nov 24 or later. 
i can also catch a ride to any neighboring towns/cities so my friends can pick me up (like sedona, camp verde, phoenix, grand canyon). 
i have 1 suitcase & a bag-pack &  [...]",2012-11-17T03:05:42-08:00,emailnotfound,TRUE,sandiego,2012-11-24T03:05:42-08:00,arizona
driving to san francisco  11-25 (utc),sandiego,http://sandiego.craigslist.org/nsd/rid/3415588354.html,hyundai 2012 santa fe space for 2-3 passengers. leaving sunday 11 am ,2012-11-16T22:57:54-08:00,emailnotfound,TRUE,sandiego,2012-11-18T22:57:54-08:00,san
"ride offer, nov 19th   (up i15 to slc then to wy )",sandiego,http://sandiego.craigslist.org/nsd/rid/3415577086.html,"heading to rock springs wy on the 19th (midday) from mira mesa area , room for one. looking for some to help drive for a few hours. 
e-mail by sunday. thanks",2012-11-16T22:43:53-08:00,emailnotfound,TRUE,sandiego,2012-11-19T22:43:53-08:00,slc
ride offered - san diego to lodi on tue 11/20 (san diego),sandiego,http://sandiego.craigslist.org/csd/rid/3408032335.html,"i'm offering a ride from san diego to lodi. 
leaving november 20th returning november 25th. looking for people who are heading to nor cal. must be 420 friendly. let me know if your interested. i am flexible on the price if you arent going as far. ",2012-11-16T20:12:33-08:00,emailnotfound,TRUE,sandiego,2012-11-20T20:12:33-08:00,lodi
offer: san diego to bay area wed 21st - depart solana beach/del mar (del mar - solana beach),sandiego,http://sandiego.craigslist.org/csd/rid/3408652430.html,"heading to the bay area on wednesday nov 21st between 8:00 - 8:30 am which should get me to the bay area by 4:00 - 6:00pm (depending on traffic). 
there is room for 1 more person. i will be taking the 5 the entire way going through los angeles la and [...]",2012-11-16T16:40:22-08:00,emailnotfound,TRUE,sandiego,2012-11-21T16:40:22-08:00,bay
need ride tonight from del mar to downtown,sandiego,http://sandiego.craigslist.org/csd/rid/3415056419.html,"hi! my partner and i have been flown to san diego to present at a tedx. we're stuck without a car at the hilton garden inn in del mar (3939 ocean bluff ave, san diego, ca, 92130), and we really need to get downtown to see a friend at this event: http [...]",2012-11-16T16:25:24-08:00,emailnotfound,FALSE,sandiego,2012-11-16T16:25:24-08:00,downtown
"ride offered - 9500 gilman dr, la jolla to upland on fri 11/16 (9500 gilman dr, la jolla)",sandiego,http://sandiego.craigslist.org/csd/rid/3415024991.html,"i'm offering a ride from 9500 gilman dr, la jolla to upland. 
leaving november 16th returning november 18th. i can get to upland via i-5 or i-15. so irvine, santa ana, and such are good as well as riverside ! contact me on zimride: http://www.zimride [...]",2012-11-16T16:09:23-08:00,emailnotfound,TRUE,sandiego,2012-11-16T16:09:23-08:00,upland
safe ride offer: sd to sf - $35 (san diego),sandiego,http://sandiego.craigslist.org/csd/rid/3414976154.html,i will be leaving sd to sf at 7pm on nov 20th (tuesday); can take 3 person on my 2005 nissan altima; it would be $35 per person for the gas share; i have a commercial b licence as well as excellent driving record. the trip would be non-smoking & fast [...],2012-11-16T15:45:32-08:00,emailnotfound,TRUE,sandiego,2012-11-20T15:45:32-08:00,sf
ride offer: sd to sf (11/20) - $35 (san diego),sandiego,http://sandiego.craigslist.org/csd/rid/3410078289.html,i will be leaving sd to sf at 7pm on nov 20th (tuesday); can take 3 person on my 2005 nissan altima; it would be $35 per person for the gas share; i have a commercial b licence as well as excellent driving record. the trip would be non-smoking & fast [...],2012-11-16T15:31:53-08:00,emailnotfound,TRUE,sandiego,2012-11-20T15:31:53-08:00,sf
ride offer to san bernardino or phelan on nov 21 (sd to phelan),sandiego,http://sandiego.craigslist.org/csd/rid/3414739606.html,"hey there! possibly traveling up to phelan on wed, nov 21 (11/21/12) morning and returning the same day. 
have room for up to 3 people and/or cargo in our suv. 
may also be able to do delivery drop-offs (as long as it doesn't involve any illegal acti [...]",2012-11-16T13:58:29-08:00,emailnotfound,TRUE,sandiego,2012-11-21T13:58:29-08:00,san
ride offered: oceanside to santa rosa/ bay area nov. 20 or 21 (oceanside),sandiego,http://sandiego.craigslist.org/nsd/rid/3414706677.html,"i have a reliable 2001 highlander with room for luggage. i just got an oil change. lol 
i am leaving oceanside either tuesday or wednesday nov. 20 or 21 depending on which day a ride share would like to leave. 
i'd like to leave early in the morning  [...]",2012-11-16T13:44:54-08:00,emailnotfound,TRUE,sandiego,2012-11-20T13:44:54-08:00,santa
san diego to phoenix wednesday the 21st...will pay all gas! (san diego),sandiego,http://sandiego.craigslist.org/nsd/rid/3414546771.html,"i am looking for someone to drive me and my two year old to phoenix(gilbert), az this coming wednesday. i will pay 100% of the gas cost to get there. i would need to leave in the late afternoon putting us there wednesday night. i dont like to make a  [...]",2012-11-16T12:40:39-08:00,emailnotfound,FALSE,sandiego,2012-11-21T12:40:39-08:00,phoenix
need a car to share (escondido),sandiego,http://sandiego.craigslist.org/csd/rid/3413629960.html,"north and south , escondido, ca 92055
call today!
(760) 681-3671 
car details 
car photo 
type: 
car sharing 
rent: 
$6.50 per hr 
deposit: 
$100 
taurus: 
gray /
gray 
year 
2001
pets allowed?: 
no 
21+ only: 
yes 
date available: 
7/18/2012- 9-18/2 [...]",2012-11-16T06:48:58-08:00,emailnotfound,TRUE,sandiego,2012-07-18T06:48:58-08:00,share
ride needed - san diego to oakland soon?? (san diego),sandiego,http://sandiego.craigslist.org/csd/rid/3413628213.html,"i'm looking for a ride from san diego to oakland. 
leaving time is flexible but i would really like to be gone by friday night or saturday .. 11/15 or 11/16 ... looking to depart anytime before thanksgiving. have money for gas .. just looking for a r [...]",2012-11-16T06:48:07-08:00,emailnotfound,FALSE,sandiego,2012-11-15T06:48:07-08:00,oakland
have room in a h3 to vegas (off the i-8),sandiego,http://sandiego.craigslist.org/csd/rid/3413367285.html,have room in car to vegas...i leave saturday morning and will be back to san diego monday...share gas....or a flat fee which ever you prefer..text me at 8582437422,2012-11-16T03:04:23-08:00,emailnotfound,TRUE,sandiego,2012-11-19T03:04:23-08:00,vegas
"ride offered from santa clarita, palmdale to oceanside (palmdale)",sandiego,http://sandiego.craigslist.org/nsd/rid/3405876251.html,if you need a ride let me know i'm going tomorrow around noon (714)322-6035,2012-11-15T22:24:12-08:00,emailnotfound,TRUE,sandiego,2012-11-15T22:24:12-08:00,oceanside
"ride offer: east, early 7 nov (oceanside to flagstaff)",sandiego,http://sandiego.craigslist.org/nsd/rid/3413099030.html,"i'm going to the grand canyon early saturday morning, and am looking to defray expenses. looking to leave from oceanside (or somewhere within 20 miles) and can drop you off at flagstaff (or the grand canyon, or somewhere around there, or on the way,  [...]",2012-11-15T20:49:22-08:00,emailnotfound,TRUE,sandiego,2012-11-17T20:49:22-08:00,flagstaff
ride offered - san diego to palo alto on wed 11/21 (san diego),sandiego,http://sandiego.craigslist.org/csd/rid/3413090140.html,"i'm offering a ride from san diego to palo alto. 
leaving november 21st returning november 25th. i'm driving from san diego to palo alto for an extended thanksgiving weekend. driving time is estimated to be 8 hours, so expect about 10 hours including [...]",2012-11-15T20:42:23-08:00,emailnotfound,TRUE,sandiego,2012-11-21T20:42:23-08:00,palo
san diego to san luis obispo (del mar),sandiego,http://sandiego.craigslist.org/nsd/rid/3413055646.html,im a college student heading up to slo tomorrow friday november 16th around noon. call me if you want to cruise and help pitch on gas. 858 204 7850 ,2012-11-15T20:15:47-08:00,emailnotfound,TRUE,sandiego,2012-11-15T20:15:47-08:00,san
ride offer: sd to bay area (east bay (concord/walnut creek)),sandiego,http://sandiego.craigslist.org/csd/rid/3413046073.html,hey i'm a student at sdsu planning on going home for thanksgiving. i'm hoping to leave at 4pm on wed 11/21 for concord or any other convenient stops at bart etc. i drive a mistubishi montero so there is a ton of space/leg room and a lot of trunk spac [...],2012-11-15T20:08:50-08:00,emailnotfound,TRUE,sandiego,2012-11-21T20:08:50-08:00,bay
san diego to east bay for thanksgiving (ucsd to fremont),sandiego,http://sandiego.craigslist.org/csd/rid/3413008427.html,"i am a ucsd driving home for thanksgiving and am willing to take a couple people to help chip in for gas and keep me company during the long drive. i plan on leaving wednesday and returning sundays, specifics to be determined depending on our schedul [...]",2012-11-15T19:42:37-08:00,emailnotfound,TRUE,sandiego,2012-11-19T19:42:37-08:00,east
ride needed - san diego to santa rosa on sun 11/25 (san diego),sandiego,http://sandiego.craigslist.org/csd/rid/3412877292.html,"i'm looking for a ride from san diego to santa rosa. 
leaving november 25th. contact me on zimride: http://www.zimride.com/ride/share?ride=536039 ",2012-11-15T18:21:09-08:00,emailnotfound,TRUE,sandiego,2012-11-25T18:21:09-08:00,santa
ride offered - north county san diego to east bay area - 11/17 (oceanside),sandiego,http://sandiego.craigslist.org/nsd/rid/3412876898.html,"hi, 
i'm driving up to the bay area this saturday, november 17, and i'm looking for one passenger to share the cost of gas. i'm leaving from oceanside, so i ask that you be able to meet me in oside or somewhere near oside, and i can drop you off anyw [...]",2012-11-15T18:20:55-08:00,emailnotfound,TRUE,sandiego,2012-11-17T18:20:55-08:00,east
ride or transport offered to west hollywood friday 15th (san diego),sandiego,http://sandiego.craigslist.org/csd/rid/3412783344.html,"hi i'm driving a new mercedes sprinter van from san diego on friday nov 15th. i can take large furniture, pets, bikes, motorcycles, boxes, etc. plenty of room for up to 10 passengers plus cargo. 
the van is very comfortable. 
i am a 30 year old, norm [...]",2012-11-15T17:28:07-08:00,emailnotfound,TRUE,sandiego,2012-11-15T17:28:07-08:00,west
ride offered - san diego to las vegas on fri 11/16 (san diego),sandiego,http://sandiego.craigslist.org/csd/rid/3412685027.html,"i'm offering a ride from san diego to las vegas. 
leaving november 16th. leaving 1pm on friday contact me on zimride: http://www.zimride.com/ride/share?ride=527689 ",2012-11-15T16:35:44-08:00,emailnotfound,TRUE,sandiego,2012-11-16T16:35:44-08:00,las
san diego to tucson az (11/17) (san diego ),sandiego,http://sandiego.craigslist.org/csd/rid/3412482049.html,"leaving to tucson az 
today 11/17/12 this afternnon 
just need help with gas , 
call or text (619)600-2291 ",2012-11-15T14:58:40-08:00,emailnotfound,TRUE,sandiego,2012-11-17T14:58:40-08:00,tucson
ride offer - sd to sf next week  (san diego),sandiego,http://sandiego.craigslist.org/csd/rid/3412431803.html,"hi im going from sd to sf, looking for 1-2 company, $50 dollars per person, leaving tuesday/wed next week, thanks. ",2012-11-15T14:36:11-08:00,emailnotfound,TRUE,sandiego,2012-11-20T14:36:11-08:00,sf
ride offered from vista / carlsbad to los angeles this sat 4pm (vista),sandiego,http://sandiego.craigslist.org/nsd/rid/3412363369.html,"ride offered from north county san diego (vista) to los angeles leaving around 4pm this saturday 11/17. 
safe driver. safe car. serious inquiries only. thanks!",2012-11-15T14:05:59-08:00,emailnotfound,TRUE,sandiego,2012-11-17T14:05:59-08:00,los
looking for a ride from sd to sf bay area 11/18 (ucsd),sandiego,http://sandiego.craigslist.org/csd/rid/3412278182.html,"i am looking for a ride up to san francisco (or anywhere in the bay area with a bart or caltrain station) on 11/18. i can leave at any time. only have one medium sized backpack. asian. clean. also a mechanic and professional driver 
i will be in sd o [...]",2012-11-15T13:29:46-08:00,emailnotfound,TRUE,sandiego,2012-11-18T13:29:46-08:00,sf
need ride to vegas next friday! 11/23  (san diego ),sandiego,http://sandiego.craigslist.org/csd/rid/3412264437.html,"please let me know if you have a spot open to vegas. 
text or call 847 two54 9076 
-antone",2012-11-15T13:23:58-08:00,emailnotfound,FALSE,sandiego,2012-11-23T13:23:58-08:00,vegas
rider(s) wanted to bay area (san diego),sandiego,http://sandiego.craigslist.org/csd/rid/3412158886.html,"i am planning a trip to visit family in san jose ca over thanksgiving week-end, & i would like to leave very early that day---around 4 a.m & arrive 
around noon- 1:00 pm. i am returning saturday. 
i have a 2010 nissan altima with comfy leather seats, [...]",2012-11-15T12:40:21-08:00,emailnotfound,TRUE,sandiego,2012-11-17T12:40:21-08:00,bay
ride offered - sd to sf friday morning 11/16 (north park),sandiego,http://sandiego.craigslist.org/csd/rid/3411933559.html,i'm a college student driving home for thanksgiving from san diego to the san francisco bay area friday morning. my departure time is flexible but i'd like to get on the road by 10ish. my final destination is pacifica but can drop you off anywhere re [...],2012-11-15T11:11:26-08:00,emailnotfound,TRUE,sandiego,2012-11-16T11:11:26-08:00,sf
ride offered - san diego to las vegas on fri 11/16 (san diego),sandiego,http://sandiego.craigslist.org/csd/rid/3411436854.html,"i'm offering a ride from san diego to las vegas. 
leaving november 16th returning november 18th. contact me on zimride: http://www.zimride.com/ride/share?ride=534426 
or text me at 619 519 0368",2012-11-15T08:05:17-08:00,emailnotfound,TRUE,sandiego,2012-11-16T08:05:17-08:00,las
san diego to san francisco (mira mesa),sandiego,http://sandiego.craigslist.org/csd/rid/3411403794.html,"i am heading to san francisco on saturday nov 17th. i would like to leave by noon. i drive a 2001 honda accord. it is a reliable car. i will be taking 2-3 people. $50 per person, i will drop the price $5 for each additional passenger. call or text me [...]",2012-11-15T07:51:24-08:00,emailnotfound,TRUE,sandiego,2012-11-17T07:51:24-08:00,san
ride needed - san diego to merced on sat 11/24 (san diego),sandiego,http://sandiego.craigslist.org/nsd/rid/3411313011.html,"i'm looking for a ride from san diego to merced. 
leaving november 24th. uc merced student, can leave anytime, one day before or after. thanks. contact me on zimride: http://www.zimride.com/ride/share?ride=534316 ",2012-11-15T07:10:22-08:00,emailnotfound,FALSE,sandiego,2012-11-24T07:10:22-08:00,merced
