title,postingFrom,permalink,shortDescription,postingDate,mailToLink,driver,from,leaving,to
need ride nov. 19 (tulsa to grove/grand lake o' the cheroke),tulsa,http://tulsa.craigslist.org/rid/3374154877.html,"hello! we are looking for a ride from the tulsa airport to grove/grand lake o' the cherokees, which is in the northeast region of oklahoma, on monday, november 19th, around 4:00 pm. my boyfriend and i will be arriving via airplane to visit family for [...]",2012-10-30T00:30:50-05:00,emailnotfound,TRUE,tulsa,2012-11-19T00:30:50-05:00,grove/grand
ride offered - tulsa to denver on mon 10/29 (tulsa),tulsa,http://tulsa.craigslist.org/rid/3365640278.html,"i'm offering a ride from tulsa to denver. 
leaving october 29th. contact me on zimride: http://www.zimride.com/ride/share?ride=507435 ",2012-10-26T00:25:03-05:00,emailnotfound,TRUE,tulsa,2012-10-29T00:25:03-05:00,denver
need ride for two tulsa to okc and back -concert on october 31st,tulsa,http://tulsa.craigslist.org/rid/3344995042.html,"the ride i had can't take us anymore, and i've already purchased the tickets.its for myself and a friend, i'm,21, she's 18. i'll fill up your gas tank, if anyone is going to the concert and can give us a ride please e mail me",2012-10-17T09:16:17-05:00,emailnotfound,FALSE,tulsa,2012-10-31T09:16:17-05:00,okc
"need emergency ride to springfield, mo (tulsa to springfield)",tulsa,http://tulsa.craigslist.org/rid/3338285872.html,"i am in desperate need of a ride from tulsa to mercy hospital in springfield, mo. 
my 19 yr. old son was severely injured in a car wreck and flown to springfield. i need to get to him asap, but i have no vehicle. 
as much as it bothers me to have to  [...]",2012-10-14T11:30:55-05:00,emailnotfound,FALSE,tulsa,2012-10-14T11:30:55-05:00,springfield
need a ride to tulsa  for work please  (owasso),tulsa,http://tulsa.craigslist.org/rid/3333496235.html,i need a ride today to work b4 4pm .. thanks hit me up .. 918 608 4377 please hit me up really need the help thanks ... ,2012-10-12T07:51:36-05:00,emailnotfound,FALSE,tulsa,2012-10-12T07:51:36-05:00,tulsa
needing a ride to catoosa  (tulsa),tulsa,http://tulsa.craigslist.org/rid/3325083505.html,"hi im needing a ride to catoosa soon willing to pay u gas money needing the ride soon plz reply asap 
thank u have a great day ",2012-10-08T14:04:20-05:00,emailnotfound,FALSE,tulsa,2012-10-08T14:04:20-05:00,catoosa
need load transported to cali?,tulsa,http://tulsa.craigslist.org/rid/3317338764.html,we are heading to anaheim california in morning and would like to offset cost by transporting goods.. we are driving a one-ton dually.. we have no room for peoplejust product.. call 918-955-1624 soon.. we need to be on road asap.. thanks for lookin!!,2012-10-04T22:00:28-05:00,emailnotfound,TRUE,tulsa,2012-10-04T22:00:28-05:00,cali
offering ride or furniture transport to dfw area on friday!!! (downtown),tulsa,http://tulsa.craigslist.org/rid/3285771648.html,returning to dallas in 16 ft. moving truck. just help with some gas. call 972-898-8334.,2012-10-03T09:15:13-05:00,emailnotfound,TRUE,tulsa,2012-10-05T09:15:13-05:00,dfw
