title,postingFrom,permalink,shortDescription,postingDate,mailToLink,driver,from,leaving,to
need a ride to ft myers fl,myrtlebeach,http://myrtlebeach.craigslist.org/rid/3414476126.html,need a ride to ft myers sunday after thanksgiving can give 100 towards gas,2012-11-16T15:13:23-05:00,emailnotfound,FALSE,myrtlebeach,2012-11-18T15:13:23-05:00,ft
going to vegas ..anyone need a ride west (nmb),myrtlebeach,http://myrtlebeach.craigslist.org/rid/3413475392.html,"i am leaving myrtle beach in 2 weeks and i am looking for someone who is going west but can't get there...i am going to vegas however i can drop you where ever you need to go on the way, must pay for 1/2 gas and 1/2 room stay to your destination....l [...]",2012-11-16T08:14:11-05:00,emailnotfound,FALSE,myrtlebeach,2012-01-02T08:14:11-05:00,vegas
anyone want a ride to chicago? 28th 29th (myrtle beach to chicago),myrtlebeach,http://myrtlebeach.craigslist.org/rid/3398243517.html,"driving to chicago from myrtle beach . leaving mid next week or the end of november 28th or 29th 
only taking people who would be kind enough to help out with gas, i am being kind enough to provide transportation. would not mind dropping off somewher [...]",2012-11-14T10:45:14-05:00,emailnotfound,TRUE,myrtlebeach,2012-11-28T10:45:14-05:00,chicago
mb to charlotte r/t (myrtle beach),myrtlebeach,http://myrtlebeach.craigslist.org/rid/3383036826.html,traveling to charlotte and back to myrtle beach wednesday through monday. days and times flexible. have vehicle. can drive or ride. would like someone to share the cost of gas.843-685-7074 ,2012-11-02T23:00:47-04:00,emailnotfound,TRUE,myrtlebeach,2012-11-05T23:00:47-04:00,charlotte
looking for a ride to nj this weekend? (myrtle beach to nj),myrtlebeach,http://myrtlebeach.craigslist.org/rid/3382383119.html,"i'm planning to drive round trip from myrtle beach to northen nj 
this weekend(nov 3-4). 
i plan to stay sun-tues and then return to myrtle beach(approx. dates) 
if you need a ride one way or round trip call me: 
alex 843-957-5912",2012-11-02T17:06:46-04:00,emailnotfound,TRUE,myrtlebeach,2012-11-03T17:06:46-04:00,nj
need ride share to johnstown pa area,myrtlebeach,http://myrtlebeach.craigslist.org/rid/3376149803.html,"looking for ride share to johnstown pa area in feb, march or april 2013....please respond to email...i will respond to your help...thanks",2012-10-30T21:36:28-04:00,emailnotfound,FALSE,myrtlebeach,2012-04-20T21:36:28-04:00,johnstown
ride to choir concert at waccamaw high school and back home (pawleys island),myrtlebeach,http://myrtlebeach.craigslist.org/rid/3372360444.html,"my sister and i need a ride from our home in pawleys island to my neices choir concert today at 6 pm. we can put gas in the car. 
thank you.",2012-10-29T10:48:54-04:00,emailnotfound,FALSE,myrtlebeach,2012-10-29T10:48:54-04:00,choir
