title,postingFrom,permalink,shortDescription,postingDate,mailToLink,driver,from,leaving,to
"ride share to milwaukee (green bay,wi)",greenbay,http://greenbay.craigslist.org/rid/3417683173.html,"going to milwaukee air port , next tuesday the 20, need a ride ? call me for price ,have 3 seats open, this is a one way trip from green bay to milwaukee 
thanks very much, my # is 9202881480 respectfully 
jeg",2012-11-17T22:54:59-06:00,emailnotfound,TRUE,greenbay,2012-11-20T22:54:59-06:00,milwaukee
ride needed - green bay to madisonville on fri 11/16 (green bay),greenbay,http://greenbay.craigslist.org/rid/3412713174.html,"i'm looking for a ride from green bay to madisonville. 
leaving november 16th returning november 25th. i'm going with the amount it would cost me f i could take my suv,price is negotiable contact me on zimride: http://www.zimride.com/ride/share?ride= [...]",2012-11-15T18:50:24-06:00,emailnotfound,TRUE,greenbay,2012-11-16T18:50:24-06:00,madisonville
wanna go to colorado? (green bay-denver area),greenbay,http://greenbay.craigslist.org/rid/3408289610.html,"leaving wisconsin in the rearview right on or after dec.1st. need gas money, food money and a valid drivers license, cuz i like to go straight thru. think about it. i'm not a perv or an axe murder, i do like an intelligent conversation at times, rock [...]",2012-11-13T21:13:43-06:00,emailnotfound,TRUE,greenbay,2012-11-19T21:13:43-06:00,colorado
green bay to minneapolis (eastside),greenbay,http://greenbay.craigslist.org/rid/3399993723.html,hi im driving from green bay to minn and farther northwest to north dakota on monday the 12 of nov .... cud use som fuel money if anyone is interested call buck at 1 920 313 07 o6 ...... ,2012-11-10T10:35:17-06:00,emailnotfound,TRUE,greenbay,2012-11-12T10:35:17-06:00,minneapolis
going to milwaukee on saturday  (green bay ),greenbay,http://greenbay.craigslist.org/rid/3394851394.html,"i will be leaving to milwaukee on sat....unsure of time, it is kind of open at the moment but for sure before 3pm. i have an suv. i'm 25 female. i will be coming back sat night leaving milwaukee around 10 if you are interested in riding back. shoot m [...]",2012-11-08T06:57:30-06:00,emailnotfound,TRUE,greenbay,2012-11-10T06:57:30-06:00,milwaukee
"green bay to minneapolis, 11/9--need riders",greenbay,http://greenbay.craigslist.org/rid/3385401029.html,"hi, 
i'm looking for riders to minneapolis from green bay on friday, nov 9 around 3pm(ish--we can discuss a time if 3pm didn't work). and i would be returning on that sunday to green bay. 
email me if you're interested. 
thanks, 
mary",2012-11-04T01:04:59-05:00,emailnotfound,TRUE,greenbay,2012-11-09T01:04:59-05:00,minneapolis
ride offered - green bay to madison on sat 11/10 (green bay),greenbay,http://greenbay.craigslist.org/rid/3379865362.html,"i'm offering a ride from green bay to madison. 
leaving november 10th returning november 11th. i'm actually going to brooklyn, which is a little further south if anyone needs to go down further i'm willing to drive a bit extra. contact me on zimride: [...]",2012-11-01T14:47:38-05:00,emailnotfound,TRUE,greenbay,2012-11-10T14:47:38-05:00,madison
rideshare offered--green bay to eau claire,greenbay,http://greenbay.craigslist.org/rid/3363249526.html,"i'm planning to make a trip to eau claire from green bay on nov 9th in the afternoon, leaving ec for gb sun nov 11th. contribution to gas depends on how many people will ride in my car (currently room for 4 people). email me and we can work things ou [...]",2012-10-24T23:16:30-05:00,emailnotfound,TRUE,greenbay,2012-11-09T23:16:30-05:00,eau
commute green bay to appleton,greenbay,http://greenbay.craigslist.org/rid/3349628146.html,"looking for a ride mon thru fri for 2 from green bay to appleton fox valley tech or mall. 
must arrive there by 715 & flexible pick up times between 330-5. will share cost gas. pamela 471-8278",2012-10-19T08:18:29-05:00,emailnotfound,TRUE,greenbay,2012-10-22T08:18:29-05:00,appleton
