title,postingFrom,permalink,shortDescription,postingDate,mailToLink,driver,from,leaving,to
ride offered - marlboro to biloxi on wed 11/14 (marlboro),catskills,http://catskills.craigslist.org/rid/3402837403.html,"i'm offering a ride from marlboro to biloxi. 
leaving november 14th returning november 14th. contact me on zimride: http://www.zimride.com/ride/share?ride=520980 ",2012-11-11T17:17:37-05:00,emailnotfound,TRUE,catskills,2012-11-14T17:17:37-05:00,biloxi
share ride in my car from nyc area to abq nm (liberty ny to abq),catskills,http://catskills.craigslist.org/rid/3395678774.html,"i am driving a full-sized car from the liberty ny area to albuquerque nm around the middle of november. i can drop you off anywhere in between. i am an excellent driver, car is in very good condition. please pay 2/3 of gas and we share room cost, 3 o [...]",2012-11-08T13:55:54-05:00,emailnotfound,TRUE,catskills,2012-02-03T13:55:54-05:00,abq
ride offered - marlboro to biloxi on wed 11/14 (marlboro),catskills,http://catskills.craigslist.org/rid/3394268430.html,"i'm offering a ride from marlboro to biloxi. 
leaving november 14th returning november 14th. contact me on zimride: http://www.zimride.com/ride/share?ride=520980 ",2012-11-07T20:55:15-05:00,emailnotfound,TRUE,catskills,2012-11-14T20:55:15-05:00,biloxi
driving to toronto   oct. 17 - oct. 22 (woodstock),catskills,http://catskills.craigslist.org/rid/3317676423.html,"hello - i'm driving from woodstock up to toronto on wednesday oct. 17th, coming back on monday the 22nd. i can take you anywhere along the thruway (buffalo, etc) or all the way to toronto. i have a 2-seater hybrid that gets amazing mileage. we split  [...]",2012-10-05T07:12:08-04:00,emailnotfound,TRUE,catskills,2012-10-17T07:12:08-04:00,toronto
"ride needed 10/4 from new paltz to syracuse, oswego, watertown are (new paltz)",catskills,http://catskills.craigslist.org/rid/3311793428.html,"looking for ride from new paltz, ny to syracuse area (or oswego or watertown area) on thursday 10/4/12. going up to see family. 38 year old male. professional photographer. non creepy, can engage in intelligent conversation, or sit quiet. either way  [...]",2012-10-02T16:02:28-04:00,emailnotfound,FALSE,catskills,2012-10-04T16:02:28-04:00,syracuse
