title,postingFrom,permalink,shortDescription,postingDate,mailToLink,driver,from,leaving,to
rideshare from phx-skyharbor to sedona/voc (sky harbor),phoenix,http://phoenix.craigslist.org/nph/rid/3380904898.html,"hi im shaun, i will be in phoenix on december 3rd, looking for a ride to the village of oak creek, verde valley rd. i can pay up to $30 or a small tattoo. here is a link to my portfolio&gt; http://www.facebook.com/dawgzhaustattooz 
if you're interest [...]",2012-11-18T01:24:36-07:00,emailnotfound,TRUE,phoenix,2012-12-03T01:24:36-07:00,sedona/voc
need a ride to arizona (from n. dakota),phoenix,http://phoenix.craigslist.org/nph/rid/3417704451.html,"looking to leave north dakota (jamestown, but i can get to you....) this week...preferably asap. will share gas costs. just me and my clothes need to get home stat...need a ride to arizona or as close to there as you are going???",2012-11-17T22:15:27-07:00,emailnotfound,FALSE,phoenix,2012-11-17T22:15:27-07:00,arizona
need ride phx to flagstaff sun 11/18 (gilbert to flag),phoenix,http://phoenix.craigslist.org/evl/rid/3417619649.html,"need ride on sunday 11/18 from gilbert area to the sedona exit off of i-17. my destination is about 10 minutes north on the 179 freeway, but if you can't do that, my friend can pick me up at the i-17/179 junction. thanks. 
can help with gas $, drivin [...]",2012-11-17T20:58:30-07:00,emailnotfound,TRUE,phoenix,2012-11-18T20:58:30-07:00,flagstaff
arizona to new york (az- nyc),phoenix,http://phoenix.craigslist.org/cph/rid/3417576193.html,"driving to ny from az for thanksgiving. then to new hampshire on friday 23rd. 
leaving on monday most likely, not trying to do very long days in the car. 
looking for rider to help with gas cost and maybe some driving (5 spd) 
will be passing through [...]",2012-11-17T20:23:51-07:00,emailnotfound,TRUE,phoenix,2012-11-19T20:23:51-07:00,new
ride offered - phx to la (mesa/gilbert),phoenix,http://phoenix.craigslist.org/evl/rid/3417534164.html,"i am travelling to la on wednesday nov 21st around 3-5 in the afternoon and looking for good company. available 3 seats - one way. $30 per person. interested call/text 928 seven zero one 8727 
gokul",2012-11-17T19:52:39-07:00,emailnotfound,TRUE,phoenix,2012-11-21T19:52:39-07:00,la
looking to go to la wednesday (downtown phx),phoenix,http://phoenix.craigslist.org/cph/rid/3417044994.html,"hey! i'm trying to get back to la for thanksgiving! happy to pitch in! im otis. website is otisfunkmeyer.com to see who i be. 
thx!!! text me 8183693303 if ur going!",2012-11-17T15:13:38-07:00,emailnotfound,FALSE,phoenix,2012-11-21T15:13:38-07:00,go
phoenix to maricopa tuesday afternoon (44th &amp; washington (light rail area)),phoenix,http://phoenix.craigslist.org/cph/rid/3416936453.html,"i would like to get down to maricopa, az on this coming tuesday (20th) in the mid to late afternoon. anyone out there could use a few dollars for gas?",2012-11-17T14:23:49-07:00,emailnotfound,TRUE,phoenix,2012-11-20T14:23:49-07:00,maricopa
ride offer: phoenix to la (phoenix to la),phoenix,http://phoenix.craigslist.org/cph/rid/3416632242.html,"heading out from phoenix to la. planning to leave early tuesday morning, wanting to stop at the joshua tree national park to see the sights but going to be in la by the evening. there is an extra seat and we are looking for someone to fill it. 
gas m [...]",2012-11-17T12:17:53-07:00,emailnotfound,TRUE,phoenix,2012-11-20T12:17:53-07:00,la
ride needed to show low (phx - show low),phoenix,http://phoenix.craigslist.org/cph/rid/3411204476.html,"i need a ride from phoenix airport to show low on november 19th. i arrive at about 10:30 am, so anytime after 11 am would work. 
if you are available, it will be just 1 adult with a couple bags. 
you can phone or txt me at 407-982- 91 three three. 
t [...]",2012-11-17T10:44:15-07:00,emailnotfound,FALSE,phoenix,2012-11-19T10:44:15-07:00,show
phoenix to l a  (leaving early sun),phoenix,http://phoenix.craigslist.org/wvl/rid/3416346536.html,leaving late sat. or early sun. for l a area 6+ hour trip. $30. for gas. text me @ 310-347-1280 thanks......kelly,2012-11-17T10:28:24-07:00,emailnotfound,TRUE,phoenix,2012-11-17T10:28:24-07:00,l
ride to north carolina  (scottsdale),phoenix,http://phoenix.craigslist.org/evl/rid/3416206191.html,i just got out the army not to long ago i'm 26 years old all i have is a few military duffle bags filled with clothes. i want to move out east i have a ex girl friend who is pregnant out there and we want to stay together for the baby and i wanna try [...],2012-11-17T09:33:41-07:00,emailnotfound,FALSE,phoenix,2012-11-23T09:33:41-07:00,north
looking for a ride to north carolina  (scottsdale),phoenix,http://phoenix.craigslist.org/evl/rid/3398838941.html,i just got out the army not to long ago i'm 26 years old all i have is a few military duffle bags filled with clothes. i want to move out east i have a ex girl friend who is pregnant out there and we want to stay together for the baby and i wanna try [...],2012-11-17T09:29:09-07:00,emailnotfound,FALSE,phoenix,2012-11-23T09:29:09-07:00,north
anyone going to north carolina  (scottsdale ),phoenix,http://phoenix.craigslist.org/evl/rid/3408642219.html,hi anyone going to north carolina i have money to help with gas and all i have is 1 back pack. call me at 4806346605 i don't get text its a house phone. i'm the guy on the right ,2012-11-17T09:28:36-07:00,emailnotfound,FALSE,phoenix,2012-11-19T09:28:36-07:00,north
"headed to seattle - will haul/tow/rideshare (from phx, az)",phoenix,http://phoenix.craigslist.org/wvl/rid/3415958903.html,"i am headed to seattle, wa from phoenix, az and taking the coastal route thru california and oregon. departing i think sunday the 18th probably late at night i am driving my f250 diesel truck i have nothing going up so far so first come first served  [...]",2012-11-17T07:41:51-07:00,emailnotfound,TRUE,phoenix,2012-11-18T07:41:51-07:00,seattle
ride needed from scottsdale or phoenix to tucson - nov 25th  (scottsdale),phoenix,http://phoenix.craigslist.org/evl/rid/3415669171.html,i'll be spending thanksgiving in scottsdale and i need a ride to go back home in tucson. ride can be from scottsdale or phoenix as early as possible that sunday. ,2012-11-17T02:06:03-07:00,emailnotfound,FALSE,phoenix,2012-11-25T02:06:03-07:00,tucson
ride offered mesa/phoenix to prescott valley wednesday afternoon (mesa),phoenix,http://phoenix.craigslist.org/evl/rid/3415624256.html,"i will be driving up to prescott from mesa on wednesday afternoon, november 21. if you need a ride and want to share gas then give me a call. 
william 480 898-4974",2012-11-17T00:47:29-07:00,emailnotfound,TRUE,phoenix,2012-11-21T00:47:29-07:00,prescott
"ride to san antonio,tx 11/18 or 19 (san antonio, texas)",phoenix,http://phoenix.craigslist.org/cph/rid/3415550575.html,"room for one gas rider, maybe driver bound for san antonio or austin, or cities en route on i-10. coming out of cali, thru there sunday or monday.",2012-11-16T23:13:06-07:00,emailnotfound,TRUE,phoenix,2012-11-18T23:13:06-07:00,san
offering: phoenix to flagstaff/sedona saturday (north),phoenix,http://phoenix.craigslist.org/cph/rid/3415475925.html,"i'm driving to flagstaff and sedona// i have room for 3 people and we will share gas costs. call me or text me 320-260-9965 
i'm leaving tomorrow but let me know your schedule and we can coordinate the carpool :) 
peace",2012-11-16T21:59:31-07:00,emailnotfound,TRUE,phoenix,2012-11-16T21:59:31-07:00,flagstaff/sedona
i need a ride from phx to san diego (phx to san diego),phoenix,http://phoenix.craigslist.org/nph/rid/3415192531.html,i am looking for a ride from phx to san diego (just east of san diego) will pay gas money with cash when you drop me off. prefer a female. email me. thanks,2012-11-16T18:39:12-07:00,emailnotfound,FALSE,phoenix,2012-11-19T18:39:12-07:00,san
phoenix(arizona) to anaheim hills(cali) (10 interstate),phoenix,http://phoenix.craigslist.org/evl/rid/3414940120.html,"i'm driving from houston texas to anaheim hills cali. i'm using the 10 interstate the whole way. i'll be leaving sometime saturday 11-17-2012. 
texas cities passing through. 
houston(main city), sugar land, seguin, san antonio(main city), boeme, comf [...]",2012-11-16T16:27:54-07:00,emailnotfound,TRUE,phoenix,2012-11-17T16:27:54-07:00,anaheim
ride to phoenix november 21st  * returning the 28th (ride to phx and show low),phoenix,http://phoenix.craigslist.org/evl/rid/3414500438.html,ride to phoenix november 21st * returning the 28th. i have a suv (tahoe) with room for 1 or 2 people and some boxes. non-smoking ride. i will stop in payson or globe for gas and a break. cost depends on where i pick up and drop off. i'm headed to tem [...],2012-11-16T13:22:40-07:00,emailnotfound,TRUE,phoenix,2012-11-21T13:22:40-07:00,phoenix
ride needed - phoenix to san diego on fri 11/16 (phoenix),phoenix,http://phoenix.craigslist.org/cph/rid/3414196834.html,"i'm looking for a ride from phoenix to san diego. 
leaving november 16th. price neg. really need to get there like yesterday. lost my wallet at nascar so only expired id, need to be at work in the morn or early afternoon if poss. if u r leaving sat t [...]",2012-11-16T11:29:03-07:00,emailnotfound,TRUE,phoenix,2012-11-16T11:29:03-07:00,san
ride needed - phoenix to san diego on fri 11/16 (phoenix),phoenix,http://phoenix.craigslist.org/evl/rid/3414193777.html,"i'm looking for a ride from phoenix to san diego. 
leaving november 16th. price neg. really need to get there like yesterday. lost my wallet at nascar so only expired id, need to be at work in the morn or early afternoon if poss. if u r leaving sat t [...]",2012-11-16T11:27:57-07:00,emailnotfound,TRUE,phoenix,2012-11-16T11:27:57-07:00,san
ride needed - phoenix to san diego on fri 11/16 (phoenix),phoenix,http://phoenix.craigslist.org/wvl/rid/3414192325.html,"i'm looking for a ride from phoenix to san diego. 
leaving november 16th. price neg. really need to get there like yesterday. lost my wallet at nascar so only expired id, need to be at work in the morn or early afternoon if poss. if u r leaving sat t [...]",2012-11-16T11:27:26-07:00,emailnotfound,TRUE,phoenix,2012-11-16T11:27:26-07:00,san
"ride offered to los algodones tomorrow. dental? rx drugs? new glasses? (glendale, phoenix)",phoenix,http://phoenix.craigslist.org/wvl/rid/3413855528.html,"i have a rental car (my old ford pickup is a beast when it comes to fuel consumption). 
i will be leaving sat. am between 4:00 am and 5:00 am. arriving in los algodones about 8 am. 
i plan to shop, go to the pharmacy for drugs, the veterinarian, eat  [...]",2012-11-16T09:24:46-07:00,emailnotfound,TRUE,phoenix,2012-11-16T09:24:46-07:00,los
phoenix north to hoover dam and vegas (tapatio hilton resort),phoenix,http://phoenix.craigslist.org/nph/rid/3413773525.html,"someone inquired about a ride to vegas today. i accidently deleted the emial. if you email me back the ride still stands, will be leaving thia afternoonand sorry for the mix up.",2012-11-16T08:52:31-07:00,emailnotfound,TRUE,phoenix,2012-11-16T08:52:31-07:00,hoover
