title,postingFrom,permalink,shortDescription,postingDate,mailToLink,driver,from,leaving,to
osu to pdx airport emergency ride offered (osu),corvallis,http://corvallis.craigslist.org/rid/3417791144.html,"if you need an emergency ride to pdx from osu, reply to this message and i'll get back with you asap. i can take you up, no matter what time you need to be at pdx, and/or even bring you back to corvallis. i have a 4-door sedan, so i would be limited  [...]",2012-11-17T22:57:53-08:00,emailnotfound,TRUE,corvallis,2012-11-17T22:57:53-08:00,pdx
ride to eugene needed (corvallis),corvallis,http://corvallis.craigslist.org/rid/3417111447.html,"i need a ride back to eugene on sunday the 18th! i can help with gas $, please let me know asap!",2012-11-17T14:45:24-08:00,emailnotfound,FALSE,corvallis,2012-11-17T14:45:24-08:00,eugene
ride offer to portland today around 5  (osu),corvallis,http://corvallis.craigslist.org/rid/3416689763.html,"heading to portland this evening around 5 or 6 pm hit me up if you need a ride 
(503)three- five- eight-5-7-1- nine 
asking ten dollars for gas",2012-11-17T11:40:42-08:00,emailnotfound,TRUE,corvallis,2012-11-17T11:40:42-08:00,portland
offering ride from albany to pendleton 11/21,corvallis,http://corvallis.craigslist.org/rid/3415666137.html,non smoking and help w/ gas. leaving albany very early thanksgiving,2012-11-17T01:00:13-08:00,emailnotfound,TRUE,corvallis,2012-11-21T01:00:13-08:00,pendleton
ride wanted corvallis/ albany to portland this sunday afternoon,corvallis,http://corvallis.craigslist.org/rid/3415142164.html,i am coming back from visiting family and my sister only needs to travel as far as corvallis. if possible i would like to catch a ride with someone. i can help out with gas as well as driving ( i can drive a manual transmission as well as automatic). [...],2012-11-16T17:10:57-08:00,emailnotfound,FALSE,corvallis,2012-11-18T17:10:57-08:00,portland
ride offered to north bay area or on the way (corvallis to califonia),corvallis,http://corvallis.craigslist.org/rid/3414802229.html,"i will be driving from corvallis to novato (north bay) on november 21st for thanksgiving. will be returning to corvallis on that sunday. if you need a ride that is on i5 or so let me know! 
asking for some gas money and good company. thanks for looki [...]",2012-11-16T14:25:05-08:00,emailnotfound,TRUE,corvallis,2012-11-21T14:25:05-08:00,north
thanksgiving down south - ride offer (corvallis to medford),corvallis,http://corvallis.craigslist.org/rid/3414344410.html,"we are a couple heading home for the holidays. we are leaving corvallis around 6:00 pm on wednesday and heading for medford. room for 1 or 2. $30 from corvallis, $20 from eugene. car is older but warm! no drugs, we are high on life. email if interest [...]",2012-11-16T11:23:23-08:00,emailnotfound,TRUE,corvallis,2012-11-21T11:23:23-08:00,medford
ride to offer: 11/17  (corvallis to portland),corvallis,http://corvallis.craigslist.org/rid/3414267492.html,i am heading from corvallis to portland tomorrow afternoon (satruday november 17th) and have space to take carpoolers. please email or call to ride with me. plan to pitch-in for gas and have a centralized drop-off. -katelyn (845-797-3740),2012-11-16T10:54:54-08:00,emailnotfound,TRUE,corvallis,2012-11-17T10:54:54-08:00,offer
need ride to portland - 11/15 (corvallis),corvallis,http://corvallis.craigslist.org/rid/3412295729.html,"hey 
my names ian, and i need to get back to pdx today, thursday the 15th. got cash and am desperate for a ride. please call/text (503-901-3281) or email. 
thanks",2012-11-15T13:37:11-08:00,emailnotfound,FALSE,corvallis,2012-11-15T13:37:11-08:00,portland
ride needed 11/21 corvallis to ashland (corvallis),corvallis,http://corvallis.craigslist.org/rid/3411464087.html,"i am looking for a ride south on 1-5 from corvallis to the ashland area on 11/21. i can meet people/be picked up on the 1-5 if that makes things easier. i can help with gas money and/or driving. 
zaya",2012-11-15T08:16:22-08:00,emailnotfound,FALSE,corvallis,2012-11-21T08:16:22-08:00,ashland
ride offered to medford 11/22 (i-5 s),corvallis,http://corvallis.craigslist.org/rid/3410798595.html,"i'm renting a car and driving from newport, via corvallis, down i-5 to the medford area on thanksgiving day. i'm looking for one or two good people to share gas and make the drive a little more interesting. i'm planning on leaving newport around 9 or [...]",2012-11-14T20:55:04-08:00,emailnotfound,TRUE,corvallis,2012-11-22T20:55:04-08:00,medford
need a ride to tacoma from corvallis!! (osu),corvallis,http://corvallis.craigslist.org/rid/3410336757.html,"hi, 
im looking for a ride from corvallis to tacoma for this weekend. i can leave anytime after 8pm thursday, anytime on frieday. 
please hit me up!",2012-11-14T16:11:22-08:00,emailnotfound,FALSE,corvallis,2012-11-15T16:11:22-08:00,tacoma
corvallis to socal friday or sat.,corvallis,http://corvallis.craigslist.org/rid/3404871089.html,"my girlfriend and i are headed south friday night or saturday morning to ventura, ca in a honda fit - a small, but roomy 4 door car. we can fit two more and make reasonable detours. you need to be ready and have gas money in your pocket. stops for fo [...]",2012-11-12T11:59:14-08:00,emailnotfound,TRUE,corvallis,2012-11-12T11:59:14-08:00,socal
need ride to eugene,corvallis,http://corvallis.craigslist.org/rid/3404633952.html,"could use a ride to eugene if possible today and i can pay for gas but am hoping to split w/ you if possible. if your headed that way or willing too please give me a text and let's set something up. ~gabriel 
five four one two eight six zero two one  [...]",2012-11-12T10:37:42-08:00,emailnotfound,FALSE,corvallis,2012-11-12T10:37:42-08:00,eugene
need ride to portland on thursday nov 15th (osu),corvallis,http://corvallis.craigslist.org/rid/3403464927.html,i am in need of a ride to portland on thursday november 15th. would prefer to leave later in the day rather than earlier. but will take any ride offered. i can contribute gas money of course. would like to be dropped off at pdx. if by any small chanc [...],2012-11-11T20:34:36-08:00,emailnotfound,FALSE,corvallis,2012-11-15T20:34:36-08:00,portland
offering ride to lincoln city monday (corvallis),corvallis,http://corvallis.craigslist.org/rid/3401442436.html,"my wife and i are headed from corvallis to lincoln city on monday, nov. 12th. we will have room for one more person. if you need a lift, let us know. leaving around noonish (flexible). only 1 way trip. not round trip. 
caleb.",2012-11-10T21:10:41-08:00,emailnotfound,TRUE,corvallis,2012-11-12T21:10:41-08:00,lincoln
ride offered - corvallis to berkeley on sat 11/17 (corvallis),corvallis,http://corvallis.craigslist.org/rid/3399088396.html,"i'm offering a ride from corvallis to berkeley. 
leaving november 17th returning november 17th. contact me on zimride: http://www.zimride.com/ride/share?ride=525465 ",2012-11-09T18:52:06-08:00,emailnotfound,TRUE,corvallis,2012-11-17T18:52:06-08:00,berkeley
need ride to pdx (corvallis),corvallis,http://corvallis.craigslist.org/rid/3394593290.html,"hi. i am looking to share a rental vehicle or ride with someone heading to pdx on nov. 20th. i need to be at pdx by 1 pm. will pay half of gas cost. 
thank you.",2012-11-07T21:59:19-08:00,emailnotfound,TRUE,corvallis,2012-11-20T21:59:19-08:00,pdx
ride needed 11/8 from corv to pdx (corvallis),corvallis,http://corvallis.craigslist.org/rid/3394339025.html,hoping to find a ride from corvallis to portland anytime on thursday the 8th. i am a 22 year old fermentation science student at osu. willing to chip in for gas money.,2012-11-07T18:37:44-08:00,emailnotfound,FALSE,corvallis,2012-11-08T18:37:44-08:00,pdx
ride needed 11/7 corv to pdx (corvallis),corvallis,http://corvallis.craigslist.org/rid/3393792632.html,22 year old male looking for ride from corvallis to portland this afternoon or evening. willing to chip in for gas.,2012-11-07T14:03:54-08:00,emailnotfound,FALSE,corvallis,2012-11-07T14:03:54-08:00,pdx
ride needed to portland on 11/13 after 4pm (portland),corvallis,http://corvallis.craigslist.org/rid/3391380053.html,"hi, i am searching for a ride to portland anytime after 4pm on 11/13. thank you so much! 
koko",2012-11-06T13:31:12-08:00,emailnotfound,FALSE,corvallis,2012-11-13T13:31:12-08:00,portland
ride to salem this afternoon (corvallis),corvallis,http://corvallis.craigslist.org/rid/3390812285.html,"offering ride to salem today, leaving by 1:30pm. smoke/drug free environment. gas money would be helpful. please respond to this ad by 1:30. thanks! ",2012-11-06T09:53:55-08:00,emailnotfound,FALSE,corvallis,2012-11-06T09:53:55-08:00,salem
ride offer -11/22 to 11/24 round trip-- corvallis ---&gt; pdx airport (corvallis to portland),corvallis,http://corvallis.craigslist.org/rid/3390404562.html,"i will be driving to portland to fly out of town for thanksgiving, and would love to have someone ride to portland with me and split the gas and music! 
outgoing: corvallis ---&gt; portland (anywhere...). leaving 11/22 at around 8 am, unless you need [...]",2012-11-06T07:19:31-08:00,emailnotfound,TRUE,corvallis,2012-11-22T07:19:31-08:00,11/24
i sure could use a ride to eugene today (corvallis),corvallis,http://corvallis.craigslist.org/rid/3390027399.html,any time today would be great. email me with a phone number and i'll call asap. thanks. steve,2012-11-06T01:36:42-08:00,emailnotfound,FALSE,corvallis,2012-11-06T01:36:42-08:00,eugene
anyone heading to the coast? (or coast),corvallis,http://corvallis.craigslist.org/rid/3388861773.html,hey there! i'm an osu student looking for a rideshare to/from the or coastline. i need to get out there to collect some samples for a project and would also like to do some tide-pooling. i can offer gas moneys and i'm free to go anytime on thursday t [...],2012-11-05T12:38:49-08:00,emailnotfound,FALSE,corvallis,2012-11-05T12:38:49-08:00,the
ride offered - corvallis to tahoe city on sun 11/18 (corvallis),corvallis,http://corvallis.craigslist.org/rid/3388290342.html,"i'm offering a ride from corvallis to tahoe city. 
leaving november 18th. driving back to tahoe city on sunday morning, i could go down the 395 through susanville too, haven't decided yet. contact me on zimride: http://www.zimride.com/ride/share?ride [...]",2012-11-05T09:17:36-08:00,emailnotfound,TRUE,corvallis,2012-11-18T09:17:36-08:00,tahoe
ride offered (11/5): corvallis to portland (corvallis),corvallis,http://corvallis.craigslist.org/rid/3387084504.html,i'm headed up to north portland tomorrow (11/5/12) early in the morning. i need to be there by 8:30am at the latest so i'm thinking leaving here around 5:30am ish. i have room for up to three additional people. i can drop you off along the way if it  [...],2012-11-04T17:29:03-08:00,emailnotfound,TRUE,corvallis,2012-11-05T17:29:03-08:00,portland
"driving to eureka,ca",corvallis,http://corvallis.craigslist.org/rid/3387038766.html,my name is james and i am driving from corvallis @9:00am tuesday to eureka. ,2012-11-04T17:02:25-08:00,emailnotfound,FALSE,corvallis,2012-11-06T17:02:25-08:00,eureka
"corvallis to eugene, monday or tuesday (corvallis to eugene)",corvallis,http://corvallis.craigslist.org/rid/3385949185.html,"hello, are you heading south to eugene? i am in need of a ride on monday or tuesday, nov. 5th or 6th. let me know if you would have space for me and my pack, 541.740.0200! 
thanks!!!!!",2012-11-04T08:15:22-08:00,emailnotfound,FALSE,corvallis,2012-11-05T08:15:22-08:00,eugene
ride offered to pdx sunday eve 11/4 (corvallis),corvallis,http://corvallis.craigslist.org/rid/3385445500.html,"hi there! gf and i will be leaving corvallis around 9 pm towards portland, let me know if you'd need a ride 
call/text 
nate - 541-ninefivefour-8785",2012-11-04T00:16:32-07:00,emailnotfound,TRUE,corvallis,2012-11-04T00:16:32-07:00,pdx
offered: roundtrip corvallis to portland friday (corvallis 2 portland roundtrip),corvallis,http://corvallis.craigslist.org/rid/3313511897.html,"im going to portland... 
i'm asking 10 dollars gas ^^; but if that's too much, 5 will do! i will be returning monday or sunday evening and you can 
catch a ride for free.",2012-11-01T20:23:08-07:00,emailnotfound,TRUE,corvallis,2012-11-05T20:23:08-07:00,portland
need ride: corvallis to pdx 11/1 or 11/2(hopefully am),corvallis,http://corvallis.craigslist.org/rid/3380620570.html,"heyo, 
my names ian and i need to get up to portland friday 11/1, ideally before noon, for a meeting at 4pm. if you are leaving tonight or anytime tomorrow i would love a ride. if you have space i can help with gas. let me know quick as ya like, 5o3  [...]",2012-11-01T18:48:25-07:00,emailnotfound,FALSE,corvallis,2012-11-01T18:48:25-07:00,pdx
ride offered - corvallis to oakland on mon 11/5 (corvallis),corvallis,http://corvallis.craigslist.org/rid/3378629819.html,"i'm offering a ride from corvallis to oakland. 
leaving november 5th returning november 6th. call nick 541-760-359...last number is between 2 and 4.willing to pick up in eugene, or or anywhere on the way. going to livermore, ca but willing to drop of [...]",2012-10-31T23:01:38-07:00,emailnotfound,TRUE,corvallis,2012-11-05T23:01:38-07:00,oakland
corvallis to eugene airport 11/2,corvallis,http://corvallis.craigslist.org/rid/3378169488.html,"if anyone is going down to eugene airport on fri nov 2, that will get into the airport by 3:30 i have $15 in gas money. its okay if its earlier than that as well. 
please email me. my original flight home was cancelled due to the hurricane and my rid [...]",2012-10-31T16:36:27-07:00,emailnotfound,FALSE,corvallis,2012-11-02T16:36:27-07:00,eugene
need ride corvallis to eug tomorrow (11/1) morning,corvallis,http://corvallis.craigslist.org/rid/3377794008.html,"early as possible. i can give gas money. a ride would be so appreciated! thank you. 
call/text: 
503 3one0 four28nine.",2012-10-31T13:28:31-07:00,emailnotfound,TRUE,corvallis,2012-11-01T13:28:31-07:00,eug
corvallis to sisters/bend  (sunday or monday),corvallis,http://corvallis.craigslist.org/rid/3369670503.html,"i need a ride from corvallis to sisters on either sunday or monday. i'll give you money for gas, i've got a couple bags with me but not much. text or call me at (503) 385-6803. or email me alexjcristiano@gmail.com. 
thanks, alex.",2012-10-27T18:08:40-07:00,emailnotfound,FALSE,corvallis,2012-10-29T18:08:40-07:00,sisters/bend
i need a ride to pdx (corvallis),corvallis,http://corvallis.craigslist.org/rid/3369079791.html,"i'm looking for a ride to portland airport tomorrow afternoon 10/28/12. i can help with gas. 
thanks, 
chris ",2012-10-27T12:46:53-07:00,emailnotfound,TRUE,corvallis,2012-10-28T12:46:53-07:00,pdx
ride needed: corvallis to pdx friday 10/26 (near campus),corvallis,http://corvallis.craigslist.org/rid/3308320435.html,"hi, i'm looking for a ride north friday morning 10/26. i have class until 11, but would ideally like to leave right after that. i'm heading up to meet up with friends for a festival and just need a lift. i'm willing to chip in for gas money and conve [...]",2012-10-24T20:26:34-07:00,emailnotfound,FALSE,corvallis,2012-10-26T20:26:34-07:00,pdx
"ride needed from corvallis to pdx, 10/26 (corvallis-pdx)",corvallis,http://corvallis.craigslist.org/rid/3361395267.html,"please help me get from osu to pdx friday afternoon! i'm hoping to leave between 3:30-7:00 p.m., and i'd like to be dropped off in se/belmont area, but i'm pretty flexible. 
will obviously help with gas $$! 
cheers!",2012-10-24T07:29:57-07:00,emailnotfound,FALSE,corvallis,2012-10-26T07:29:57-07:00,pdx
ride needed- corvallis to pdx early morning 10/28 (corvallis),corvallis,http://corvallis.craigslist.org/rid/3360918698.html,"i am looking for a ride from corvallis to se pdx sunday morning (10/28) pretty early. i need to be in se pdx by probably 7:45, 8 at the latest. happy to contribute gas money!",2012-10-23T22:53:37-07:00,emailnotfound,FALSE,corvallis,2012-10-28T22:53:37-07:00,pdx
seattle trip 10/26-10/28 (corvallis to seattle and back),corvallis,http://corvallis.craigslist.org/rid/3360023511.html,"i am planning to drive from corvallis to seattle for the weekend, leaving friday 10/26 and returning sunday 10/28. friday will be a departure time around 1-2 pm, and plan on returning around 4-5 pm on sunday. 
i would appreciate money for gas (probab [...]",2012-10-23T14:13:56-07:00,emailnotfound,TRUE,corvallis,2012-10-26T14:13:56-07:00,seattle
driving to pdx from corvallis area wed pm 10/24,corvallis,http://corvallis.craigslist.org/rid/3359604831.html,"asking $15 for gas. departure time flexible. email if you are interested. room for additional passengers/some luggage (no dogs). 
rich",2012-10-23T11:36:56-07:00,emailnotfound,TRUE,corvallis,2012-10-24T11:36:56-07:00,pdx
i need a ride from corvallis to pdx 10/26 (sw pdx barbur exit),corvallis,http://corvallis.craigslist.org/rid/3358188360.html,"hey, 
i am a sophomore at osu and i am looking for a ride sometime this friday 10/26. if possible looking for a ride back to corvallis the 27th around 6pm? please let me know! and of course some gas money will be provided. 
you may call or text for q [...]",2012-10-22T19:21:53-07:00,emailnotfound,FALSE,corvallis,2012-10-26T19:21:53-07:00,pdx
i'm driving to san francisco friday (corvallis to san fran.),corvallis,http://corvallis.craigslist.org/rid/3355817646.html,"hello, i'm driving to san francisco this friday the 26 of october. if you need a ride there or anywhere along the way by i-5 email me. if you want to split gas with me, and have good stories to tell, email me please 
thanks ",2012-10-21T20:47:00-07:00,emailnotfound,TRUE,corvallis,2012-10-26T20:47:00-07:00,san
"corvallis to portland nahn meetings (corvallis, albany, salem)",corvallis,http://corvallis.craigslist.org/rid/3354812378.html,looking for local (nahn) national association of hispanic nurse members to rideshare monthly (every third thursday of the month) from corvallis to portland (pcc climb building near omsi). email if interested. ,2012-10-21T11:45:16-07:00,emailnotfound,TRUE,corvallis,2012-10-22T11:45:16-07:00,portland
help! oregon to greeley(denver) colorado (albany oregon),corvallis,http://corvallis.craigslist.org/rid/3354677808.html,"need to get to greeley(denver)! my dad has cancer. i'll be ready to leave on the 27th(flexible on the date). have license, & can help with gas. i'm 35, female, and always up for an adventure, unless... your not... then neither am i.lol. if interested [...]",2012-10-21T10:45:02-07:00,emailnotfound,TRUE,corvallis,2012-10-27T10:45:02-07:00,greeley
corvallis to portland sunday @11:30 am roundtrip (corvallis to portland roundtrip),corvallis,http://corvallis.craigslist.org/rid/3334953707.html,"asking ......10 dollars in gas. can drop you off anywhere i-5 n to pioneer square. leaving at 11:30 am this sunday, 
returning around 7 roundtrip. 
call five4one- five7one - 8zero9three. 
thanks!",2012-10-20T21:57:58-07:00,emailnotfound,TRUE,corvallis,2012-10-21T21:57:58-07:00,portland
