title,postingFrom,permalink,shortDescription,postingDate,mailToLink,driver,from,leaving,to
"ride to reno/tahoe (logan, ut to reno/tahoe)",logan,http://logan.craigslist.org/rid/3403901477.html,"hello, 
on tuesday, nov. 13, i will have an extra seat in my car, driving to tahoe, ca. i will be leaving logan at 3:00 pm. the cost is $50. i am looking to share my car with someone clean and well-mannered. i expect to be paid up front. i cannot acc [...]",2012-11-12T06:55:46-07:00,emailnotfound,TRUE,logan,2012-11-13T06:55:46-07:00,reno/tahoe
"tremonton to vernal and back, utah",logan,http://logan.craigslist.org/rid/3375646406.html,"my name is chad. i'm looking to head to vernal utah and am looking for a ride. if anyone is heading that way with in the next few weeks please let me know. i can help with some gas money if needed. i'm not a crazy or druggie, i'm just trying to get t [...]",2012-10-30T15:25:33-06:00,emailnotfound,FALSE,logan,2012-10-36T15:25:33-06:00,vernal
i need ride from logan to rexburg (logan),logan,http://logan.craigslist.org/rid/3357573954.html,i need a ride from logan to rexburg and back this weekend oct 26-28th (fri to sun) im hopefully looking to leave friday at 2:30 p.m. at the earliest and return on sunday night on the 28th if you could text me and let me know if you are available to d [...],2012-10-22T15:26:23-06:00,emailnotfound,FALSE,logan,2012-10-26T15:26:23-06:00,rexburg
need a ride to washington state??? (logan),logan,http://logan.craigslist.org/rid/3336716767.html,"i'll be driving my toyota tacoma from crested butte, co to bellingham, wa 10/24-10/25 stopping overnight in logan, ut. i've got room for one passenger and some stuff. looking to share driving and gas. email me thru craigslist if you need a ride all t [...]",2012-10-18T07:59:21-06:00,emailnotfound,TRUE,logan,2012-10-24T07:59:21-06:00,washington
logan to provo - oct 18th thursday (uvu),logan,http://logan.craigslist.org/rid/3341146713.html,"i'm driving to orem in the morning (leaving logan between 8-10am). might be driving back the same day, or the next day. i have room for up to 5 people and luggage (driving a mini-van). asking for $10 per person. (20 for round trip). 
text 8 0 1 - 2 1 [...]",2012-10-15T14:40:00-06:00,emailnotfound,TRUE,logan,2012-10-18T14:40:00-06:00,provo
ride from logan to boise,logan,http://logan.craigslist.org/rid/3340626822.html,"i am trying to make to boise, id this weekend. 
i am willing to drive if anyone wants a ride and willing to share gas costs. would want to leave thursday night or friday morning. 
or if someone is offering a ride i'd also be up to that!",2012-10-15T11:29:43-06:00,emailnotfound,FALSE,logan,2012-10-18T11:29:43-06:00,boise
11 oct logan to slc and return 15 oct (logan to slc (airport)),logan,http://logan.craigslist.org/rid/3329090313.html,"i am flying out on thursday the 11th and id like to be to the airport by 130. i am happy to get there early. 
and/or 
i arrive in slc at 110p on the 15th and would love a return ride as well. 
ill totally share in costs. if your trip takes you downto [...]",2012-10-10T09:25:40-06:00,emailnotfound,FALSE,logan,2012-10-11T09:25:40-06:00,slc
"logan to midwest (iowa city, ia)",logan,http://logan.craigslist.org/rid/3328888034.html,im driving to iowa city the week of the 14th. not exactly sure of the date but willing to be somewhat flexible. i plan on taking i80 the whole way with maybe one or two stops for a nap. i have room for 1 with some room for luggage. just looking to sp [...],2012-10-10T07:43:48-06:00,emailnotfound,TRUE,logan,2012-10-14T07:43:48-06:00,midwest
