title,postingFrom,permalink,shortDescription,postingDate,mailToLink,driver,from,leaving,to
offered: bloomington to chicago 11/17 (hyde park),bloomington,http://bloomington.craigslist.org/rid/3414305465.html,"driving from bloomington to chicago on saturday around noon. get in touch if you can offer something for gas and would like a ride any part of the way. 
phone: six 0 8 three three4 76four six 
there is room for four.",2012-11-16T14:09:01-05:00,emailnotfound,TRUE,bloomington,2012-11-17T14:09:01-05:00,chicago
ride to chicago offered (united states),bloomington,http://bloomington.craigslist.org/rid/3409006663.html,"going to chicago thursday afternoon around 2pm. some space available, split gas.",2012-11-14T10:28:04-05:00,emailnotfound,TRUE,bloomington,2012-11-15T10:28:04-05:00,chicago
ride needed - bloomington to chicago on wed 11/21 (bloomington),bloomington,http://bloomington.craigslist.org/rid/3402635986.html,"i'm looking for a ride from bloomington to chicago. 
leaving november 21st returning november 25th. contact me on zimride: http://www.zimride.com/ride/share?ride=526551 ",2012-11-11T15:40:45-05:00,emailnotfound,TRUE,bloomington,2012-11-21T15:40:45-05:00,chicago
ride to ny (saratoga springs),bloomington,http://bloomington.craigslist.org/rid/3395719815.html,leaving seymour indiana 11/ 15 driving to saratoga springs ny return after thanksgiving 11/26 anyone needing a ride please let me know.,2012-11-08T14:10:54-05:00,emailnotfound,FALSE,bloomington,2012-11-26T14:10:54-05:00,ny
split costs of ride bloomington to chicago 11/9-11/11 or 12,bloomington,http://bloomington.craigslist.org/rid/3395664834.html,"anyone interested in sharing the costs of car rental & gas for a trip from bloomington to chicago this weekend? i want to leave bloomington either late fri nov 9 or early sat nov 10, and return either late sun nov 11 or early mon nov 12. i guess it w [...]",2012-11-08T13:50:53-05:00,emailnotfound,TRUE,bloomington,2012-11-09T13:50:53-05:00,chicago
ride offer to cleveland this weekend (bloomington),bloomington,http://bloomington.craigslist.org/rid/3395643649.html,"i will be driving from bloomington to cleveland, oh and back this weekend- leaving either friday evening the 9th or saturday morning the 10th and coming back monday the 12th. i'll be heading north on 37 to indianapolis, west on 70 to columbus, oh and [...]",2012-11-08T13:43:06-05:00,emailnotfound,TRUE,bloomington,2012-11-09T13:43:06-05:00,cleveland
ride offered - columbus to detroit on fri 11/9 (columbus),bloomington,http://bloomington.craigslist.org/rid/3394626575.html,"i'm offering a ride from columbus to detroit. 
leaving november 9th returning november 11th. i am willing to take reasonable detours, if my rides need it.
thanks i am a university of michigan alumni - class of 2011. i presently work for cummins inc.  [...]",2012-11-08T01:39:27-05:00,emailnotfound,TRUE,bloomington,2012-11-09T01:39:27-05:00,detroit
ride from bloomington in to louiville kentucky  (louiville kentucky ),bloomington,http://bloomington.craigslist.org/rid/3386508134.html,"i'm a 21 year old taveler that needs to get to louiville kentucky before election day. i don't have any money to contribute for gas, but i will give you a beautiful piece of art work i've done. 
i need to meet back up with my traveling partner before [...]",2012-11-04T15:29:40-05:00,emailnotfound,FALSE,bloomington,2012-11-05T15:29:40-05:00,louiville
ride to chicago (bloomington),bloomington,http://bloomington.craigslist.org/rid/3382569181.html,i need a ride to go the chicago on sunday and come back here on monday night i will pay your gas just myself please let me know if you interest asap,2012-11-02T18:28:20-04:00,emailnotfound,FALSE,bloomington,2012-11-02T18:28:20-04:00,chicago
ride to minneapolis  (iu bloomington),bloomington,http://bloomington.craigslist.org/rid/3377899135.html,"driving up to minneapolis on december 18th and coming back to bloomington on december 21st. have room in our car for three people. will be fun to drive with interesting people who can help drive an share gas. 
email for more information and about dat [...]",2012-10-31T17:15:14-04:00,emailnotfound,TRUE,bloomington,2012-12-18T17:15:14-04:00,minneapolis
going: bloomington to central tn and back.  11-1 - 11-6 (brown county),bloomington,http://bloomington.craigslist.org/rid/3377068365.html,"will be going to central tn through louisville and beyond this thursday. 
call me if you want to connect and ride down and possibly ride up. 
812 927 0879 
jon",2012-10-31T11:41:08-04:00,emailnotfound,TRUE,bloomington,2012-10-32T11:41:08-04:00,central
ride offered - bloomington to miami on fri 3/15 (bloomington),bloomington,http://bloomington.craigslist.org/rid/3376424501.html,"i'm offering a ride from bloomington to miami. 
leaving march 15th returning march 17th. i have a 2012 mustang. first come first serve for the front seat. contact me on zimride: http://www.zimride.com/ride/share?ride=512035 ",2012-10-31T01:04:59-04:00,emailnotfound,TRUE,bloomington,2012-03-15T01:04:59-04:00,miami
martinsville to indy (lawrence and giest area),bloomington,http://bloomington.craigslist.org/rid/3354769406.html,hey. i drive from martinsville to indy mon-thurs. i do this for work and have been doing it for a year. would like a car pull buddy to share gas. i leave martinsville at 6:30 am every morning and come home at varying times. usually leaving indy betwe [...],2012-10-21T14:25:54-04:00,emailnotfound,TRUE,bloomington,2012-10-22T14:25:54-04:00,indy
"want: bloomington to california (tehama county, ca)",bloomington,http://bloomington.craigslist.org/rid/3337199918.html,"hey there! my name is chase, i am trying to get to tehama county, ca by october 18. i have a dog and there could be 2-3 others. we are kind and goofy people, so we wont harm you.. if you can help us out that would be wonderful! trying to make it out  [...]",2012-10-13T19:21:31-04:00,emailnotfound,FALSE,bloomington,2012-10-18T19:21:31-04:00,california
"ride to ann arbor, michigan (from btown to ann arbor)",bloomington,http://bloomington.craigslist.org/rid/3331739565.html,"hey i am a student trying to visit friends up at umich. ill help on gas. trying to leave tonight or friday. let me know! 
310 923 5222",2012-10-11T13:02:08-04:00,emailnotfound,FALSE,bloomington,2012-10-12T13:02:08-04:00,ann
driving up to the airport wednesday morning? (bloomington &amp; indianapolis airport),bloomington,http://bloomington.craigslist.org/rid/3326229667.html,"hello 
wondering if anyone is heading up to the airport wednesday october 10 no later than 1030am and if they have space for one person with two small bags in exchange for some gas money. 
thanks",2012-10-09T00:31:23-04:00,emailnotfound,TRUE,bloomington,2012-10-10T00:31:23-04:00,the
