title,postingFrom,permalink,shortDescription,postingDate,mailToLink,driver,from,leaving,to
catch a ride to myrtle beach (from a-town),allentown,http://allentown.craigslist.org/rid/3415873403.html,heading to myrtle beach area next weekend.traveling via i-95. share in gas money and pernhaps driving a bit and you have a ride.. i can take a few pieces of luggage as well.. email me for complete info.. it's about a 10 hour drive.. radio play most o [...],2012-11-17T08:49:13-05:00,emailnotfound,FALSE,allentown,2012-11-19T08:49:13-05:00,myrtle
shared ride from allentown to arizona (leaving on november 03 2012),allentown,http://allentown.craigslist.org/rid/3368683440.html,going to arizona and coming back to pennsylvania 6104400979,2012-10-31T18:16:05-04:00,emailnotfound,TRUE,allentown,2012-11-03T18:16:05-04:00,arizona
heading to florida (sun city ctr.),allentown,http://allentown.craigslist.org/rid/3333643605.html,"i will be leaving the lehigh valley on fri or sat oct 19 at approx 3:00am. i will be traveling down 476 to 95 to either rt 10 or rt 4 to 75s. sun cty ctr is just south of tampa.i will have room for 2 or 3 riders depending on lugage, i am driving a 20 [...]",2012-10-12T10:13:18-04:00,emailnotfound,TRUE,allentown,2012-10-19T10:13:18-04:00,florida
"i need to be picked up at roosevelt's bar  (bethlehem,pa)",allentown,http://allentown.craigslist.org/rid/3333589362.html,"if any one is free tonight and for 20 bucks, would you be able to pick me and my friend up at roosevelt's bar in bethlehem sat night at 1 am and take me to my bath home. if possible can you pick me up and take me there around 9 pm. thanks. heather",2012-10-12T09:46:32-04:00,emailnotfound,TRUE,allentown,2012-10-12T09:46:32-04:00,be
allentown area (pa) to mahwah nj commuter (lehigh valley),allentown,http://allentown.craigslist.org/rid/3326798462.html,"is there anyone in the allentown area who commutes to mahwah, nj area during the week? i need a roundtrip ride monday through friday. my work schedule is 8 am to 5 pm but can work around your schedule if it is close. i will contribute towards gas mon [...]",2012-10-09T10:54:56-04:00,emailnotfound,TRUE,allentown,2012-10-15T10:54:56-04:00,mahwah
"airport shuttle lvi to phl $120 inclusive 267-407-4260 (oct 12th, normal fare $160)",allentown,http://allentown.craigslist.org/rid/3325168636.html,....,2012-10-08T15:35:12-04:00,emailnotfound,TRUE,allentown,2012-10-12T15:35:12-04:00,phl
"commuter to parsippany nj needed (portland, pa area)",allentown,http://allentown.craigslist.org/rid/3250479921.html,"ride needed from portland pa area or water gap area to parsippany, nj. if you commute to parsippany or beyond, this could interest you. i work monday thru friday and start at any time between 6:00 and 7:00am and can leave work any time after 3:00pm.  [...]",2012-10-04T19:06:54-04:00,emailnotfound,FALSE,allentown,2012-10-08T19:06:54-04:00,parsippany
anyone headed to michigan  (adrian mi),allentown,http://allentown.craigslist.org/rid/3315180228.html,"hello looking for a ride to michigan... willing to help out with gas and any tolls!! if leaving on friday oct. 12 that would be perfect! it's my best friends baby shower and don't wanna miss it!! plz email me here or text me at 484-602-0440 
thanks 
 [...]",2012-10-04T01:41:30-04:00,emailnotfound,FALSE,allentown,2012-10-12T01:41:30-04:00,michigan
