title,postingFrom,permalink,shortDescription,postingDate,mailToLink,driver,from,leaving,to
ride offered (kalispell to cheyenne),montana,http://montana.craigslist.org/rid/3416761967.html,"driving to cheyenne on monday in a real gas hog. lots of seating, looking for help with fuel costs. please contact via text if interested. 
foroh6-twowono-ate5tooeight ",2012-11-17T13:09:53-07:00,emailnotfound,TRUE,montana,2012-11-19T13:09:53-07:00,cheyenne
"need a ride  to denver (deer lodge ,bozeman)",montana,http://montana.craigslist.org/rid/3398362404.html,"looking to leave around nov. 19 or so 1 guy and a backpack and i can help with gas and driving,contact steve",2012-11-09T13:49:19-07:00,emailnotfound,TRUE,montana,2012-11-19T13:49:19-07:00,denver
ride to seattle or all points in between on i-90 (from williston ),montana,http://montana.craigslist.org/rid/3379788225.html,i'm heading west on i-90 for seattle area on sunday. anyone wanting a ride and able to chip in on gas call 406-212-7299. i have a van so there is some empty room. thanks,2012-11-01T13:17:19-06:00,emailnotfound,FALSE,montana,2012-11-04T13:17:19-06:00,seattle
sydney montana to california (sydney),montana,http://montana.craigslist.org/rid/3366233111.html,i'm heading to california in monday the 29th going to pismo beach california in a rv. warm place to sleep no hotels all i ask is some gas money there is a lot of food here. email me asap leaving early on monday can pick you up anywhere on the route,2012-10-26T09:28:22-06:00,emailnotfound,TRUE,montana,2012-10-26T09:28:22-06:00,california
** responsible car transport: montana to east coast or reverse ** (montana),montana,http://montana.craigslist.org/rid/3315940792.html,"i will drive your car from montana to the dc metro area or east coast, or from dc metro area or east coast to montana. mature, reliable professional with an excellent driving record. reasonable rate plus gas and tolls. ",2012-10-11T15:24:28-06:00,emailnotfound,TRUE,montana,2012-10-15T15:24:28-06:00,east
lewistown to billings and back (lewistown),montana,http://montana.craigslist.org/rid/3331309643.html,"have a job interview today, really hoping to not have to reschedule. my ride cancelled on me literally minutes before i was supposed to go. if anyone's going to billings from here, or wouldn't mind getting me into billings for said interview before 5 [...]",2012-10-11T08:14:34-06:00,emailnotfound,FALSE,montana,2012-10-11T08:14:34-06:00,billings
