title,postingFrom,permalink,shortDescription,postingDate,mailToLink,driver,from,leaving,to
ride offered cornish nh/i-91 to nycity tuesday 11/20 (i-90),burlington,http://burlington.craigslist.org/rid/3417983282.html,"i am driving a truck with a piece of furniture into brooklyn tuesday afternoon, and will then leave the truck there. i am happy to offer a ride to someone who can help navigate into the city and help move the armoir up three flights into the apartmen [...]",2012-11-18T07:47:15-05:00,emailnotfound,TRUE,burlington,2012-11-20T07:47:15-05:00,nycity
vermont to florida (sarasota),burlington,http://burlington.craigslist.org/rid/3417521144.html,around dec. 3 or 4. volvo 240. smooth big ride.lots of space in the back for your stuff. easy going. share gas. ,2012-11-17T21:43:29-05:00,emailnotfound,TRUE,burlington,2012-12-03T21:43:29-05:00,florida
"ride offered to nj/nyc on nov. 21 (charlotte, vt)",burlington,http://burlington.craigslist.org/rid/3416765382.html,"ride offered anywhere between from burlington, vt to central new jersey. can get you to a train station to get 
to new york city as well. don't mind driving a little out of the way. leaving 
on wednesday the 21st. asking for gas money. amount depends [...]",2012-11-17T15:11:17-05:00,emailnotfound,TRUE,burlington,2012-11-21T15:11:17-05:00,nj/nyc
looking for a ride to cny on monday (jeffersonville/johnson/burlington),burlington,http://burlington.craigslist.org/rid/3416511148.html,"hey- 
looking for a safe ride home for thanksgiving... please send me a message if your headed in that direction... specifically going to utica ny but i could arrange to be picked up somewhere close to there. i could also pitch in for gas. 
thanks, 
 [...]",2012-11-17T13:31:01-05:00,emailnotfound,FALSE,burlington,2012-11-19T13:31:01-05:00,cny
"ride offered wednesday, nov. 21st to nyc (brattleboro area)",burlington,http://burlington.craigslist.org/rid/3415840655.html,"heading down to nyc from the brattleboro area for thanksgiving wednesday morning and will be coming back sunday. share the cost of gas, and enjoy the ride.",2012-11-17T08:26:00-05:00,emailnotfound,TRUE,burlington,2012-11-21T08:26:00-05:00,nyc
"ride offered tue 11/20 via keene, concord, wolfeboro, nh (brattleboro to limington, me)",burlington,http://burlington.craigslist.org/rid/3415257724.html,"we're heading from brattleboro to limington, me via keene, concord and wolfeboro, nh this tuesday, november 20th, leaving brattleboro mid-morning. we have two seats available. 
here is a map of our route: 
http://www.weatherbeard.com/maps/map2.php",2012-11-16T21:18:23-05:00,emailnotfound,TRUE,burlington,2012-11-20T21:18:23-05:00,limington
"offer: 11/20 brattleboro, vt to hickory, nc (brattleboro, vt)",burlington,http://burlington.craigslist.org/rid/3414344969.html,"couple leaving 11/20 early, on a long drive to hickory, nc. will gladly drop off at any point along the way. looking for someone who is comfortable in a small 4dr car, and is willing to help with gas. email for more information. thanks!",2012-11-16T14:23:36-05:00,emailnotfound,TRUE,burlington,2012-11-20T14:23:36-05:00,hickory
anyone headed to souther vt? or rt 100 s. (from waterbury),burlington,http://burlington.craigslist.org/rid/3414328057.html,"i am looking to get down to wilmington, vt this weekend. i don't have a specific day or time i need to leave. if anyone is going that way, i can pitch on gas. i am also looking for a ride back, so if anyone is going to visit family or friends and wil [...]",2012-11-16T14:17:25-05:00,emailnotfound,FALSE,burlington,2012-11-16T14:17:25-05:00,souther
rideshare from burlington to boston (burlington),burlington,http://burlington.craigslist.org/rid/3413583585.html,rideshare from burlington (uvt) to boston friday 16th at 7pm. $40 for gas. chris & nina 617-297-2111 or 514-249-6347,2012-11-16T09:24:56-05:00,emailnotfound,TRUE,burlington,2012-11-16T09:24:56-05:00,boston
need a ride to charlotte ferry today! ,burlington,http://burlington.craigslist.org/rid/3413547057.html,"any commuters out there going to the charlotte ferry after work today (friday 11/16)? or does anyone have a community contact? i'm going to visit some friends in the adirondacks and i need a way to get down to the ferry from burlington. 
please send  [...]",2012-11-16T09:04:11-05:00,emailnotfound,FALSE,burlington,2012-11-16T09:04:11-05:00,charlotte
searing for ride: vermont to nyc area (vermont-nyc/nj),burlington,http://burlington.craigslist.org/rid/3412784215.html,hello! i am a college student in vermont and i am looking for a ride from vermont (poultney/rutland area) to new york city or new jersey (newark area) on wednesday december 12th. i am willing to pitch in gas money and i am good company! i am also loo [...],2012-11-15T20:28:38-05:00,emailnotfound,FALSE,burlington,2012-12-12T20:28:38-05:00,nyc
1 + dog need ride to philadelphia area (btv to phl),burlington,http://burlington.craigslist.org/rid/3411628201.html,"i am looking for a ride on wednesday november 21 from burlington, vt to philadelphia, pa. i would also like to bring my dog. he is a super friendly, cute three years old lab mix. very well behaved. willing to split gas. 
thanks!",2012-11-15T12:19:15-05:00,emailnotfound,FALSE,burlington,2012-11-21T12:19:15-05:00,philadelphia
driving from burlington to ct friday 11/16 ,burlington,http://burlington.craigslist.org/rid/3410871860.html,"i am driving from burlington to ct on friday, 11/16 and am looking for anyone who would like to share the ride and split fuel costs. i am taking 89 to 91, so i can stop anywhere along those routes in vt and ma.",2012-11-15T01:07:31-05:00,emailnotfound,TRUE,burlington,2012-11-16T01:07:31-05:00,ct
middlebury to nyc and back,burlington,http://burlington.craigslist.org/rid/3410633220.html,leaving mid morning friday the 16th returning sunday the 18th. split gas. layed back scene with nice car. ,2012-11-14T21:55:53-05:00,emailnotfound,TRUE,burlington,2012-11-16T21:55:53-05:00,nyc
needed: ride from vergennes to rutland and back,burlington,http://burlington.craigslist.org/rid/3409994109.html,"i might possibly have work in rutland on thanksgiving, the 22nd. this poses a problem, as the buses aren't running that day. i would need a ride down that day, and then back up when my work is done. i don't know what time i will be working, so the ri [...]",2012-11-14T16:38:34-05:00,emailnotfound,FALSE,burlington,2012-11-22T16:38:34-05:00,rutland
"ride offered - burlington to manchester, new hampshire on thu 11/15 (burlington)",burlington,http://burlington.craigslist.org/rid/3409788745.html,"i'm offering a ride from burlington to manchester, new hampshire. 
leaving november 15th. comfortable, safe, sober and serene ride offered from the burlington, vermont area (or rutland depending on your needs) to the manchester, new hampshire area (o [...]",2012-11-14T15:18:42-05:00,emailnotfound,TRUE,burlington,2012-11-15T15:18:42-05:00,manchester
"ride needed to boston, ma 11/16 (burlington, vt)",burlington,http://burlington.craigslist.org/rid/3409342317.html,"looking for a ride from burlington, vt (i can meet you at the airport) to boston, ma. any time friday afternoon will work. my ideal departure time is 1:30 p.m. 
i'm a 42-year-old male. can share driving (on automatic transmission) and will pay for ga [...]",2012-11-14T12:36:26-05:00,emailnotfound,FALSE,burlington,2012-11-16T12:36:26-05:00,boston
ride offered: middlebury to nyc (middlebury),burlington,http://burlington.craigslist.org/rid/3408969671.html,"i'm a musician on tour playing 51 main this friday and i'll be heading down from middlebury, vt back to new york city this saturday, november 17th. i have room for a passenger and their bags and would like to share gas costs if you need a ride south. [...]",2012-11-14T10:11:32-05:00,emailnotfound,TRUE,burlington,2012-11-17T10:11:32-05:00,nyc
uvm student needs saturday am ride to boston (uvm-boston),burlington,http://burlington.craigslist.org/rid/3407304560.html,hey there! i am a uvm freshman in need of a ride to boston on saturday morning. if any uvm student is headed down i'm willing to chip in for gas!! please let me know asap if you're free!,2012-11-13T14:48:34-05:00,emailnotfound,FALSE,burlington,2012-11-13T14:48:34-05:00,boston
seeking ride from btv to montreal (btv to montreal),burlington,http://burlington.craigslist.org/rid/3406689229.html,"hi there, im seeking a ride...as the title explained. i'm a late twenties guy going up for a 24 hour period to see my partner's film premier! i'm also trying to save a little cash in the process. would be happy to pitch some gas or appreciation money [...]",2012-11-13T11:05:33-05:00,emailnotfound,FALSE,burlington,2012-11-19T11:05:33-05:00,montreal
ride wanted from nyc to montpelier vt. for thanksgiving 9/20 back 9/23 (nyc to montpelier vt.),burlington,http://burlington.craigslist.org/rid/3406677661.html,"ride wanted from nyc to montpelier vt. or anywhere in vt . some flexibility on dates and time 
t batz nyc photographer, check on google. split gas and tolls.leave nyc nov. 20 return nov. 23 more or less",2012-11-13T11:00:59-05:00,emailnotfound,TRUE,burlington,2012-09-20T11:00:59-05:00,montpelier
burlington to dc and back,burlington,http://burlington.craigslist.org/rid/3406528408.html,i am going home to the dc area for thanksfiving. i will be leaving wed morning and returning sun night. all i ask is for is to split the gas costs along the way. if you lve between here and there i can drop you off. ,2012-11-13T09:56:51-05:00,emailnotfound,TRUE,burlington,2012-11-14T09:56:51-05:00,dc
need ride to brattleboro/wilmington (from waitsfield),burlington,http://burlington.craigslist.org/rid/3405927618.html,i am looking for anyone going to southern vermont on wednesday november 14th. thursday might work too. it's me and a friendly lab and my backpack. if anyone is headed that way please e-mail me. thanks!,2012-11-12T23:07:26-05:00,emailnotfound,FALSE,burlington,2012-11-14T23:07:26-05:00,brattleboro/wilmington
burlington to boston tues 11/20 (burlington),burlington,http://burlington.craigslist.org/rid/3405858346.html,"leaving from burlington, vt to boston area on tuesday afternoon/evening (flexible on times). willing to drop off anywhere along the way. $20 per person. send an email if interested.",2012-11-12T22:20:24-05:00,emailnotfound,TRUE,burlington,2012-11-20T22:20:24-05:00,boston
looking for ride to ithaca for thanksgiving (leicester/ middlebury),burlington,http://burlington.craigslist.org/rid/3382350654.html,"i am looking for a ride home to ithaca, ny on tuesday 11/20 for thanksgiving (i would consider wed if departure time is early enough). i am in leicester, which is between brandon and middlebury, and i could get a ride to either of those locations if  [...]",2012-11-12T19:44:11-05:00,emailnotfound,FALSE,burlington,2012-11-20T19:44:11-05:00,ithaca
"ride offer: burlington to boston area 11/19 (btv - sharon, ma)",burlington,http://burlington.craigslist.org/rid/3404622432.html,"hi all! my girlfriend and i are driving down to sharon, mass, for thanksgiving and we have room for up to three more. can stop anywhere along the way. split gas (i've got a prius, so it should be pretty cheap) & share stories. returning to btown on s [...]",2012-11-12T13:33:48-05:00,emailnotfound,TRUE,burlington,2012-11-19T13:33:48-05:00,boston
"ride offer: from burlington to paramus, nj (or northern nj area).",burlington,http://burlington.craigslist.org/rid/3402575103.html,"i'm going to be driving from uvm to paramus, nj this friday, november 16th for thanksgiving break. i'll also be driving back up the sunday after thanksgiving. if you live in the nearby area and need a ride let me know! just bring gas money. ",2012-11-11T15:12:16-05:00,emailnotfound,FALSE,burlington,2012-11-16T15:12:16-05:00,paramus
btv to montreal qc (btv - yul -btv),burlington,http://burlington.craigslist.org/rid/3375995302.html,"***************beat the rush to btv or plb airport before the massive lines up's ************************************* 
24h rides from : montreal to burlington airport ( btv) or plattsburgh airport ( plb ) 
or from btv or plb to montreal 
montreal to [...]",2012-11-10T21:51:40-05:00,emailnotfound,TRUE,burlington,2012-11-12T21:51:40-05:00,montreal
montpelier to maryland nov 20 (baltimore),burlington,http://burlington.craigslist.org/rid/3400980006.html,"i'm leaving the montpelier area around noon on tuesday, nov 20th and heading down south to maryland for thanksgiving. if you're anywhere along the way and want to share a ride let me know. i'll be returning to burlington sat, nov 24th. ",2012-11-10T18:38:40-05:00,emailnotfound,TRUE,burlington,2012-11-20T18:38:40-05:00,maryland
"burlington to concord, nh (burlington)",burlington,http://burlington.craigslist.org/rid/3399666030.html,"driving from burlington to concord or manchester, nh tuesday the 13th, or wednesday the 14th, please help with gas. please email only with your situation schuggerman at gmail. easy to get along with, no bs, no drugs, no weapons just a safe ride with  [...]",2012-11-10T09:02:12-05:00,emailnotfound,TRUE,burlington,2012-11-13T09:02:12-05:00,concord
ride needed from burlington to providence or boston 11/11 (burlington),burlington,http://burlington.craigslist.org/rid/3398865201.html,"i need a ride from burlington to providence or boston this sunday 11/11 leaving in the afternoon or evening. i'll have two suitcases. will chip in with gas and or driving. 
eliza 
8023630285",2012-11-09T19:37:00-05:00,emailnotfound,FALSE,burlington,2012-11-11T19:37:00-05:00,providence
ride needed from barre to laconia 11/24-- 11/25 (barre area),burlington,http://burlington.craigslist.org/rid/3397699241.html,ride from barre to laconia nov 24 return nov 25 expenses and hourly pay also opportunity for commission if desiered sales not required but are optional the job is driving text 802-272-1534 or call same number,2012-11-09T11:45:38-05:00,emailnotfound,FALSE,burlington,2012-11-24T11:45:38-05:00,laconia
"ride needed to albany area sunday 11th afternoon,evening (manchester)",burlington,http://burlington.craigslist.org/rid/3397271455.html,need a ride over to albany rensylear area late afternoon or preferably evening this sunday nov 11th. wife returning from nyc on evening train would like to meet her (surprise) in albany and drive her back to manchester. will pay for your gas. can mee [...],2012-11-09T08:31:24-05:00,emailnotfound,FALSE,burlington,2012-11-11T08:31:24-05:00,albany
"need ride to 11/12/12 nyc - vt (rutland, vt)",burlington,http://burlington.craigslist.org/rid/3397265998.html,"greetings, 
i need a ride to rutland from nyc on monday. please email me if you have room for one person and her luggage.",2012-11-09T08:27:33-05:00,emailnotfound,TRUE,burlington,2012-11-12T08:27:33-05:00,11/12/12
driving to maine this pm or early am (colchester/kennebunk),burlington,http://burlington.craigslist.org/rid/3395295637.html,"leaving tonight or early tomorrow for maine have some room, would appreciate help with gas",2012-11-08T11:37:04-05:00,emailnotfound,TRUE,burlington,2012-11-08T11:37:04-05:00,maine
middlebury to montpelier as soon as possible! (midd to mont),burlington,http://burlington.craigslist.org/rid/3393472204.html,anybody making the middlebury to montpelier tomorrow?,2012-11-07T14:57:29-05:00,emailnotfound,TRUE,burlington,2012-11-07T14:57:29-05:00,montpelier
central vt to se pa - thanksgiving (montpelier area),burlington,http://burlington.craigslist.org/rid/3393012048.html,looking for some company on the drive from vt to the lehigh valley area over thanksgiving. leaving and coming back times are flexible. i'll have room for 1-2 people.,2012-11-07T12:11:09-05:00,emailnotfound,TRUE,burlington,2012-11-12T12:11:09-05:00,se
need a ride to the amherst area november 15th,burlington,http://burlington.craigslist.org/rid/3392164704.html,"my name is dan, i go to champlain college, in burlington vt and i have no car and i am trying to get to a show at umass amherst. please let me know if anyone can help, i will pay full gas!",2012-11-07T00:00:19-05:00,emailnotfound,FALSE,burlington,2012-11-15T00:00:19-05:00,the
ride offer: vt to syracuse (and points inbetween),burlington,http://burlington.craigslist.org/rid/3391699011.html,"essex/burlington --&gt; syracuse, ny this friday (nov 9th) around 4pm, time is flexible. copilots, gas $$, good tunes and fellow su alum are preferred! : )",2012-11-06T18:54:30-05:00,emailnotfound,TRUE,burlington,2012-11-09T18:54:30-05:00,syracuse
moving middlebury books to montpelier (niddlebury to montpelier),burlington,http://burlington.craigslist.org/rid/3390827964.html,"i must move about a small pick up truck worth of very good books. 
an suv or wagon would work. 
book rescuers, unite! 
anybody going that way, maybe even as far as marshfield? 
they are intended for youth camp and adult retreat library, 
and you're i [...]",2012-11-06T12:59:40-05:00,emailnotfound,TRUE,burlington,2012-11-12T12:59:40-05:00,montpelier
ride needed to nyc (nov 8 or 9) (middlebury),burlington,http://burlington.craigslist.org/rid/3372033923.html,"hi, i'm looking for a ride to new york from middlebury for next thursday or friday. very happy to share in gas money and driving. please let me know if you're headed that way! (i'm also looking for a ride back for that sunday, nov 11)",2012-11-06T09:24:51-05:00,emailnotfound,FALSE,burlington,2012-11-08T09:24:51-05:00,nyc
ride offered: burlington to lake placid on 11/16 (or points in between),burlington,http://burlington.craigslist.org/rid/3387994213.html,"hello! i am driving to lake placid, ny from burlington on the afternoon of friday, november 16th and am looking for one or two others to help pitch in for gas. i can drop you off in plattsburgh, ny as well. no smoking in the car and no creepers, plea [...]",2012-11-05T10:30:49-05:00,emailnotfound,TRUE,burlington,2012-11-16T10:30:49-05:00,lake
vermont to oregon.... empty horse trailer  (vermont),burlington,http://burlington.craigslist.org/rid/3338275222.html,"empty 4 horse trailer going west via i-80 can transport horses (40 years in the horse breeding business) or cargo etc. need to leave early to mid november 
call 360--561-9816",2012-11-05T08:41:51-05:00,emailnotfound,TRUE,burlington,2012-11-05T08:41:51-05:00,oregon
btv to philly (could make stops along the way) 11/20 (burlington),burlington,http://burlington.craigslist.org/rid/3386165411.html,i'll be heading out to philly around noon on 11/20 and would love some company and help with gas money. i'd be more than happy to try to find routes that would let drop someone off along the way. bring your ipod and it'll be great. a few christmas so [...],2012-11-04T12:54:42-05:00,emailnotfound,TRUE,burlington,2012-11-20T12:54:42-05:00,philly
"ride offer: vermont to dc area, 11/21/12 (middlebury, vt)",burlington,http://burlington.craigslist.org/rid/3386140686.html,"a friend and i are heading to the dc metro area for thanksgiving with my family. we have three more seat belts and/or some amount of luggage carrying capacity in my reliable, relatively environmentally respectful saturn. we will be departing from mid [...]",2012-11-04T12:43:43-05:00,emailnotfound,TRUE,burlington,2012-11-21T12:43:43-05:00,dc
btv to nyc needed 11/9 after work (ferrisburgh),burlington,http://burlington.craigslist.org/rid/3385970645.html,"looking to visit new york next weekend (11/9/12 to 11/11/12) for jazz & colors 
http://www.jazzandcolors.com/ 
i get off work in ferrisburgh at 5. 
split gas? leave friday? return on sunday? 
thanks and have fun. ",2012-11-04T11:25:34-05:00,emailnotfound,FALSE,burlington,2012-11-09T11:25:34-05:00,nyc
ride to boston needed (burlington),burlington,http://burlington.craigslist.org/rid/3385963410.html,"hi there! looking for a ride to boston (mansfield actually) on nov 15, 16, or 17. if you're heading down that way please let me know! 
cheers.",2012-11-04T11:22:07-05:00,emailnotfound,FALSE,burlington,2012-11-15T11:22:07-05:00,boston
middlebury to buffalo 11/20 (middlebury area),burlington,http://burlington.craigslist.org/rid/3354416883.html,"i'm heading from just south of middlebury to buffalo, ny on tuesday afternoon, november, 20th. 
pitch in some gas $ and jump in. 
i'll drop you near my final destination or if you need a ride somewhere between these two locations, that can probably w [...]",2012-11-03T20:59:45-04:00,emailnotfound,TRUE,burlington,2012-11-20T20:59:45-04:00,buffalo
driving to boston on election day - offering lift,burlington,http://burlington.craigslist.org/rid/3384550534.html,"do you need a ride to boston? 
nov 6th - morning - i'll be headed to boston and have a couple o' spots left in my car. 
leaving burlington at about 9am. happy to pick you up anywhere along the 89. 
email for more details. 
cheers, 
sheila",2012-11-03T16:38:55-04:00,emailnotfound,TRUE,burlington,2012-11-06T16:38:55-04:00,boston
"need ride(share) to nyc, hopefully mon! (south of white river)",burlington,http://burlington.craigslist.org/rid/3384459940.html,"i either need a ride from vt to nyc or someone to accompany me and my dog in a rental car! (i don't want to drive into manhattan alone). i am in hanover, nh but am going to try to rent a car near white river junction vt and can pick you up anywhere s [...]",2012-11-03T15:59:44-04:00,emailnotfound,TRUE,burlington,2012-11-05T15:59:44-04:00,nyc
"vt to nyc ride needed between 10/6 & 10/10 (springfield, vt)",burlington,http://burlington.craigslist.org/rid/3384164769.html,i will help pay for gas. need to get to nyc after this monday. send me an email and we'll further discuss details.,2012-11-03T14:00:48-04:00,emailnotfound,FALSE,burlington,2012-10-06T14:00:48-04:00,nyc
need rides to and/or from dakin farm nov 5th until christmas (vergennes),burlington,http://burlington.craigslist.org/rid/3383849384.html,"i will be starting a seasonal job at dakin farm in ferrisburgh on monday, nov 5th and will be working 9-5, monday thru friday, until just before christmas. i need a ride to and or/from dakin farm during that time, so if anyone heads north in the morn [...]",2012-11-03T11:58:58-04:00,emailnotfound,TRUE,burlington,2012-11-05T11:58:58-04:00,and/or
