title,postingFrom,permalink,shortDescription,postingDate,mailToLink,driver,from,leaving,to
looking to find someone who is driving down to miami  (southside jax  to miami),jacksonville,http://jacksonville.craigslist.org/rid/3414726327.html,"hi looking to find someone that's going to miami for the holidays in the next couple of days i have a military bag and a scuba bag and gas money hoping to leave this monday but if before that's cool too , otherwise i will be taking amtrak let me know [...]",2012-11-16T16:52:53-05:00,emailnotfound,FALSE,jacksonville,2012-11-19T16:52:53-05:00,find
florida to pa in the next couple weeks (florida),jacksonville,http://jacksonville.craigslist.org/rid/3414126472.html,i'll be heading up to pennsylvania in the next couple weeks. i'm taking i75 and i95. i'll have a 10 foot moving truck but my stuff too so no furniture or beds. if it's just you and a few bags or boxes thats ok. you are responsible for gas money. $150 [...],2012-11-16T13:03:57-05:00,emailnotfound,TRUE,jacksonville,2012-11-19T13:03:57-05:00,pa
heading to nyc (st aug),jacksonville,http://jacksonville.craigslist.org/rid/3411121394.html,"i am heading to nyc next week. i am looking for a (hopefully) sane person to share gas expenses with. i am leaving, probably, on the 20th and will return after thanksgiving. i am looking for some one that needs a ride up. coming back is still up in t [...]",2012-11-15T08:07:59-05:00,emailnotfound,FALSE,jacksonville,2012-11-20T08:07:59-05:00,nyc
jax to dc this thursday (northbound),jacksonville,http://jacksonville.craigslist.org/rid/3408803854.html,"hi all, i'm driving to washington dc this thursday and have room for one or two people. leaving from tallahassee at 4pm and driving through jacksonville and then all night to dc. email if you need a ride. no smoking in the car, but we can stop. gas m [...]",2012-11-14T08:39:26-05:00,emailnotfound,TRUE,jacksonville,2012-11-15T08:39:26-05:00,dc
"ride offered from jacksonville to miami, fl along the i-10 (jacksonville to miami)",jacksonville,http://jacksonville.craigslist.org/rid/3408422666.html,"i'm gonna take a road trip from jacksonville to miami around november 19th (give or take a few days), in my minivan. if you, your pet, or your stuff need a ride anywhere on the way i'd gladly try to accomodate the offer if you are trustworthy, easy t [...]",2012-11-13T23:48:45-05:00,emailnotfound,TRUE,jacksonville,2012-11-19T23:48:45-05:00,miami
looking for ride to swfl (fort myers) (downtown jacksonville to swfl),jacksonville,http://jacksonville.craigslist.org/rid/3405874103.html,"i'm looking for a rideshare to the fort myers area, any possible time in the near future. i'm somewhat broke but i will pay what i can in gas money. 
i'm young, laid back, so if you're headed to the southwest florida area, please let me know! reply a [...]",2012-11-12T22:30:40-05:00,emailnotfound,FALSE,jacksonville,2012-11-12T22:30:40-05:00,swfl
mon 11/12 jacksonville to atlanta bus ticket (can email ),jacksonville,http://jacksonville.craigslist.org/rid/3399055852.html,"jacksonville fl to atlanta ga 
bus ticket 
safe secure and easy for you. 
leaves downtown jacksonville 
11/12 this monday morning 10 am 
arrives downtown atlanta 4 pm 
you can easily take city bus and sky way to catch the bus in jax 
and marta trains [...]",2012-11-09T21:30:10-05:00,emailnotfound,TRUE,jacksonville,2012-11-12T21:30:10-05:00,atlanta
need furniture move jacksonville to tampa bay (11/12/12),jacksonville,http://jacksonville.craigslist.org/rid/3396717485.html,"i have a sofa set and coffee table to move from fleming island to st. petersburg fl. this weekend before 11/12/12 
call or text , no email: justin @ 917.497.4405",2012-11-08T21:49:34-05:00,emailnotfound,TRUE,jacksonville,2012-11-12T21:49:34-05:00,tampa
rideshare to nyc (nyc),jacksonville,http://jacksonville.craigslist.org/rid/3395559004.html,"hello, my name is jorge. i will be renting a vehicle to make a trip up to nyc hoping to leave asap. i'm looking for 2-3 passengers to help with cost of gas/tolls along the way. i would like to drive all the way through and can drop you off if it's cl [...]",2012-11-08T13:12:15-05:00,emailnotfound,TRUE,jacksonville,2012-11-08T13:12:15-05:00,nyc
i am in need of a ride to broward county please! (west side jacksonville),jacksonville,http://jacksonville.craigslist.org/rid/3386228946.html,"i am in need of a ride to broward county sout i-95 today or tommorrow, if you are going that way, please let me know. i am not a weirdo or strange person and good to talk to to make the time go by quicker. i have to get there for a job in fort lauder [...]",2012-11-07T11:29:53-05:00,emailnotfound,FALSE,jacksonville,2012-11-07T11:29:53-05:00,broward
j'ville north to new jersy today (j'ville),jacksonville,http://jacksonville.craigslist.org/rid/3392542968.html,"will be passing through jacksonville about noon today, roomm for one passenger...share gas. tolls, driving. call my cell asap to arrange pick=up 802-342-1692",2012-11-07T08:45:04-05:00,emailnotfound,TRUE,jacksonville,2012-11-07T08:45:04-05:00,new
need ride to go vote at 2p- arlington (townsend blvd) (arlington),jacksonville,http://jacksonville.craigslist.org/rid/3390782916.html,"i need a ride, car broke down and i need to ride to the polls with someone. we stand in line together & make a new friend.. 
no talking party affiliates! ",2012-11-06T12:43:17-05:00,emailnotfound,TRUE,jacksonville,2012-11-09T12:43:17-05:00,go
ride offered north from so fl (ftl to sc),jacksonville,http://jacksonville.craigslist.org/rid/3387113321.html,"leaving tues or wed. have some room if you have gas money, are not a psycho and are reasonably hygenic. leave some info",2012-11-04T20:46:13-05:00,emailnotfound,TRUE,jacksonville,2012-11-05T20:46:13-05:00,sc
ride to deland from jacksonville (jacksonville),jacksonville,http://jacksonville.craigslist.org/rid/3381567083.html,"hello, 
i need a ride to deland today -- cash + gas. let me know if you can do it. 
kb",2012-11-02T11:56:04-04:00,emailnotfound,FALSE,jacksonville,2012-11-02T11:56:04-04:00,deland
ride offered to nyc (nyc),jacksonville,http://jacksonville.craigslist.org/rid/3376467561.html,"we are two driving from miami to nyc leaving tomorrow morning around 11. will pass through jacksonville in the afternoon. hoping to get to nyc in 2 days. split gas, tolls, etc. text 917.348.2838",2012-10-31T01:57:30-04:00,emailnotfound,TRUE,jacksonville,2012-10-31T01:57:30-04:00,nyc
need ride j-ville to tampa area,jacksonville,http://jacksonville.craigslist.org/rid/3373113053.html,"hi! i am visiting my parents (who live in bradenton) for thanksgiving and will need a ride from jacksonville around november 20, give or take one day on either side. i am happy to contribute gas money to the ride. i am in north carolina now, but will [...]",2012-10-29T15:34:42-04:00,emailnotfound,FALSE,jacksonville,2012-11-20T15:34:42-04:00,tampa
"ride to asheville, nc (jacksonville)",jacksonville,http://jacksonville.craigslist.org/rid/3363066029.html,"hello, i need a ride to asheville this saturday if anyone is going. i will help out with gas and am great company. i just really need to get back to asheville and do not have a car at this time. i would really appreciate it if anyone is going that wa [...]",2012-10-24T22:06:51-04:00,emailnotfound,FALSE,jacksonville,2012-10-27T22:06:51-04:00,asheville
heading to nyc after the election (jacksonville),jacksonville,http://jacksonville.craigslist.org/rid/3357034215.html,i am heading to the northeast on or about november 7 to 9. looking for a non smoking travel mate. i have a passat wagon. ,2012-10-22T14:08:11-04:00,emailnotfound,TRUE,jacksonville,2012-11-07T14:08:11-04:00,nyc
westbound ride offered to tx nm az or ca (jacksonville),jacksonville,http://jacksonville.craigslist.org/rid/3334828213.html,"leaving jax approx. oct 23 or 24. one-way only. it's okay if you are going just part of the way. 
car is a 2011 altima, and there would be room for you to bring a suitcase or two. you would need to pick up your own hotel tabs, of course, and contribu [...]",2012-10-21T13:19:35-04:00,emailnotfound,TRUE,jacksonville,2012-10-23T13:19:35-04:00,tx
to ing freedom commerce (oceanway),jacksonville,http://jacksonville.craigslist.org/rid/3351921925.html,"looking for a carpool from oceanway to ing on freedom commerce in baymeadows. 
monday thru friday, 8 am to 5 pm. 
shared cost of fuel. 
send me an email if you want to split gas costs. 
thanks",2012-10-20T08:16:48-04:00,emailnotfound,TRUE,jacksonville,2012-10-22T08:16:48-04:00,ing
rider(s) wanted: jacksonville to tallahassee sunday oct 21st (jax to tlh),jacksonville,http://jacksonville.craigslist.org/rid/3350886238.html,"leaving jacksonville at around 8pm on sunday the 21st and heading straight to tallahassee. 
my car is a lincoln town car, it's clean, safe, and reliable. no smoking and no drugs in the car please. 
ride is $20. i can pick up near the highway (i-295)  [...]",2012-10-19T17:24:38-04:00,emailnotfound,TRUE,jacksonville,2012-10-21T17:24:38-04:00,tallahassee
friday morning trip to orlando (jacksonville),jacksonville,http://jacksonville.craigslist.org/rid/3344831322.html,"i need one-way transportation to orlando for a business event at 10 a.m. friday in orlando. i have a ride back available. 
any business professionals open to carpooling to orlando on friday morning or is there an inexpensive shuttle or executive car  [...]",2012-10-17T08:44:16-04:00,emailnotfound,TRUE,jacksonville,2012-10-19T08:44:16-04:00,orlando
west jacksonville to downtown today (please!!!!),jacksonville,http://jacksonville.craigslist.org/rid/3342547709.html,"couple need a ride from west jacksonville (corner of herlong and foracker) to downtown for a job interview at 1:00 today. 
i don't have any funds until i get paid if i get the job. 
no sexual favors! 
904-729-0138",2012-10-16T09:58:29-04:00,emailnotfound,FALSE,jacksonville,2012-10-16T09:58:29-04:00,downtown
in need of a ride back to jax,jacksonville,http://jacksonville.craigslist.org/rid/3340669241.html,"i will be in need of a ride from sarasota-ish area back to jacksonville anywhere from wednesday the 24th to sunday the 27th. ill split gas $$ and listen/tell stories and i enjoy good music. 
please anyone let me know!! 
nine-4-one-3-zero-2-three-0-fi [...]",2012-10-15T13:44:19-04:00,emailnotfound,FALSE,jacksonville,2012-10-24T13:44:19-04:00,jax
professional needs ride from wside to baymeadows,jacksonville,http://jacksonville.craigslist.org/rid/3339391116.html,i am a professioanl female who is looking for a ride from the normandy hammond area to baymeadows rd. i work monday thru thursday 9 to 6 an friday 9 to 3....i could catch the bus home if need be but getting to work is the hardest. would be willing to [...],2012-10-14T21:43:17-04:00,emailnotfound,FALSE,jacksonville,2012-10-15T21:43:17-04:00,baymeadows
headed to ny 10/15 (daytona),jacksonville,http://jacksonville.craigslist.org/rid/3338778089.html,leaving tomorrow late afternoon early evening 3-6pm from daytona non stop to upstate ny i-95 to i-87 do you need a ride up north along the way of those interstates? if so text me 518-3161248,2012-10-14T16:19:24-04:00,emailnotfound,TRUE,jacksonville,2012-10-15T16:19:24-04:00,ny
ride provided to daytona,jacksonville,http://jacksonville.craigslist.org/rid/3336876676.html,leaving from jacksonville at 5 : 30 pm today and will be back to jacksonville tomorrow( anytime is okay for me).,2012-10-13T16:37:09-04:00,emailnotfound,TRUE,jacksonville,2012-10-13T16:37:09-04:00,daytona
rideshare to the fest in gainesville? (jacksonville/gainesville),jacksonville,http://jacksonville.craigslist.org/rid/3336205485.html,"my friend and i are flying in from new york to go to the fest this year (happening friday 10/26- sunday 10/28) but we may not have a ride there. i'm originally from jacksonville, my folks live near the san pablo area. if you're driving to gainesville [...]",2012-10-13T12:02:35-04:00,emailnotfound,FALSE,jacksonville,2012-10-26T12:02:35-04:00,the
ride offered from jaxonville to anywhere between and upto daytona,jacksonville,http://jacksonville.craigslist.org/rid/3332319151.html,"i will be leaving today as well as on 10 th or 11 th as your wish. 
please contact me if you need the ride. ",2012-10-11T16:39:56-04:00,emailnotfound,TRUE,jacksonville,2012-10-11T16:39:56-04:00,anywhere
jacksonville/st. augustine to tampa (cr210),jacksonville,http://jacksonville.craigslist.org/rid/3319394936.html,i will be driving to tampa tomorrow morning and i can take someone along for gas money. send me a reply if you are interested.,2012-10-05T20:33:09-04:00,emailnotfound,TRUE,jacksonville,2012-10-05T20:33:09-04:00,tampa
"need a ride to winnsboro, texas (jacksonville (ws))",jacksonville,http://jacksonville.craigslist.org/rid/3313624481.html,"hello; my name is squeoo and i'm looking to try and get a ride to texas, hopefully to winnsboro, between the dates 10/7/12 and 10/10/12; i might be able to help with gas a little bit, but i have been out of work for a very, very long time. i will pro [...]",2012-10-03T12:42:09-04:00,emailnotfound,FALSE,jacksonville,2012-10-07T12:42:09-04:00,winnsboro
ride offered - jacksonville to counterpoint on wed 9/26 (jacksonville),jacksonville,http://jacksonville.craigslist.org/rid/3283277091.html,"i'm offering a ride from jacksonville to counterpoint. 
leaving september 26th returning september 30th. insanity friendly lol. driving in a pickup contact me on zimride: http://www.zimride.com/ride/share?ride=462616 ",2012-09-19T19:18:14-04:00,emailnotfound,TRUE,jacksonville,2012-09-26T19:18:14-04:00,counterpoint
