title,postingFrom,permalink,shortDescription,postingDate,mailToLink,driver,from,leaving,to
ride offered 10/10 - ogden to portland,ogden,http://ogden.craigslist.org/rid/3390805141.html,"ride offered 10/10 - ogden to portland 
cost is $100 = 1/2 of gas 
call me @ 850-866-9040",2012-11-06T10:51:21-07:00,emailnotfound,TRUE,ogden,2012-10-10T10:51:21-07:00,portland
need to get to morgan (ogden to morgan),ogden,http://ogden.craigslist.org/rid/3382159515.html,"hi, i'm carlos and i'm trying to get down to morgan, ut for a friend's farewell. he's serving in mexico and his farewell for the mtc is this sunday. i'm coming into town early sunday morning. i hear ogden isn't far from morgan so i'm just looking for [...]",2012-11-02T13:37:15-06:00,emailnotfound,FALSE,ogden,2012-11-02T13:37:15-06:00,get
