title,postingFrom,permalink,shortDescription,postingDate,mailToLink,driver,from,leaving,to
need ride (nashville to el paso),tricities,http://tricities.craigslist.org/rid/3413183178.html,me my two daughters and granddaughter need a ride near the el paso area from nashville tn. it would really help out if we could get a free ride but we are willing to pay. message back asap.,2012-11-16T01:05:59-05:00,emailnotfound,FALSE,tricities,2012-11-16T01:05:59-05:00,el
"need ride to pottstown, pa (or surrounding) for thanksgiving! (asheville to pa)",tricities,http://tricities.craigslist.org/rid/3410666668.html,"hi! 
my name is mare and i am 32, seeking a ride to pottstown pa (or the philadelphia area) on tuesday 11/20 or wednesday 11/21 and returning saturday 11/24 or sunday 11/25. i am open to a one-way ride, as i am also planning to journey to ca for a fe [...]",2012-11-14T22:17:07-05:00,emailnotfound,FALSE,tricities,2012-11-20T22:17:07-05:00,pottstown
free ride tri-cities to buffalo ny (buffalo),tricities,http://tricities.craigslist.org/rid/3382662616.html,leaving nov 10 to buffalo ny if you need a ride .or any ware in route is welcome,2012-11-02T19:13:59-04:00,emailnotfound,TRUE,tricities,2012-11-10T19:13:59-04:00,buffalo
going to knoxville nov. 6th (greeneville),tricities,http://tricities.craigslist.org/rid/3377102995.html,i'm heading down to the airport on november 6th at about 1pm. i'd be happy give someone a ride in exchange for splitting gas costs. thanks! ,2012-10-31T11:54:48-04:00,emailnotfound,TRUE,tricities,2012-11-06T11:54:48-04:00,knoxville
musician seeking ride from jc to nashville  oct 10th or after (jctn),tricities,http://tricities.craigslist.org/rid/3296443475.html,"musician seeking ride from jc to nashville oct 10th or after.. 
i am a 33 year old musician that is need of a ride to nashville from johnson city october 10th or after...",2012-10-09T16:52:54-04:00,emailnotfound,FALSE,tricities,2012-10-10T16:52:54-04:00,nashville
