title,postingFrom,permalink,shortDescription,postingDate,mailToLink,driver,from,leaving,to
"san antonio / austin to san francisco,ca nov30 later (san antonio, tx)",sanantonio,http://sanantonio.craigslist.org/rid/3378175665.html,"seek want san antonio, tx (take megabus downton to austin/ dallas / houston if need ) to san francisco bay area northern california (100 mile radius) destination after nov 30 . leaving departure time flexible asianleah (at) gmail (dot) com . share fu [...]",2012-11-17T15:58:00-06:00,emailnotfound,TRUE,sanantonio,2012-11-30T15:58:00-06:00,san
san antonio(texas) to anaheim hills(cali) (10 interstate),sanantonio,http://sanantonio.craigslist.org/rid/3414895892.html,"i'm driving from houston texas to anaheim hills cali. i'm using the 10 interstate the whole way. i'll be leaving sometime saturday 11-17-2012. 
texas cities passing through. 
houston(main city), sugar land, seguin, san antonio(main city), boeme, comf [...]",2012-11-16T17:06:54-06:00,emailnotfound,TRUE,sanantonio,2012-11-17T17:06:54-06:00,anaheim
i am driving to new england (san antonio),sanantonio,http://sanantonio.craigslist.org/rid/3412195448.html,"i am driving to new england. i am leaving...i dunno, probably no later than monday. if you were to come along i would need gas money. hotel is negotiable. can't bring much more than a backpack, cuz i have all my stuff. 1 person only. 
get at me via e [...]",2012-11-15T14:55:17-06:00,emailnotfound,TRUE,sanantonio,2012-11-19T14:55:17-06:00,new
"need ride to austin on friday (la quinta inn, cesar chavez)",sanantonio,http://sanantonio.craigslist.org/rid/3409709785.html,"hi, i will be staying at la quinta inn, need ride on friday at around 5:30 pm. i'm visiting from el paso on a conference in san antonio, will be visiting my dad in austin for the weekend. let me know if you're going that way. thanks!",2012-11-14T13:49:24-06:00,emailnotfound,FALSE,sanantonio,2012-11-16T13:49:24-06:00,austin
