title,postingFrom,permalink,shortDescription,postingDate,mailToLink,driver,from,leaving,to
hemet to san diego (kearny mesa) daily (hemet san diego),inlandempire,http://inlandempire.craigslist.org/rid/3417775822.html,"hi all, i commute from hemet to san diego (kearny mesa) round trip monday through friday. i leave hemet at approximately 6:30 am or earlier every morning and arrive in kearny mesa (163 freeway and clairemont mesa blvd. area) at approximately 7:45 am. [...]",2012-11-17T22:36:57-08:00,emailnotfound,TRUE,inlandempire,2012-11-19T22:36:57-08:00,san
joshua tree to oakland (joshua  tree),inlandempire,http://inlandempire.craigslist.org/rid/3416523362.html,"i am headed to oakland and then davis -- looking for 1 - 2 riders to keep company and help pay for gas. 
i can pick you up in joshua, palm springs, riverside, the ie , or la along the 10/210 
no smoking in the car 
be mellow, responsible, few bags 
$ [...]",2012-11-17T10:35:46-08:00,emailnotfound,TRUE,inlandempire,2012-10-21T10:35:46-08:00,oakland
ride needed to sf (claremont),inlandempire,http://inlandempire.craigslist.org/rid/3416059386.html,"twenty-two year-old needs ride to bay for thanksgiving. 
flexible on where to meet. 
will help pay for gas. 
thank you!",2012-11-17T07:32:00-08:00,emailnotfound,FALSE,inlandempire,2012-11-19T07:32:00-08:00,sf
california to dodgecity kansas anyone?,inlandempire,http://inlandempire.craigslist.org/rid/3415716082.html,i really need a ride from california to dodge city kansas to see some family for the holidays i don't have a lotta money but i have to get there asap let me know if you are crossing through there my numbers 951 943 7527 @ least to colorado call me if [...],2012-11-17T02:48:37-08:00,emailnotfound,FALSE,inlandempire,2012-11-17T02:48:37-08:00,dodgecity
california to dodge city kansas,inlandempire,http://inlandempire.craigslist.org/rid/3410997987.html,i really need a ride from california to dodge city kansas to see some family for the holidays i don't have a lotta money but i have to get there asap let me know if you are crossing through there my numbers 951 943 7527 or atleast to colorado :) ,2012-11-17T02:45:15-08:00,emailnotfound,FALSE,inlandempire,2012-11-17T02:45:15-08:00,dodge
palm springs to sf (ride offer monday ),inlandempire,http://inlandempire.craigslist.org/rid/3410581078.html,"driving my 2007 taurus to the city by the bay , departing palm springs at 930 am on monday november 19th , please be gay friendly . no psychos , and only those who have bathed within 24 hours will be allowed in my car. 55 bucks gets you there.some ba [...]",2012-11-17T00:45:59-08:00,emailnotfound,TRUE,inlandempire,2012-11-19T00:45:59-08:00,sf
ride needed from corona/eastvale to newport this weekend!,inlandempire,http://inlandempire.craigslist.org/rid/3414439766.html,"my name is winston, and my wife and i need a ride to newport beach! 
our car is out of commission at the moment =( 
if you are headed that way this weekend or can volunteer driver services, 
please call or text 661.427.9411 asap thanks! ",2012-11-16T11:59:23-08:00,emailnotfound,FALSE,inlandempire,2012-11-16T11:59:23-08:00,newport
ride from mira loma to campbell (south bay area-sf) (mira loma/riverside/inland empire),inlandempire,http://inlandempire.craigslist.org/rid/3413135566.html,"hello. i need a ride on the 21st or close to it to campbell, ca.(san jose). i will be returning around the 27th if i could get a ride back. 
if.. i cant find a ride, i will rent a car, and could take someone or more people, for $45.00 each way. a lit [...]",2012-11-15T21:20:20-08:00,emailnotfound,TRUE,inlandempire,2012-11-27T21:20:20-08:00,campbell
inland empire to seattle - suv and empty enclosed trailer (loma linda),inlandempire,http://inlandempire.craigslist.org/rid/3377656761.html,leaving sunday pm or monday am. can transport motorcycles or other lighter cargo. what do you have that needs to get to sac/portland/seattle or anywhere enroute? give me a call at 509-398-5025. thanks. terry,2012-11-15T20:07:04-08:00,emailnotfound,TRUE,inlandempire,2012-11-19T20:07:04-08:00,seattle
i need a ride to work tomorrow!,inlandempire,http://inlandempire.craigslist.org/rid/3395751719.html,"ride needed to and/or from ontario/chino from corona 
my address: 5905 larry dean st corona ca 
my work address: 10745 vernon ave, ontario ca 
it is about 12 miles each way 
i have to be at work at 8:15am, and i get off work at 5:30pm 
if you are abl [...]",2012-11-15T14:22:15-08:00,emailnotfound,FALSE,inlandempire,2012-11-15T14:22:15-08:00,work
ride or transport offered to las vegas tuesday nov 20th (inland empire),inlandempire,http://inlandempire.craigslist.org/rid/3410835074.html,"hi i'm driving a new mercedes sprinter van from san diego on tuesday, nov 20th. i can take large furniture, pets, bikes, motorcycles, boxes, etc. plenty of room for up to 10 passengers plus cargo. 
the van is very comfortable. 
i am a 30 year old, no [...]",2012-11-14T21:28:45-08:00,emailnotfound,TRUE,inlandempire,2012-11-20T21:28:45-08:00,las
please help need to get to eugene oregon (rialto),inlandempire,http://inlandempire.craigslist.org/rid/3408533491.html,"we are stuck in rialto and need to get to eugene or. any closer to eugene then we are will help, do not have much money but willing to pitch in for gas as much as we can. please text or call 541-501-0701. will be ready to get out of rialto by ten am  [...]",2012-11-13T22:46:29-08:00,emailnotfound,FALSE,inlandempire,2012-11-19T22:46:29-08:00,get
ride offer today to san diego  (palm springs to sd),inlandempire,http://inlandempire.craigslist.org/rid/3407893653.html,"leaving today (tues 13th) for san diego from palm springs, can pick you up and drop you off along the way. inland empire, temecula, etc... if interested text or call aaron 602.315.1523 
cheers",2012-11-13T15:44:01-08:00,emailnotfound,TRUE,inlandempire,2012-11-13T15:44:01-08:00,san
ride offered - ontario to sf on tue 11/13 (ontario),inlandempire,http://inlandempire.craigslist.org/rid/3406953567.html,"i'm offering a ride from ontario to san francisco. 
leaving november 13th. contact me on zimride: http://www.zimride.com/ride/share?ride=528912 ",2012-11-13T09:41:46-08:00,emailnotfound,TRUE,inlandempire,2012-11-13T09:41:46-08:00,sf
ride needed to davis today (riverside),inlandempire,http://inlandempire.craigslist.org/rid/3406648324.html,"hi i need to get a ride to davis today. let me know if you're headed that way .. thank you! 
i am a mellow, easy person to get along with and i can contribute to gas, text 714 928 6930 ",2012-11-13T07:49:28-08:00,emailnotfound,FALSE,inlandempire,2012-11-13T07:49:28-08:00,davis
hemet to vegas (ie),inlandempire,http://inlandempire.craigslist.org/rid/3405656903.html,"heading to vegas this month or next from thursday to saturday, looking to split the cost for gas; $55 for one or two people round trip. i have a newer four door car with trunk space. if interested pleae email back; thanks. will pickup in hemet or on  [...]",2012-11-12T17:25:02-08:00,emailnotfound,TRUE,inlandempire,2012-11-12T17:25:02-08:00,vegas
"ca to ny (norco, ca to upstate new york)",inlandempire,http://inlandempire.craigslist.org/rid/3405448164.html,"good afternoon! i am a 22 year old young male driving from southern california to upstate new york leaving today, monday. 
i will be driving a midsize sedan so there's plenty of room for belongings. 
if you are headed out that way please call/text me [...]",2012-11-12T15:43:41-08:00,emailnotfound,FALSE,inlandempire,2012-11-12T15:43:41-08:00,ny
barstow to v.v. area and back (hd),inlandempire,http://inlandempire.craigslist.org/rid/3405364145.html,tuesday late morning ...looking for female company for the ride over and or back,2012-11-12T15:06:17-08:00,emailnotfound,TRUE,inlandempire,2012-11-13T15:06:17-08:00,v.v.
offer san diego to bakersfield (today 11 nov 2012) (san diego),inlandempire,http://inlandempire.craigslist.org/rid/3402252165.html,"offered i'm headed north to bakersfield 11 nov 2012 
i'm leaving san diego about noon. 
the route i take depends upon the passengers. 
options: 
via la 
i-5 n (side trip on 415 possible) to ca-99 n 
via inland empire, pasadena 
i-15 n (side trip on i [...]",2012-11-11T09:46:52-08:00,emailnotfound,TRUE,inlandempire,2012-11-11T09:46:52-08:00,bakersfield
from ontario mill to lax at 10:20am on 10/18 (ontario mill),inlandempire,http://inlandempire.craigslist.org/rid/3347033646.html,"if you are interested in this trip, you only have to pay $30. you can call me at 7076240634. thank you.",2012-11-11T00:14:28-08:00,emailnotfound,TRUE,inlandempire,2012-10-18T00:14:28-08:00,lax
riverside to la to sf- $50 11/12,inlandempire,http://inlandempire.craigslist.org/rid/3401468932.html,"i'm driving from riverside to san francisco monday 11/12 
i'll be taking the 60 to the 71 to the 210 to the 5 to the 580 to the 80 to the 101 
i can drop you off anywhere near a freeway exit 
i'm asking $50 for gas at the beginning of the ride 
a lit [...]",2012-11-10T21:38:48-08:00,emailnotfound,TRUE,inlandempire,2012-11-12T21:38:48-08:00,la
need a van from banning to corona (banning),inlandempire,http://inlandempire.craigslist.org/rid/3400250407.html,"my family and i need transport to and from a family reunion today, around 1 pm. 
willing to pay. 
please let me know. 
serious replies only. 
951 337 0528 
thanks.",2012-11-10T10:13:49-08:00,emailnotfound,FALSE,inlandempire,2012-11-10T10:13:49-08:00,corona
