title,postingFrom,permalink,shortDescription,postingDate,mailToLink,driver,from,leaving,to
ride to phoenix november 21st  * returning the 28th (ride to phx and back),showlow,http://showlow.craigslist.org/rid/3414497128.html,ride to phoenix november 21st * returning the 28th. i have a suv (tahoe) with room for 1 or 2 people and some boxes. non-smoking ride. i will stop in payson or globe for gas and a break. cost depends on where i pick up and drop off. i'm headed to tem [...],2012-11-16T13:21:27-07:00,emailnotfound,TRUE,showlow,2012-11-21T13:21:27-07:00,phoenix
urgent! need ride home to family asap!!! (show low to phoenix),showlow,http://showlow.craigslist.org/rid/3342232176.html,"this is an emergency: i need to find a ride from show low to phoenix asap. my wife needs to go to the hospital and i got to be at home to care of our child and pets. 
623 313 2363, only text works. 
nathan. 
tyvm!!",2012-10-16T01:34:45-07:00,emailnotfound,FALSE,showlow,2012-10-16T01:34:45-07:00,family
