title,postingFrom,permalink,shortDescription,postingDate,mailToLink,driver,from,leaving,to
ride to nyc please dec. 11-18 (utica -nyc),utica,http://utica.craigslist.org/rid/3405660067.html,"hiiii!! i am looking for a ride to nyc anytime from december 11-18th.. i am willing help with gas and provide lots of fun conversations !! thank you!! many moons of blessings!! 
taylor ",2012-11-12T20:26:40-05:00,emailnotfound,FALSE,utica,2012-12-11T20:26:40-05:00,nyc
am ride needed sherrill to new hartford (this thursday and friday),utica,http://utica.craigslist.org/rid/3392408886.html,"hello, my car just broke down and wont be fixed this week, looking for a ride to work in new hartford, i have to be to work by 9:30 am. please call or text me 518-441-3410 if anyone else goes this route around this time, will pay gas money$$$!",2012-11-07T06:31:01-05:00,emailnotfound,FALSE,utica,2012-11-12T06:31:01-05:00,new
rides needed to pa for appts (harrisburg area in pa),utica,http://utica.craigslist.org/rid/3379748587.html,"looking to find a trusworthy person to help me get to certain doctors in the harrisburg pa area (and back ) 
date needed 11/13/12 
email me",2012-11-01T15:01:50-04:00,emailnotfound,FALSE,utica,2012-11-13T15:01:50-04:00,pa
ride offered - utica to palm city on mon 11/5 (utica),utica,http://utica.craigslist.org/rid/3377627102.html,"i'm offering a ride from utica to palm city. 
leaving november 5th. contact me on zimride: http://www.zimride.com/ride/share?ride=512498 ",2012-10-31T15:19:10-04:00,emailnotfound,TRUE,utica,2012-11-05T15:19:10-04:00,palm
ride offered - utica to palm city on mon 10/15 (utica),utica,http://utica.craigslist.org/rid/3337372419.html,"i'm offering a ride from utica to palm city. 
leaving october 15th. taken a new van down contact me on zimride: http://www.zimride.com/ride/share?ride=493339 ",2012-10-13T21:07:28-04:00,emailnotfound,TRUE,utica,2012-10-15T21:07:28-04:00,palm
"driving to oneida, syracuse & victor at 11:30 today coming back tonite (utica, oneida, syr, roch)",utica,http://utica.craigslist.org/rid/3322202213.html,"call me for a ride. $ 10 / person is appreciated 518-364-4070 have room for up to 4 ppl. 
roland",2012-10-07T09:39:20-04:00,emailnotfound,TRUE,utica,2012-10-07T09:39:20-04:00,oneida
