title,postingFrom,permalink,shortDescription,postingDate,mailToLink,driver,from,leaving,to
transport from spgfld to chgo (belmont exit off 90),springfieldil,http://springfieldil.craigslist.org/rid/3393895605.html,hello all....i bought a night stand the size of a 2 drawer filing cabinet from a gentleman in springfield and i need to get it to chicago...its small enough to lay flat in the back seat of any car and for sure in an suv or the bed of a pick up if its [...],2012-11-07T16:48:06-06:00,emailnotfound,TRUE,springfieldil,2012-11-12T16:48:06-06:00,chgo
springfield to dallas tx nov. 5 th. (sringfield to dallas tx.),springfieldil,http://springfieldil.craigslist.org/rid/3385197781.html,"leaving jefferson, wi nov. 5 th. to dallas, tx through il. missouri, oklahoma and on to dallas, share ride and exspence; flexable, for good company. 
gary email me soon and i will give phone number. lakedr7 at yahoo.com",2012-11-03T21:47:09-05:00,emailnotfound,TRUE,springfieldil,2012-11-05T21:47:09-05:00,dallas
ride offered 11/10 springfield to denver,springfieldil,http://springfieldil.craigslist.org/rid/3383947733.html,"11/10 ride offered springfield to denver. 
cost is $60 = 1/2 of gas 
call 850-866-9040",2012-11-03T11:37:32-05:00,emailnotfound,TRUE,springfieldil,2012-11-10T11:37:32-05:00,denver
ride offered on my way to chicago,springfieldil,http://springfieldil.craigslist.org/rid/3344271534.html,"hello all! 
i will be driving to chicago from st. louis on wednesday evening after 6pm, perhaps even thursday monring. anyone in need of a ride? write me and we can talk. 
peace love ska 
-vinny",2012-10-16T20:41:03-05:00,emailnotfound,FALSE,springfieldil,2012-10-22T20:41:03-05:00,chicago
-----ride share to chicago------ (springfield),springfieldil,http://springfieldil.craigslist.org/rid/3340796190.html,"i'm looking for someone to share gas expenses on the drive to chicago. i will be leaving sunday 10/21/2012 @ approx.. 1pm from springfield, il this will a comfortable ride. please no smoking. 
email for more info ",2012-10-15T13:29:15-05:00,emailnotfound,TRUE,springfieldil,2012-10-21T13:29:15-05:00,chicago
