title,postingFrom,permalink,shortDescription,postingDate,mailToLink,driver,from,leaving,to
"delivery van available from carlisle to detroit (harrisburg/carlisle, pa.)",harrisburg,http://harrisburg.craigslist.org/rid/3417717868.html,"(getting back for holiday)....delivery van available for pick-up/delivery on 11/19 - 11/21.....all general items such as auto parts, medical supplies, building supplies, clothing, antiques....and what ever fits inside. please call for estimate, or le [...]",2012-11-18T00:29:16-05:00,emailnotfound,TRUE,harrisburg,2012-11-19T00:29:16-05:00,detroit
offering ride to nyc or hartford today (downtown),harrisburg,http://harrisburg.craigslist.org/rid/3415877227.html,leaving around 5 p.m. just asking for some gas money. call me at 972-898-8334. i have a bad signal here so if there's no answer leave me a message or send me a text.,2012-11-17T08:51:43-05:00,emailnotfound,TRUE,harrisburg,2012-11-17T08:51:43-05:00,nyc
offered: harrisburg to philadelphia 11/17 (harrisburg),harrisburg,http://harrisburg.craigslist.org/rid/3415591104.html,we're driving from harrisburg to philly on saturday 11/17 leaving around noon. we have a comfy ride for for one passenger. hit us up. call or text 6 five oh 4 5 4 five 2 five 6.,2012-11-17T02:01:27-05:00,emailnotfound,TRUE,harrisburg,2012-11-17T02:01:27-05:00,philadelphia
"carlisle, pa to st. louis, mo for thanksgiving (carlisle, pa)",harrisburg,http://harrisburg.craigslist.org/rid/3412032044.html,"need a cheap way home for thanksgiving? my husband and i are driving to st. louis missouri on wednesday, november 21, 2012 we will be leaving carlisle pa around 4:30 pm and going straight to st. louis via i-76 and i-70. we will be traveling in our su [...]",2012-11-15T14:49:11-05:00,emailnotfound,TRUE,harrisburg,2012-11-21T14:49:11-05:00,st.
ride offered/needed hbg-pit-col-dayton 11-17-12 back 11-24-12 (york to dayton oh),harrisburg,http://harrisburg.craigslist.org/rid/3407974821.html,"i want to get dayton oh(kettering), 
on/about 11-17 and return on/about 11-24. 
i can drive and share costs, or 
i will pay all the gas and tolls if you drive up to 200. 
i live in york pa, near the harley factory. 
so i want leave york pa, on saturd [...]",2012-11-13T19:22:01-05:00,emailnotfound,FALSE,harrisburg,2012-11-17T19:22:01-05:00,dayton
weekend ride to new cumberland  (enola area),harrisburg,http://harrisburg.craigslist.org/rid/3398484744.html,"i work the weekends from 6am-4:30pm at the new cumberland army depot and am looking for a ride share to and from on sats/suns... hardly ever call off, so need someone that is of the same caliber. willing to share cost of gas. prefer someone who also  [...]",2012-11-09T16:38:19-05:00,emailnotfound,TRUE,harrisburg,2012-11-10T16:38:19-05:00,new
ride offer to vermont with albany stop (carlisle/harrisburg),harrisburg,http://harrisburg.craigslist.org/rid/3396194569.html,"i am offering a ride from harrisburg to vermont via i-81 then i-88 then i-87 and can make stops along the way, leaving noon -ish friday the 9th. since this is short notice call only my cell 802-342-1692. very flexible about drop offs, but be reasonab [...]",2012-11-08T17:18:28-05:00,emailnotfound,TRUE,harrisburg,2012-11-09T17:18:28-05:00,vermont
ride offer: vt to dc and places in between 11/21/12 (vt to dc metro area),harrisburg,http://harrisburg.craigslist.org/rid/3386156941.html,"a friend and i are heading to the dc metro area for thanksgiving with my family. we have three more seat belts and/or some amount of luggage carrying capacity in my reliable, relatively environmentally respectful saturn. we will be departing from mid [...]",2012-11-04T12:50:54-05:00,emailnotfound,TRUE,harrisburg,2012-11-21T12:50:54-05:00,dc
need ride. harrisburg to cleveland (harrisburg),harrisburg,http://harrisburg.craigslist.org/rid/3377661523.html,looking to get out to cleveland next week (nov. 6) and return nov. 9th. really only need one way but round trip would be great. please e-mail me for more details,2012-10-31T15:33:04-04:00,emailnotfound,FALSE,harrisburg,2012-11-06T15:33:04-04:00,cleveland
"ride offered---hbg to asheville, nc (hbg to avl)",harrisburg,http://harrisburg.craigslist.org/rid/3374989632.html,"looking for someone to help split gas. 2006 jetta tdi, 50 mpg, around $30. can drop you off anywhere along 81 or 40. leaving on friday, november 2nd around 6-8am. no smoking in the car. return trip available on friday, november 9th around 6-8am. let  [...]",2012-10-30T13:10:07-04:00,emailnotfound,TRUE,harrisburg,2012-11-02T13:10:07-04:00,asheville
ride offered - harrisburg to new york on thu 11/8 (harrisburg),harrisburg,http://harrisburg.craigslist.org/rid/3365261425.html,"i'm offering a ride from harrisburg to new york. 
leaving november 8th. hi 
i'm a pennstate student.
i want to share a ride.
this one will be from harrisburg pa or middletown(which is i'm studying in)
to mahattan nyc.
i'll leave at 12 noon on nov 8th [...]",2012-10-25T20:36:11-04:00,emailnotfound,TRUE,harrisburg,2012-11-08T20:36:11-04:00,new
ride offered - harrisburg to ithaca on sun 11/4 (harrisburg),harrisburg,http://harrisburg.craigslist.org/rid/3364170653.html,"i'm offering a ride from harrisburg to ithaca. 
leaving november 4th. student at cornell ilr school. contact me on zimride: http://www.zimride.com/ride/share?ride=506323 
i drive a 2013 kia sorento. 
awd 2013 kia sorento. very comfortable and safe ri [...]",2012-10-25T12:58:56-04:00,emailnotfound,TRUE,harrisburg,2012-11-04T12:58:56-04:00,ithaca
ride needed - palmyra to las vegas on thu 11/15 (palmyra),harrisburg,http://harrisburg.craigslist.org/rid/3359435963.html,"i'm looking for a ride from palmyra to las vegas. 
leaving november 15th returning november 19th. hi there, friends of mine are getting married, and are holding their wedding celebration on the evening of the 17th in las vegas. i'm 'economically chal [...]",2012-10-23T13:37:21-04:00,emailnotfound,FALSE,harrisburg,2012-11-15T13:37:21-04:00,las
looking to carpool from camp hill to mechanicsburg m-f (camp hill),harrisburg,http://harrisburg.craigslist.org/rid/3347165695.html,i am looking for someone who can pick me up in camp hill and take me six miles on route 15 to work in mechanicsburg during business hours monday through friday. this is a great way to reduce your costs of getting to work. i can be flexible on the hou [...],2012-10-18T07:52:09-04:00,emailnotfound,TRUE,harrisburg,2012-10-22T07:52:09-04:00,carpool
ride to port royal (tomorrow),harrisburg,http://harrisburg.craigslist.org/rid/3334337380.html,"i'm looking for someone who can drive me from the harrisburg train staion to port royal and then back to harrisburg in about tow hours. again, i need the ride tomorrow, october 13th, mid-morning, and then the trip back in about two hours. ",2012-10-12T14:34:57-04:00,emailnotfound,TRUE,harrisburg,2012-10-12T14:34:57-04:00,port
delivery of belongings from pa (pine grove to co ),harrisburg,http://harrisburg.craigslist.org/rid/3327944559.html,i had to move back to co almost a year ago and have some of my belongings still in storage at a friends house. if you are headed west to or through colorado and wouldn't mind delivering me my items please email me! thanks ,2012-10-09T18:05:30-04:00,emailnotfound,FALSE,harrisburg,2012-10-12T18:05:30-04:00,co
ride needed one way harrisburg to ky (new cumberland),harrisburg,http://harrisburg.craigslist.org/rid/3325770268.html,"looking for a one-way ride from harrisburg area to burnside, ky. leaving any friday within the next couple of weeks. contact me and i'll let you know if i can go yet. 708 738 6699. i won't respond to emails, so call. thank you.",2012-10-08T19:42:00-04:00,emailnotfound,FALSE,harrisburg,2012-10-12T19:42:00-04:00,ky
rides any place you need to go for $1 per/mile.that's 1/3  taxi cost!! (harrisburg [colonial park]),harrisburg,http://harrisburg.craigslist.org/rid/3260108868.html,"i am unemployed and willing to give people rides any place they need to go for $1 per/mile. the i.r.s. figures that it cost 60 cents per/mile to operate a car, so i am only making 40 cents per/mile and cannot do it for any less. 
call joe 805threefou [...]",2012-10-08T17:56:58-04:00,emailnotfound,TRUE,harrisburg,2012-01-03T17:56:58-04:00,go
rt ride needed to nyc weekend 11th 12th (hershey),harrisburg,http://harrisburg.craigslist.org/rid/3325359704.html,"i'm looking for a ride to ny, thursday or friday, return sunday or monday. i'm in the hershey pa area. i'll contribute to gas. i'm a writer and musician. carol",2012-10-08T16:46:34-04:00,emailnotfound,FALSE,harrisburg,2012-10-08T16:46:34-04:00,nyc
ride to daybreak for my daughter and me (2nd street harrisburg to mechanicsburg),harrisburg,http://harrisburg.craigslist.org/rid/3321452157.html,"i know it's last minute, but i'm looking for a ride for my 2 year old daughter and myself from harrisburg to daybreak church in mechanicsburg for either 9am or 11am service tomorrow. i have a car seat. motor blew in my truck. would greatly appreciate [...]",2012-10-06T19:29:15-04:00,emailnotfound,FALSE,harrisburg,2012-10-06T19:29:15-04:00,daybreak
