title,postingFrom,permalink,shortDescription,postingDate,mailToLink,driver,from,leaving,to
"going to spartanburg, sc november 20th/21st",iowacity,http://iowacity.craigslist.org/rid/3406329698.html,"drving to spartanburg, sc either november 20th or november 21st. if it is novemebr 20th, will be leaving late in the eveing about 9:00 pm. if i leave on november 21st, will be about 4:00 am. will be taking this route. will take i-80 east to the quad  [...]",2012-11-13T06:50:28-06:00,emailnotfound,TRUE,iowacity,2012-11-20T06:50:28-06:00,spartanburg
ride needed m-f to and from tipton/iowa city. (tipton ),iowacity,http://iowacity.craigslist.org/rid/3391341916.html,"hello, my name is eric and i'm praying i can find someone to help take me to and from work in iowa city. i work monday-friday from 8-5 but can adjust to 7-4 if needed. i am more then willing to help with gas. 
please please please. thank you very muc [...]",2012-11-12T20:32:49-06:00,emailnotfound,FALSE,iowacity,2012-11-12T20:32:49-06:00,and
offered: iowa city to baltimore (or anywhere in between) (iowa city),iowacity,http://iowacity.craigslist.org/rid/3404489932.html,"we are driving from iowa city to baltimore, leaving tomorrow at around 9am. 
we have two seats and a modicum of luggage space available. 
if you can help with driving and gas, we'd be happy to have you along. 
send me a text message at 410-802-9014",2012-11-12T11:49:13-06:00,emailnotfound,TRUE,iowacity,2012-11-12T11:49:13-06:00,baltimore
iowa city to columbus (iowa),iowacity,http://iowacity.craigslist.org/rid/3403497122.html,"i have space on my ride from iowa city to columbus during thanksgiving weekend. 
this is a spacious non-smoking ride. 
departure on wednesday 11/21 afternoon and returning on sunday 11/25 
i would be happy to have you and your music. 
contact me if y [...]",2012-11-11T23:03:24-06:00,emailnotfound,FALSE,iowacity,2012-11-21T23:03:24-06:00,columbus
iowa city to cedar rapids(commute),iowacity,http://iowacity.craigslist.org/rid/3393678082.html,"i am in need of ride from iowa city to edgewood campus of cedar rapids on monday, thursday and friday. i have an internship to start soon and would pay $ 40 per day. 
if anyone would like to help, please contact me~ ",2012-11-07T15:17:07-06:00,emailnotfound,FALSE,iowacity,2012-11-12T15:17:07-06:00,cedar
rideshare offered to baltimore: nov 12th or 13th (iowa city),iowacity,http://iowacity.craigslist.org/rid/3388854723.html,"hi! 
we are leaving for baltimore from iowa city and have room for 2 people and a modest amount of luggage. 
we have a small manual car with good gas mileage and only 68,000 miles on it. 
we anticipate leaving late on the evening of the 12th, or very [...]",2012-11-05T14:36:10-06:00,emailnotfound,TRUE,iowacity,2012-11-12T14:36:10-06:00,baltimore
offered to st. louis (grinnell),iowacity,http://iowacity.craigslist.org/rid/3339106193.html,"i will be driving to st. louis tomorrow, leaving some time in the morning. respond to this ad or text 717.715.7783.",2012-10-14T18:02:06-05:00,emailnotfound,TRUE,iowacity,2012-10-14T18:02:06-05:00,st.
