title,postingFrom,permalink,shortDescription,postingDate,mailToLink,driver,from,leaving,to
"need ride to jacksonville, fl after dec 1st (kettering )",dayton,http://dayton.craigslist.org/rid/3411453885.html,"need ride to jacksonville, florida and time after december 1st. retired military, cash in hand to share gas. i have one bag and a mountain bike which can be packed into box if need be. ",2012-11-15T11:12:13-05:00,emailnotfound,TRUE,dayton,2012-12-01T11:12:13-05:00,jacksonville
ride offered dayton-col-pit-hbg 11-24-12 (dayton to harrisburg pa),dayton,http://dayton.craigslist.org/rid/3407986282.html,"i am driving to dayton oh, kettering to be exact, 
i am leave york pa, on saturday 17 nov 2012 
and returning sat 24 nov 2012. 
the dates can be change a day or 2. 
i will share costs. 
the bus wants 246 round trip. 
i figure my cost will be about $2 [...]",2012-11-13T19:27:32-05:00,emailnotfound,TRUE,dayton,2012-11-20T19:27:32-05:00,harrisburg
"ride needed to detroit, mi (rochester hills, mi)",dayton,http://dayton.craigslist.org/rid/3395669340.html,"hello, 
i live in yellow springs, ohio. i'm looking for a ride to be with my family this thanksgiving in rochester hills, michigan a suburb of detroit. i would like to leave either saturday, sunday or monday any day between nov 17th and the 19th. i a [...]",2012-11-08T13:52:30-05:00,emailnotfound,FALSE,dayton,2012-11-17T13:52:30-05:00,detroit
