title,postingFrom,permalink,shortDescription,postingDate,mailToLink,driver,from,leaving,to
trans to california (lynchburg),lynchburg,http://lynchburg.craigslist.org/rid/3416964137.html,"we are leaving early on friday the 23rd of november for san diego califoria. anyone needing a ride give us a call. we can drop off anywhere along the way. 434 485 1507. 
we have a 15 passenger van that is in very good codition.",2012-11-17T16:36:12-05:00,emailnotfound,TRUE,lynchburg,2012-11-23T16:36:12-05:00,california
need ride (nashville tn to el paso tx),lynchburg,http://lynchburg.craigslist.org/rid/3416140066.html,"i dont usually do this but i am in a bit of a desperate situation. me, laura, sam and lili are stranded here in lavergne at the old driftwood inn. thanks to laura's fiance micah we have been able to stay here up until tomorrow. thanks to a couple of  [...]",2012-11-17T11:07:10-05:00,emailnotfound,FALSE,lynchburg,2012-11-17T11:07:10-05:00,el
ride to dc on wed 21st  (lynchburg to dc),lynchburg,http://lynchburg.craigslist.org/rid/3406861318.html,"looking for a ride to dc metro area (dc, nova) on/around wed the 21st of nov. the ride will be for two people, and we would pay a large portion of the gas. preferably during the daytime. 
also looking for a ride back to lynchburg on the following sun [...]",2012-11-13T12:08:53-05:00,emailnotfound,TRUE,lynchburg,2012-11-14T12:08:53-05:00,dc
"ride offered lynchburg, va to atlanta, ga",lynchburg,http://lynchburg.craigslist.org/rid/3404751432.html,i am driving from lynchburg to atlanta for thanksgiving probably sunday november 18 and returning to lynchburg saturday november 24. if anyone needs a ride in the same direction and is willing to contribute money for gas please contact me. i can fit  [...],2012-11-12T14:17:35-05:00,emailnotfound,FALSE,lynchburg,2012-11-18T14:17:35-05:00,atlanta
"will pay for ride, dixie airport to sheetz (madison heights)",lynchburg,http://lynchburg.craigslist.org/rid/3366570913.html,"i'm tempoarily without a vehicle, and need a ride, thursdays, fridays, and saturdays, just 2.5 miles. i live off dixie airport and 130, and need to get to work, right across the street from sheetz. i will pay $5 to work each day. please call sandy. 4 [...]",2012-10-26T13:36:14-04:00,emailnotfound,TRUE,lynchburg,2012-10-32T13:36:14-04:00,sheetz
