title,postingFrom,permalink,shortDescription,postingDate,mailToLink,driver,from,leaving,to
i need a ride (to northwest chicago),indianapolis,http://indianapolis.craigslist.org/rid/3416100252.html,i need a ride to northwest of chicago on the 28th of nov. i will pay for gas. i am moving my belongings. one way trip. i am picking up a uhual truck to come back to greenwood indiana. call me or email me to talk details of pick up and drop off. thank [...],2012-11-17T10:49:57-05:00,emailnotfound,TRUE,indianapolis,2012-11-28T10:49:57-05:00,northwest
"ride offered (indy to milwaukee,wi 11-19) (indianapolis &amp; surrounding areas)",indianapolis,http://indianapolis.craigslist.org/rid/3411069809.html,"hi, i will be driving back home to milwaukee on monday november 19th in the morning. call me if you need a ride there or somewhere on the way for reasonable gas/toll $$$. have space for 2-3 people. 
shaun 414 807 4299",2012-11-17T08:12:45-05:00,emailnotfound,TRUE,indianapolis,2012-11-19T08:12:45-05:00,milwaukee
need a ride from indianapolis to bloomington (amtrak station),indianapolis,http://indianapolis.craigslist.org/rid/3415435735.html,"i am coming in from pittsburgh to see a friend at iu at midnight tuesday, november 20th on amtrak. i need to find a way from indianapolis to bloomington. if anyone is also traveling around that time, please contact me. ",2012-11-16T23:25:18-05:00,emailnotfound,FALSE,indianapolis,2012-11-20T23:25:18-05:00,bloomington
ride offered to ma/ny/pa area from in (indianapolis),indianapolis,http://indianapolis.craigslist.org/rid/3415240614.html,"i'm driving from indianapolis, in to boston, ma next week for thanksgiving. i'll be leaving either tues around 5 pm or early wed morning. coming back ~sat morning. 
if anyone wants to share a ride with me we can split gas. i have my own car. it'll pr [...]",2012-11-16T21:07:49-05:00,emailnotfound,TRUE,indianapolis,2012-11-20T21:07:49-05:00,ma/ny/pa
ride offered - sw side of indy to east side (shadeland/465) sun-thurs. (sw side of indy to east side (shadeland/),indianapolis,http://indianapolis.craigslist.org/rid/3415193548.html,"i commute to work from the sw side of indy to the east side of indy 5 days/week (sun-thurs). i take 465 all the way around. if you need a ride from the sw side to shadeland during these days, i'd be happy to offer a ride as long as you share the cost [...]",2012-11-16T20:39:48-05:00,emailnotfound,TRUE,indianapolis,2012-11-22T20:39:48-05:00,east
indy to south bend - looking for a ride this saturday (eagle creek),indianapolis,http://indianapolis.craigslist.org/rid/3411562394.html,i was hoping to go to the notre dame game on saturday november 17th and looking for a ride to south bend in the morning or early afternoon and coming back in the late evening or after the game. i'm a 34 year old special ed. teacher and big irish fan. [...],2012-11-15T11:54:35-05:00,emailnotfound,FALSE,indianapolis,2012-11-17T11:54:35-05:00,south
ride offer for 1 person. indy to west coast (portland or),indianapolis,http://indianapolis.craigslist.org/rid/3411282140.html,"leaving weds the 21st. 
looking for 1 passenger that would like to split fuel cost to the west coast. no pets or a lot of baggage. 
send me an email if you are interested. ",2012-11-15T09:54:41-05:00,emailnotfound,TRUE,indianapolis,2012-11-21T09:54:41-05:00,west
i need a ride from indianapolis to south bend this saturday for game (eagle creek),indianapolis,http://indianapolis.craigslist.org/rid/3407439805.html,"i would like to go to the notre dame football game on saturday morning and coming back after the game saturday night. if you are heading up there, i would love to tag along and chip in for gas. thank you for the help.",2012-11-13T15:37:52-05:00,emailnotfound,TRUE,indianapolis,2012-11-17T15:37:52-05:00,south
e indy to fishers mon-fri (indy),indianapolis,http://indianapolis.craigslist.org/rid/3387325591.html,"i am starting a new job working at 116th st & exit 5 parkway right off of i-69 & 116th st exit, real close to sallie mae. i will be working mon-fri 8-5pm.. i am willing to get to work early by as much as an hour or two, and get home an hour or two la [...]",2012-11-13T15:10:36-05:00,emailnotfound,TRUE,indianapolis,2012-11-19T15:10:36-05:00,fishers
ride needed to cincinnati (indianapolis),indianapolis,http://indianapolis.craigslist.org/rid/3406104013.html,"i need to be in cincy at madisonville by 3pm on wens, 11/14/2012.....will pay cash towards gas...i usually go by megabus! i have a cell # to call me if you want a rider from indy to cincy! i return back to indy, about a week later. jake",2012-11-13T01:56:27-05:00,emailnotfound,FALSE,indianapolis,2012-11-14T01:56:27-05:00,cincinnati
ride offered - indianapolis to new orleans on tue 11/20 (indianapolis),indianapolis,http://indianapolis.craigslist.org/rid/3405159552.html,"i'm offering a ride from indianapolis to new orleans. 
leaving november 20th returning november 25th. contact me on zimride: http://www.zimride.com/ride/share?ride=527981 ",2012-11-12T16:44:15-05:00,emailnotfound,TRUE,indianapolis,2012-11-20T16:44:15-05:00,new
ride offered - bloomington to new orleans on mon 11/19 (indianapolis/bloomington),indianapolis,http://indianapolis.craigslist.org/rid/3405055259.html,"i'm offering a ride from indianapolis or bloomington to new orleans. 
leaving november 19th returning november 24th. contact me on zimride: http://www.zimride.com/ride/share?ride=527833 ",2012-11-12T16:05:26-05:00,emailnotfound,TRUE,indianapolis,2012-11-19T16:05:26-05:00,new
ride to greenfield,indianapolis,http://indianapolis.craigslist.org/rid/3398980208.html,"i need a ride to greenfield from the speedway area please let me know asap if you can help me out. 
thanx!",2012-11-09T20:42:11-05:00,emailnotfound,FALSE,indianapolis,2012-11-09T20:42:11-05:00,greenfield
need ride from downtown indianapolis to downtown chicago (indianapolis to chicago),indianapolis,http://indianapolis.craigslist.org/rid/3394841825.html,my boyfriend and i are looking for a ride from downtown indianapolis to downtown chicago on november 21. we'll pay for gas. most likely need to leave sometime after 3pm. thanks,2012-11-08T07:48:44-05:00,emailnotfound,FALSE,indianapolis,2012-11-21T07:48:44-05:00,downtown
indianapolis to nyc/nj/pa metro area (leave november 19th) (leaving indy),indianapolis,http://indianapolis.craigslist.org/rid/3393466322.html,"hi, my name is jay. i am leaving monday on november 19th to head to the east coast (nj/nyc/philadelphia region). i 
am leaving around 2:00 pm. i drive a 1997 5 speed subaru outback. i am looking to go in a straight shot, only 
making stops for gas. i [...]",2012-11-07T14:55:19-05:00,emailnotfound,TRUE,indianapolis,2012-11-19T14:55:19-05:00,nyc/nj/pa
indy to ball state / indy to muncie (northeast side of indy),indianapolis,http://indianapolis.craigslist.org/rid/3366135700.html,"greetings, 
i am a graduate student at ball state university who travels to muncie mondays and wednesdays. willing to give someone a ride in exchange for partial gas or split days. any situation could be negotiable, so please email me. it's about an  [...]",2012-11-07T09:48:21-05:00,emailnotfound,FALSE,indianapolis,2012-11-12T09:48:21-05:00,ball
"ride offer, anyone need a ride to portland oregon? nov 23rd. (indy to pdx)",indianapolis,http://indianapolis.craigslist.org/rid/3392645577.html,"i am offering a ride to 1 person that would like a ride to portland or somewhere along the route. 
looking for some one who needs to go more than just 50 miles down the road. 
need as much help as i can get for fuel cost so the further you go the bet [...]",2012-11-07T09:43:17-05:00,emailnotfound,TRUE,indianapolis,2012-11-23T09:43:17-05:00,portland
i need a ride to north carolina (indianapolis),indianapolis,http://indianapolis.craigslist.org/rid/3391946585.html,"nov. 8 or close. share expenses,,gas and driving. mature male. 9 five 4 six 3 two eight 00 eight",2012-11-06T21:15:01-05:00,emailnotfound,TRUE,indianapolis,2012-11-08T21:15:01-05:00,north
"ride offer: cincinnati (near indianapolis) to nyc, leave nov 6 (cincinnati)",indianapolis,http://indianapolis.craigslist.org/rid/3361604022.html,"hey, i am planning on leaving cincinnati on nov 6 to drive all of the way to nyc, i will have space in my car for a few people to come along for the ride. if anyone has certain items they may want shipped to a destination along the way i can drop it  [...]",2012-11-05T10:32:10-05:00,emailnotfound,TRUE,indianapolis,2012-11-06T10:32:10-05:00,nyc
indy to menphis.  (indy),indianapolis,http://indianapolis.craigslist.org/rid/3385023538.html,"going close to menphis, tn monday morning. if you need a ride and can help with gas let me know. ",2012-11-03T20:45:57-04:00,emailnotfound,FALSE,indianapolis,2012-11-05T20:45:57-04:00,menphis.
indy to cincy (ride offered),indianapolis,http://indianapolis.craigslist.org/rid/3380200679.html,"going to cincinnati tomorrow morning. departing from the nw side (86th street) at 10 am approximately. if you need ride that way, email me. ",2012-11-01T18:10:13-04:00,emailnotfound,TRUE,indianapolis,2012-11-01T18:10:13-04:00,cincy
"indy to cincinnati offer (thursday, 11-8) (fishers)",indianapolis,http://indianapolis.craigslist.org/rid/3378148084.html,"driving next thursday (11-8), fishers to cincinnati. going to cvg, but can drop off on the west side or in the downtown area. i can pick up fishers, downtown or east side. 
need to leave after noon and before 3pm. 
no return trip offered. 
email with [...]",2012-10-31T19:24:05-04:00,emailnotfound,TRUE,indianapolis,2012-10-32T19:24:05-04:00,cincinnati
indy to tampa (clearwater area),indianapolis,http://indianapolis.craigslist.org/rid/3373168859.html,leaving friday for clearwater fl - non smoker only.,2012-10-29T15:57:07-04:00,emailnotfound,TRUE,indianapolis,2012-10-33T15:57:07-04:00,tampa
ride offered - indianapolis to atlanta on mon 10/29 (indianapolis/louisville/nashville),indianapolis,http://indianapolis.craigslist.org/rid/3362005626.html,"i'm offering a ride from indianapolis to atlanta. 
leaving october 29th. i like to drive and see the country. books on tape make the miles go by. contact me on zimride: http://www.zimride.com/ride/share?ride=504850 i drive a 2005 subaru legacy wagon. [...]",2012-10-24T14:14:06-04:00,emailnotfound,TRUE,indianapolis,2012-10-29T14:14:06-04:00,atlanta
seeking ride from indianapolis to kalamazoo and back (indianapolis),indianapolis,http://indianapolis.craigslist.org/rid/3359266298.html,"i'm looking for a round trip ride: 
nov. 3rd - kalamazoo to indianapolis 
nov. 5th - indianapolis to kalamazoo 
i'm open to a ride one way and not the other. 
i can pitch in for gas. thanks. ",2012-10-23T12:37:27-04:00,emailnotfound,TRUE,indianapolis,2012-11-03T12:37:27-04:00,kalamazoo
"""meme"" can to pick you up!  (3178093267 24/7)",indianapolis,http://indianapolis.craigslist.org/rid/3290606825.html,"can provide transportation in your time of need for cheap! call for quotes now! need 4 hour notice for long distances to keep prices low! call meme:317-809-3267 (starting november 1st will be providing shift to shift transportation to amazon, and har [...]",2012-10-21T20:55:44-04:00,emailnotfound,TRUE,indianapolis,2012-24-07T20:55:44-04:00,pick
ride needed:indy to evansville (indianapolis),indianapolis,http://indianapolis.craigslist.org/rid/3352549398.html,"i need to be in evansville 830am on tuesday oct 23rd, i will only be here for a few hours and would also need a ride back. will pay for gas and meals. if you can help me out please call me # 2one0 8five7 6two13. thanks!! ",2012-10-20T13:13:16-04:00,emailnotfound,FALSE,indianapolis,2012-10-23T13:13:16-04:00,evansville
"ride offered to chicago, madison, minneapolis",indianapolis,http://indianapolis.craigslist.org/rid/3352114720.html,leaving saturday evening or sunday morning.,2012-10-20T10:16:49-04:00,emailnotfound,TRUE,indianapolis,2012-10-20T10:16:49-04:00,chicago
indianapolis to district of columbia 10/17/or 10/18 (disctrict of columbia),indianapolis,http://indianapolis.craigslist.org/rid/3338947283.html,want to ride with person indianapolis international airport to washington district of columbia on 10/17 or 10/18. please call 347-742-6071 to discuss and confirm.,2012-10-14T17:40:48-04:00,emailnotfound,TRUE,indianapolis,2012-10-17T17:40:48-04:00,district
indy to district of columbia (indianapolis airport),indianapolis,http://indianapolis.craigslist.org/rid/3338939089.html,i want to drive with person or persons indy to dc on tursday 10/16 or wednesday 10/17. help! 347-742-6071. susan ,2012-10-14T17:36:46-04:00,emailnotfound,TRUE,indianapolis,2012-10-16T17:36:46-04:00,district
want: bloomington to california,indianapolis,http://indianapolis.craigslist.org/rid/3338703080.html,"hey there! my name is chase, i am trying to get to tehama county, ca by october 18. i have a dog and there could be 2-3 others. we are kind and goofy people, so we wont harm you.. if you can help us out that would be wonderful! trying to make it out  [...]",2012-10-14T15:43:51-04:00,emailnotfound,FALSE,indianapolis,2012-10-18T15:43:51-04:00,california
need ride indy to dc 10/15 or 16 (to district of columbia),indianapolis,http://indianapolis.craigslist.org/rid/3337584404.html,10/15 or 10/16 need ride to district of columbia. 347-742-6071. susan,2012-10-13T23:55:07-04:00,emailnotfound,TRUE,indianapolis,2012-10-15T23:55:07-04:00,dc
oct 16th need ride to dwn twn indy (fishers in),indianapolis,http://indianapolis.craigslist.org/rid/3311531881.html,"i am willing to trade and provide ride to airport or other for you 
before or after my ride. i need a ride from about fall creek and 
96th street at about 5:30 am on oct 16th. needing to get 
to downtown indianapolis to catch the mega bus to chicago. [...]",2012-10-10T09:25:41-04:00,emailnotfound,FALSE,indianapolis,2012-10-16T09:25:41-04:00,dwn
"i need a ride to louisville, ky (louisville, ky)",indianapolis,http://indianapolis.craigslist.org/rid/3328646174.html,"i'm trying to visit my cousin in louisville, ky as step 1 of my roadtrip south. it'd be awesome to leave oct 21, sunday. oct 22 would work too. if you're headed that way, i can split gas money and be charming :) call 317-402-3705 or email me back. -e [...]",2012-10-10T00:58:59-04:00,emailnotfound,FALSE,indianapolis,2012-10-21T00:58:59-04:00,louisville
"anyone headed to asheville? (asheville, tn)",indianapolis,http://indianapolis.craigslist.org/rid/3327528188.html,"i am a 19 yr old guy trying to go see my friend who attends warren wilson in asheville. would need to be there by the 23rd and no earlier than the 21st. will split gas money. i live in center grove/greenwood, could possibly meet you somewhere more co [...]",2012-10-09T15:20:10-04:00,emailnotfound,FALSE,indianapolis,2012-10-15T15:20:10-04:00,asheville
