title,postingFrom,permalink,shortDescription,postingDate,mailToLink,driver,from,leaving,to
ride offer to savannah,staugustine,http://staugustine.craigslist.org/rid/3417990325.html,"ride offer to savannah. 
sunday november 25, 2012 in the afternoon. 
leaving deland, florida around noon. 
can pick up anywhere along the way on 95. 
drop of sentient bean, savannah, ga. 
asking for gas. 
there is a chance i may leave on saturday. 
c [...]",2012-11-18T07:55:36-05:00,emailnotfound,TRUE,staugustine,2012-11-25T07:55:36-05:00,savannah
heading to nyc next week (need a ride?),staugustine,http://staugustine.craigslist.org/rid/3411120082.html,"i am heading to nyc next week. i am looking for a (hopefully) sane person to share gas expenses with. i am leaving, probably, on the 20th and will return after thanksgiving. i am looking for some one that needs a ride up. coming back is still up in t [...]",2012-11-15T08:06:48-05:00,emailnotfound,FALSE,staugustine,2012-11-20T08:06:48-05:00,nyc
i'm driving to nyc area 11/4 (eastern li),staugustine,http://staugustine.craigslist.org/rid/3379446029.html,depart sun night or mon am--non-drivers ok--late model extended cab pick up!,2012-11-01T13:07:08-04:00,emailnotfound,TRUE,staugustine,2012-11-04T13:07:08-04:00,nyc
