title,postingFrom,permalink,shortDescription,postingDate,mailToLink,driver,from,leaving,to
"ride offered - seattle to eugene, or - 11/19 (seattle)",seattle,http://seattle.craigslist.org/see/rid/3417894236.html,"i will be driving to eugene on monday, november 19th, and am planning to leave before noon and arriving in eugene around 5pm. i have a small (smoke-free) car, so there's only space for one person with minimal luggage (2 seater w/ a small trunk). i'm  [...]",2012-11-18T02:07:05-08:00,emailnotfound,TRUE,seattle,2012-11-19T02:07:05-08:00,eugene
"christmas ride to brookings, or (kenmore)",seattle,http://seattle.craigslist.org/see/rid/3407262696.html,"hi, i am looking for a ride to see my brother in brookings, oregon this christmas. would like to travel dec 19 or 20. if you have any room in your vehicle, i can help out with gas. if you are traveling that way anyway it would help us both :) i am a  [...]",2012-11-17T23:55:21-08:00,emailnotfound,FALSE,seattle,2012-12-19T23:55:21-08:00,brookings
ride offered: seattle to portland sunday evening (seattle to portland),seattle,http://seattle.craigslist.org/see/rid/3417814093.html,"ride.offered leaving from seattle on sunday evening around 5 pm to portland oregon. i'm actually leaving from whidbey island around 4 pm heading to seattle, then on to portland. $25 for share in fuel please. very cumfy bmw 840 coupe. i'm a profession [...]",2012-11-17T23:31:21-08:00,emailnotfound,TRUE,seattle,2012-11-18T23:31:21-08:00,portland
"oly to portland, nov 21, return friday nov 23 (olympia to portland)",seattle,http://seattle.craigslist.org/oly/rid/3417771287.html,"heading to portland from olympia on wednesday 21st, would like to leave midmorning. returning friday 23rd, want to rideshare, your car preferably, or mine. will buy a bus or train ticket on monday if no interest or need. thanks! happy thanksgiving. ",2012-11-17T22:31:08-08:00,emailnotfound,TRUE,seattle,2012-11-21T22:31:08-08:00,portland
ride wanted: seattle to portland fri. 11/23 (sea to pdx),seattle,http://seattle.craigslist.org/see/rid/3417650091.html,"hello! 
i am hoping to get a ride home to se portland from seattle the day after thanksgiving. i am a clean, respectful, recent college graduate with gas $! 
happy with conversation, or silence, or music, or whatever you like. i just want a safe and  [...]",2012-11-17T20:24:32-08:00,emailnotfound,FALSE,seattle,2012-11-23T20:24:32-08:00,portland
"ride offered: sea to pdx, wed 11/21 (central to se)",seattle,http://seattle.craigslist.org/see/rid/3417441132.html,"i'm a 30yo queer educator who can probably find something of mutual interest to chat with you about. but i also like quiet drives, music and especially podcasts :) aiming to leave around 11:30 on wed, meeting up either in w seattle or downtown. 
i've [...]",2012-11-17T17:49:18-08:00,emailnotfound,TRUE,seattle,2012-11-21T17:49:18-08:00,pdx
"ride offered: seattle to pdx, 11am, saturday 11/24 (seattle-northgate)",seattle,http://seattle.craigslist.org/see/rid/3417422966.html,"offering a ride to seattle for thanksgiving. leaving portland at 2pm, tuesday november 20th. leaving seattle 11am, saturday november 24th. leaving seattle from northgate area, can pickup, preferrably from northgate/shoreline/roosevelt area. asking fo [...]",2012-11-17T17:37:41-08:00,emailnotfound,TRUE,seattle,2012-11-24T17:37:41-08:00,pdx
ride offered: seattle to portland sunday (sea to pdx),seattle,http://seattle.craigslist.org/see/rid/3417355813.html,"hi there. i'm driving to portland tomorrow and offering rides in exchange for gas money. departure time flexible. me: 33, female, laid back, good conversationalist. text me at: 360-480-8761",2012-11-17T16:56:45-08:00,emailnotfound,TRUE,seattle,2012-11-17T16:56:45-08:00,portland
empty truck driving to sacramento monday i can take cargo (snohomish),seattle,http://seattle.craigslist.org/sno/rid/3417346652.html,i can pick up and drop off cargo anywhere along i-5. call or text 425-366-7712 sorry no more room for passengers,2012-11-17T16:51:18-08:00,emailnotfound,TRUE,seattle,2012-11-19T16:51:18-08:00,sacramento
ride offered - bainbridge island to portland on sat 11/17 (bainbridge island),seattle,http://seattle.craigslist.org/kit/rid/3417262257.html,"i'm offering a ride from bainbridge island to portland. 
leaving november 17th returning november 19th. can take up to 3 if necessary, but backseat tiny. more comfortable with 1, and can take luggage. please meet me near the highway, will only drive  [...]",2012-11-17T16:03:48-08:00,emailnotfound,TRUE,seattle,2012-11-17T16:03:48-08:00,portland
offered: olympia to ashland 11/18 (olympia),seattle,http://seattle.craigslist.org/oly/rid/3417255102.html,"i'm leaving olympia tomorrow morning around 10 or 11 for ashland, or and would love a passenger to help with gas. i could potentially drop you off somewhere further north than ashland. call me at 301.351.2303. 
hope we can ride together! 
maura",2012-11-17T15:59:57-08:00,emailnotfound,TRUE,seattle,2012-11-18T15:59:57-08:00,ashland
needing someone to bring gas--car out of gas on freeway (port orchard),seattle,http://seattle.craigslist.org/tac/rid/3417233519.html,"my boyfriend just called, hes stuc on the freeway in port orchard with his two lil ones, car is out of gas, he has the money for it, he just cant get to it,, can anyone bring him aany? i am stuck at home due to a car accident the other day so i cant. [...]",2012-11-17T15:48:26-08:00,emailnotfound,FALSE,seattle,2012-11-19T15:48:26-08:00,bring
"ride offered: seattle to roseburg, or 11/20",seattle,http://seattle.craigslist.org/see/rid/3417176018.html,"ride offered from seattle to roseburg (actual starting point will be in bellingham, so if you're further north, that works to) on tuesday. we'll likely be in the seattle area around 10am-noon. there will be 2 dogs and 1 cat in the car. the dogs will  [...]",2012-11-17T15:18:00-08:00,emailnotfound,TRUE,seattle,2012-11-20T15:18:00-08:00,roseburg
ride offer sunday 11/18 (olympia to bellingham),seattle,http://seattle.craigslist.org/oly/rid/3417158949.html,"me and my girlfriend are leaving tomrow, olympia to bellingham. noon to late noon...we'll probably be passing through seattle, but ask, and please don't be far into the city if that's where you'd like to be dropped off. 
light luggage. smokers are fi [...]",2012-11-17T15:09:18-08:00,emailnotfound,TRUE,seattle,2012-11-18T15:09:18-08:00,bellingham
i need a ride to san francisco,seattle,http://seattle.craigslist.org/skc/rid/3417031908.html,please help me im stranded in washington and i need to get back home to california san francisco or close. my credit cards are maxed out and have little money. please help me i have a wife and kid i need to get home to please call 253 815 6958 thank  [...],2012-11-17T14:07:29-08:00,emailnotfound,FALSE,seattle,2012-11-19T14:07:29-08:00,san
"ride needed to boise, id from olympia, wa near beginning of december (olympia to boise, id)",seattle,http://seattle.craigslist.org/oly/rid/3416956627.html,"i'm looking for a ride to boise, id near the beginning of december. i'm a light traveler, and i'm happy to help with gas money.",2012-11-17T13:32:48-08:00,emailnotfound,FALSE,seattle,2012-11-19T13:32:48-08:00,boise
"ride offered to phoenix, az or anywhere along the way. (spanaway)",seattle,http://seattle.craigslist.org/tac/rid/3416866289.html,"heading to phoenix around the 11th or 4th of december, haven't decided yet. all i ask if for a little gas money and maybe share of the drive. 
email me how much you're looking to give on gas, less gas $ depending on where you're headed. thanks for lo [...]",2012-11-17T12:53:15-08:00,emailnotfound,TRUE,seattle,2012-11-11T12:53:15-08:00,phoenix
ride needed to minneapolis,seattle,http://seattle.craigslist.org/see/rid/3416865370.html,"my girlfriend and i are looking to get to minneapolis or thereabouts pretty much as soon as possible. we're both able to pitch in on gas, and we're both decent and licensed drivers. we're also both good for conversation, so no worries about an awkwar [...]",2012-11-17T12:52:51-08:00,emailnotfound,FALSE,seattle,2012-11-23T12:52:51-08:00,minneapolis
"tues 11/20 ride south (seattle to oakland,ca)",seattle,http://seattle.craigslist.org/see/rid/3416843633.html,leaving seattle tues afternoon. need someone to share driving. ,2012-11-17T12:43:43-08:00,emailnotfound,TRUE,seattle,2012-11-20T12:43:43-08:00,oakland
tacoma to sf and back after christmas (spanaway - san fran),seattle,http://seattle.craigslist.org/tac/rid/3416697395.html,"heading from spanaway to san francisco on december 27th, coming back on the 1st. room in the suburban for a passenger and some luggage. bring some tunes, ipod, dvds, whatever. we're an average family of four plus a couple of other friends, listen to  [...]",2012-11-17T11:43:47-08:00,emailnotfound,TRUE,seattle,2012-12-27T11:43:47-08:00,sf
"ride offered to pdx, wed 11/17, $15 (bainbridge - portland)",seattle,http://seattle.craigslist.org/kit/rid/3416684194.html,"i have one craigslist rider confirmed already, so that leaves three more seats, some trunk space, and a small rack on top. i'd like to leave as early as possible but that will probably be around 4:30p or so. if you're interested please call or text ( [...]",2012-11-17T11:38:26-08:00,emailnotfound,TRUE,seattle,2012-11-17T11:38:26-08:00,pdx
"ride offered to pdx wednesday afternoon, 11/17, $20  (seattle - portland)",seattle,http://seattle.craigslist.org/see/rid/3416673719.html,"i have room for three more riders and some trunk space, and my schedule is a bit flexible. if you're interested send a text to or call (five zero three) five eight zero - five two eight eight. 
i'm actually leaving from bainbridge island, so if you c [...]",2012-11-17T11:34:15-08:00,emailnotfound,TRUE,seattle,2012-11-17T11:34:15-08:00,pdx
ride offered to portland and eugene sunday 11/18,seattle,http://seattle.craigslist.org/see/rid/3416385271.html,"hi, 
i'm heading down i5 leaving seattle probably around midday on sunday. 
have room for three people with bags if needed in a large and comfortable car. 
can pick people up in downtown seattle, or capitol hill. 
if you are interested in riding with [...]",2012-11-17T09:43:16-08:00,emailnotfound,TRUE,seattle,2012-11-18T09:43:16-08:00,portland
round trip ride to portland needed (seattle),seattle,http://seattle.craigslist.org/see/rid/3415713819.html,"i'm looking to get to portland for thanksgiving! i am available to leave as early as tuesday, but i need to be back by noon on friday. i'm down to split gas in some way or another. i hope you can help me out! 
-jasmine 
seven 0 seven 5 four 8 three 2 [...]",2012-11-17T02:43:55-08:00,emailnotfound,FALSE,seattle,2012-11-20T02:43:55-08:00,portland
seattle to tri cities (bainbridge island),seattle,http://seattle.craigslist.org/see/rid/3415641625.html,"driving from bainbridge to tri cities wednesday afternoon, taking highway 90. can stop along the way. need gas money up front. ",2012-11-17T00:15:43-08:00,emailnotfound,TRUE,seattle,2012-11-19T00:15:43-08:00,tri
need ride south to portland or eugene sunday 11/18,seattle,http://seattle.craigslist.org/see/rid/3415253763.html,i need a ride to eugene this sunday 11/18. i have money for gas. getting to portland would be fine too. i'm a 26 year old male student trying to visit a friend who is expecting a baby in the coming days. please let me know if you have room for me and [...],2012-11-16T18:15:54-08:00,emailnotfound,FALSE,seattle,2012-11-18T18:15:54-08:00,portland
offering ride to bellingham immediately (newcastle),seattle,http://seattle.craigslist.org/est/rid/3415109949.html,"going to bellingham for the weekend. leaving from newcastle, wa. could pick up riders in bellevue, or anywhere along the route. round trip optional - coming back down sunday evening. 
looking for someone to chip in on gas and ride along so that i can [...]",2012-11-16T16:53:33-08:00,emailnotfound,TRUE,seattle,2012-11-18T16:53:33-08:00,bellingham
looking to go to portland 11/17 evening (seattle or north end),seattle,http://seattle.craigslist.org/see/rid/3415040579.html,"hi there, 
i'm looking to get to portland tomorrow evening. can leave 6 pm or later. 
i don't have much money for gas, i'm wondering if you will accept canned tomatoes and black beans, and couple bulbs of organic local garlic. can also offer up a gro [...]",2012-11-16T16:17:16-08:00,emailnotfound,FALSE,seattle,2012-11-17T16:17:16-08:00,go
seattle to portland leaving sat. afternoon 11/17 (downtown),seattle,http://seattle.craigslist.org/see/rid/3415036628.html,"im going to be leaving to portland in the afternoon... i have 3 seats available, but that includes storage too.. trunk is full. call or txt 559-974-0881 
don't bother emailing because i won't be checking, thanks.... ",2012-11-16T16:15:18-08:00,emailnotfound,TRUE,seattle,2012-11-17T16:15:18-08:00,portland
"ride offered: seattle to vancouver, bc on saturday (issaquah, seattle - vancouver)",seattle,http://seattle.craigslist.org/see/rid/3415006292.html,"i'm heading up to vancouver (or squamish more specifically) tomorrow morning (some time around noon more like) i have room in my car for a couple people. 
let me know if you need a ride. 
cheers, ",2012-11-16T16:00:13-08:00,emailnotfound,TRUE,seattle,2012-11-16T16:00:13-08:00,vancouver
headed to eugene 11/21 evening (tacoma / fife),seattle,http://seattle.craigslist.org/tac/rid/3414707759.html,"short notice 
headed down to eugene day before thanksgiving. 
coming back late afternoon sunday 11/25 
tom 253 509-2298 ",2012-11-16T13:45:21-08:00,emailnotfound,TRUE,seattle,2012-11-21T13:45:21-08:00,eugene
ride needed: olympia to seattle (today 11/16) (west olympia),seattle,http://seattle.craigslist.org/oly/rid/3414542773.html,"hi! i am in need of a ride to seattle today!! if you are driving up and you need some extra bucks on gas, i am willing to help! i can go in for half of the gas to seattle. if you are planning to go today please shoot me a text/call. my number is two- [...]",2012-11-16T12:39:07-08:00,emailnotfound,FALSE,seattle,2012-11-16T12:39:07-08:00,seattle
heading to san diego on 11/19 (bremerton),seattle,http://seattle.craigslist.org/kit/rid/3414499182.html,"im heading to san diego on the 19th of november for work, i have a ext. cab truck and can haul stuff down there or ride share, im plan on driving the whole way, and can drop u anywhere within reasonable distance of 1-5 for gas money.... any questions [...]",2012-11-16T12:22:13-08:00,emailnotfound,TRUE,seattle,2012-11-19T12:22:13-08:00,san
"ride offered - redmond to bellingham on fri 11/16 (seattle, redmond, bhm)",seattle,http://seattle.craigslist.org/see/rid/3414320526.html,"i'm offering a ride from redmond to bellingham. 
leaving late night november 16th returning afternoon november 17th. no smoking no pets no drinking
txt me 224 616 abid or respond to addthanks contact me on zimride: http://www.zimride.com/ride/share?r [...]",2012-11-16T11:14:34-08:00,emailnotfound,TRUE,seattle,2012-11-16T11:14:34-08:00,bellingham
need ride to spokane $20 in gas (redmond to spokane),seattle,http://seattle.craigslist.org/est/rid/3414299268.html,"i've got $20 for a ride to spokane today, preferably by 5 ish... call or text thanks 
david, 
2082155851",2012-11-16T11:06:40-08:00,emailnotfound,TRUE,seattle,2012-11-16T11:06:40-08:00,spokane
seattle to california 11/21 (downtown),seattle,http://seattle.craigslist.org/see/rid/3414236560.html,"need a ride south? i'm planning on driving down to central california on the evening of 11/21 (probably around 5:00) and leaving from downtown. i'll be driving along the i-5, so i can drop you off somewhere along the way as long as it isn't too much  [...]",2012-11-16T10:43:38-08:00,emailnotfound,TRUE,seattle,2012-11-21T10:43:38-08:00,california
ride offered - seattle to santa cruz on tue 11/20 (seattle),seattle,http://seattle.craigslist.org/see/rid/3414223177.html,"i'm offering a ride from seattle to santa cruz. 
leaving november 20th returning november 26th. i want to drive straight through without any overnight stops. i am a safe driver and i'm looking for people to help drive. i need passengers that are also [...]",2012-11-16T10:38:36-08:00,emailnotfound,TRUE,seattle,2012-11-20T10:38:36-08:00,santa
ride to boise 11/23 (puyallup),seattle,http://seattle.craigslist.org/tac/rid/3413963945.html,"heading home to ontario, oregon via ellensburg, yakima, pendleton, la grande, and baker city oregon. leaving friday morning 11/23. will split gas ($50 each) - can take you on to boise for an additional $10. have large van, plenty of space. no drugs,  [...]",2012-11-16T09:05:00-08:00,emailnotfound,TRUE,seattle,2012-11-23T09:05:00-08:00,boise
need ride from olympia to seatac on nov 20 (olympia wa),seattle,http://seattle.craigslist.org/oly/rid/3413851896.html,"hello, 
my name is carly. i am looking for a ride on november 20 in the morning to the airport from olympia. my flight leaves around 11:30 but i am okay with arriving early. 
i can offer gas/generosity $, homemade raw chocolate, and company :) 
my nu [...]",2012-11-16T08:23:22-08:00,emailnotfound,TRUE,seattle,2012-11-20T08:23:22-08:00,seatac
rideshare and drive share from billings mt to seattle area november 21 (seattle),seattle,http://seattle.craigslist.org/tac/rid/3384407141.html,"i am leaving from billings on november 21st and arriving on seattle area on the 22nd and returning to billings beginning on november 25th and arriving on the 26th. 
i am driving a 98 dodge mark iii custom conversion van with a 5' x 8' cargo trailer.  [...]",2012-11-16T06:31:37-08:00,emailnotfound,TRUE,seattle,2012-11-21T06:31:37-08:00,seattle
ride offered to portland saturday morning (seattle),seattle,http://seattle.craigslist.org/see/rid/3413285322.html,ride offered to portland on saturday morning. we're two students exploring the pnw. room for up to three more people. $20 flat. email or text 707-889-8746. ,2012-11-16T00:23:08-08:00,emailnotfound,TRUE,seattle,2012-11-17T00:23:08-08:00,portland
guy and nice old dog need ride to portland 11/21 (u district),seattle,http://seattle.craigslist.org/see/rid/3413247662.html,"hi there, 
i'm trying to get down to portland with my dog for thanksgiving on wednesday 11/21 (next week). i'm a friendly grad student here at uw, and my dog is a 12 year old girl who sleeps a lot and doesn't shed (she's a standard poodle, see photo) [...]",2012-11-15T23:23:36-08:00,emailnotfound,FALSE,seattle,2012-11-21T23:23:36-08:00,portland
looking for carpool from evt to kirkland,seattle,http://seattle.craigslist.org/sno/rid/3413235334.html,i am looking for a carpool from everett to kirkland 6 days a week if available. i work through the weekend and have a day off during the week. i am more than willing to help pay for gas. let me know asap if this fits your current travel plans. thank  [...],2012-11-15T23:06:57-08:00,emailnotfound,FALSE,seattle,2012-11-15T23:06:57-08:00,kirkland
"puyallup or 171st & meridian to orting, fridays (same as in title)",seattle,http://seattle.craigslist.org/tac/rid/3413228436.html,"first off - thanks for reading! i am still in need of getting to orting any/every friday by 4 pm. i can easily get to the south hill mall, or to the puyallup sounder/transit station, or even to 171st & meridian, no problem. i just need to get from an [...]",2012-11-15T22:57:54-08:00,emailnotfound,TRUE,seattle,2012-11-16T22:57:54-08:00,orting
ride needed oly to seattle 11/19 morning (olympia to seattle),seattle,http://seattle.craigslist.org/oly/rid/3413121853.html,"i am trying to get to the seatac airport, ideally by 9am on monday the 19th. i will have a couple of bags with me. 
i could also be dropped on a bus route or close by if that's easier, and i could help pay for gas. 
if you have space, let me know! 
t [...]",2012-11-15T21:08:17-08:00,emailnotfound,FALSE,seattle,2012-11-19T21:08:17-08:00,seattle
ride offer-seattle to portland 11/28 (seattle),seattle,http://seattle.craigslist.org/see/rid/3413010476.html,hello! i am offering a ride to portland from seattle on wednesday november 28. i have room for 3 additional riders if everyone doesn't bring too much stuff (the trunk is probably only big enough for one bag from each of us--toyota corolla). i am goin [...],2012-11-15T19:44:01-08:00,emailnotfound,TRUE,seattle,2012-11-28T19:44:01-08:00,portland
ride offered to bellingham tomorrow (seattle),seattle,http://seattle.craigslist.org/see/rid/3412990698.html,ride offered to bellingham tomorrow afternoon. we're two students exploring the pnw. room for up to three more people. $10 flat. email or text 707-889-8746.,2012-11-15T19:31:05-08:00,emailnotfound,TRUE,seattle,2012-11-15T19:31:05-08:00,bellingham
"ride offered to spokane (seattle, south)",seattle,http://seattle.craigslist.org/see/rid/3412893056.html,"i am offering a ride from seattle to spokane, and can leave later sunday or early monday. 
not a 420 ride or any smoke for that matter. a pleasant drive in a 4x4 p/u truck. music and stops when needed. 
i am looking for money towards fuel and have ro [...]",2012-11-15T18:30:35-08:00,emailnotfound,TRUE,seattle,2012-11-19T18:30:35-08:00,spokane
"ride offered tomorrow!! seattle to portland, sacramento, la ",seattle,http://seattle.craigslist.org/see/rid/3412808382.html,"we have room for one or two with one bag each. looking for help with gas $$. 
six41-eight91-eight241 ",2012-11-15T17:42:03-08:00,emailnotfound,TRUE,seattle,2012-11-15T17:42:03-08:00,portland
