title,postingFrom,permalink,shortDescription,postingDate,mailToLink,driver,from,leaving,to
state college to detroit this tuesday (sc),pennstate,http://pennstate.craigslist.org/rid/3416982794.html,"driving from state college to detroit. leaving tuesday afternoon. safe, boring driver, one passenger so far. 4 door sedan with room for two more. 
leaving detroit saturday morning.",2012-11-17T16:44:36-05:00,emailnotfound,TRUE,pennstate,2012-11-20T16:44:36-05:00,detroit
from state college to harrisburg (11/19),pennstate,http://pennstate.craigslist.org/rid/3416473054.html,"im driving from state college to harrisburg on 11/19 at 6am.. 
returning from harrisburg to state college on 11/19 at 7 pm. 
want to share gas? one way? round trip? 
email back.",2012-11-17T13:16:41-05:00,emailnotfound,TRUE,pennstate,2012-11-19T13:16:41-05:00,harrisburg
looking for a ride to pittsburgh/cranberry ish area,pennstate,http://pennstate.craigslist.org/rid/3415286085.html,"hi, parents were hoping i could find a ride home tomorrow (saturday) back to pittsburgh. live in the gibsonia/wexford area, but anywhere north of pittsburgh could work as well so that my parents don't have to drive all this way after work. offering $ [...]",2012-11-16T21:36:37-05:00,emailnotfound,TRUE,pennstate,2012-11-16T21:36:37-05:00,pittsburgh/cranberry
ride offered - state college to manchester on wed 11/21 (state college),pennstate,http://pennstate.craigslist.org/rid/3415048199.html,"i'm offering a ride from state college to manchester. 
leaving november 21st returning november 25th. hey, so i am renting a car and driving to nh for the holiday, i am willing to stop anywhere along the way. contact me on zimride: http://www.zimride [...]",2012-11-16T19:21:11-05:00,emailnotfound,TRUE,pennstate,2012-11-21T19:21:11-05:00,manchester
ride offered - harrisburg to pittsburgh on wed 11/21 (harrisburg),pennstate,http://pennstate.craigslist.org/rid/3412242942.html,"i'm offering a ride from harrisburg to pittsburgh. 
leaving november 21st returning november 25th. contact me on zimride: http://www.zimride.com/ride/share?ride=535404 ",2012-11-15T16:14:55-05:00,emailnotfound,TRUE,pennstate,2012-11-21T16:14:55-05:00,pittsburgh
ride offered - state college to hazleton on wed 11/21 (state college),pennstate,http://pennstate.craigslist.org/rid/3411964376.html,"i'm offering a ride from state college to hazleton for 20$ per person. 
leaving november 21st returning november 22nd. carpool company before/after thanksgiving dinner. willing to stop at other locations that aren't too far off of i-80. contact me on [...]",2012-11-15T14:22:57-05:00,emailnotfound,TRUE,pennstate,2012-11-21T14:22:57-05:00,hazleton
state college to nyc,pennstate,http://pennstate.craigslist.org/rid/3410496184.html,"anyone driving from sc to nyc this saturday? the earlier the better :) i'd be glad to help with gas. i only have a bookbag with me. i can make for great convo or i can just be quiet, lol (786) 390-8400.",2012-11-14T20:35:18-05:00,emailnotfound,TRUE,pennstate,2012-11-17T20:35:18-05:00,nyc
looking for a ride from buffalo to state college  (buffalo state college),pennstate,http://pennstate.craigslist.org/rid/3409957876.html,hey guys i am looking to get from buffalo to state college on the 25th or 26th of november let me know if you can help me out would be awesome. thanks in advance :),2012-11-14T16:23:54-05:00,emailnotfound,FALSE,pennstate,2012-11-25T16:23:54-05:00,state
ride needed to wyomissing (state college),pennstate,http://pennstate.craigslist.org/rid/3400857592.html,i am looking for a ride to wyomissing or anywhere in berks county on friday afternoon for thanksgiving break. will pay gas money. ,2012-11-10T17:34:48-05:00,emailnotfound,FALSE,pennstate,2012-11-12T17:34:48-05:00,wyomissing
need ride to chester county (university park),pennstate,http://pennstate.craigslist.org/rid/3400847656.html,i am looking for a ride on friday anytime after 3:20 to go home for thanksgiving break. i will gladly help pay gas money. i live near the downingtown exit of the pa turnpike and can be dropped off there or anywhere nearby.,2012-11-10T17:29:52-05:00,emailnotfound,FALSE,pennstate,2012-11-12T17:29:52-05:00,chester
"state college to pittsburgh, columbus, and louisville 11/16 or 11/17 (state college)",pennstate,http://pennstate.craigslist.org/rid/3399488571.html,"hello, 
my wife and i will be going to louisville on the 16th or 17th of november and will share the car for the fuel expenses (it's a corolla, so it won't be much). email me your phone number if interested.",2012-11-10T06:03:35-05:00,emailnotfound,FALSE,pennstate,2012-11-16T06:03:35-05:00,pittsburgh
sc to philadelphia/bucks (friday 11/16),pennstate,http://pennstate.craigslist.org/rid/3396386809.html,"i have no car but can split gas with someone who is heading in that direction. 
feel free to call text two one five 9 seven one 42 nine 7 ",2012-11-08T18:47:44-05:00,emailnotfound,TRUE,pennstate,2012-11-16T18:47:44-05:00,philadelphia/bucks
nyc to state college - 11/26/12,pennstate,http://pennstate.craigslist.org/rid/3392222289.html,"hey, i'm looking for a ride from nyc to state college on monday nov. 26th, to get back into state college before 4pm. 
hope someone can help! 
thanks! ",2012-11-07T01:00:49-05:00,emailnotfound,FALSE,pennstate,2012-11-26T01:00:49-05:00,state
looking for a ride to dc this weekend,pennstate,http://pennstate.craigslist.org/rid/3390422504.html,i am student and i am looking for a ride from state college to dc this coming friday (11/9) and coming back on sunday afternoon or monday morning. will split payment of gas with driver. let me know if you have an extra seat!,2012-11-06T10:27:00-05:00,emailnotfound,FALSE,pennstate,2012-11-09T10:27:00-05:00,dc
ride offered - state college to new york on sun 11/11 (state college),pennstate,http://pennstate.craigslist.org/rid/3384107365.html,"i'm offering a ride from state college to new york. 
leaving november 11th returning november 11th. contact me on zimride: http://www.zimride.com/ride/share?ride=515710 ",2012-11-03T13:38:40-04:00,emailnotfound,TRUE,pennstate,2012-11-11T13:38:40-04:00,new
thanksgiving - state college to philly (fri 11/16),pennstate,http://pennstate.craigslist.org/rid/3383241643.html,"heading from state college to philly for thanksgiving break on friday, nov 16 (around 4-6pm). i have room for 3 people in the backseat and room for luggage as well. time is negotiable, but i can't leave earlier than 330pm. price depends on how many p [...]",2012-11-03T02:30:30-04:00,emailnotfound,TRUE,pennstate,2012-11-16T02:30:30-04:00,philly
thanksgiving ride to boston,pennstate,http://pennstate.craigslist.org/rid/3380346578.html,"psu student looking for a ride to boston for thanksgiving. flexible schedule looking to leave thursday or friday (11/15-16). i'll throw bills for gas 
jake",2012-11-01T19:18:52-04:00,emailnotfound,FALSE,pennstate,2012-11-15T19:18:52-04:00,boston
megabus to philadelphia this weekend (state college),pennstate,http://pennstate.craigslist.org/rid/3380329495.html,"i have a round trip ticket from state college to philadelphia this weekend. ( friday nov. 2 - sunday nov. 4) 
i bought it for 35 dollars a piece. i can not make this trip anymore. you can buy one piece or both. price is also negotiable. 
contact me ",2012-11-01T19:10:29-04:00,emailnotfound,TRUE,pennstate,2012-11-02T19:10:29-04:00,philadelphia
trying to get to kutztown (state college),pennstate,http://pennstate.craigslist.org/rid/3377469667.html,i'm a penn state student trying to visit my girlfriend in kutztown this weekend and then be back by sunday night. if anyone is already heading that way and willing to help me i could definitely help with gas and driving. i'm not sure if craigslist re [...],2012-10-31T14:16:28-04:00,emailnotfound,FALSE,pennstate,2012-10-33T14:16:28-04:00,get
ride to philly either today or tomorrow (wednesday) (united states),pennstate,http://pennstate.craigslist.org/rid/3375722270.html,"hello, i am a grad penn state student need a ride to philadelphia. since the buses are cancelled it will really help if anyone is going to that direction. i will help with gas. you can reach me from my phone number 267 575 4847 or e-mail. thanks a lo [...]",2012-10-30T17:58:36-04:00,emailnotfound,FALSE,pennstate,2012-10-30T17:58:36-04:00,philly
anybody going to soundtribe? (state college to philly),pennstate,http://pennstate.craigslist.org/rid/3375261361.html,anybody from the state college area headed to philly for the sts9 show tomorrow? i'd definitely help out with gas! gotta do something since pretty lights cancelled.,2012-10-30T14:51:40-04:00,emailnotfound,TRUE,pennstate,2012-10-30T14:51:40-04:00,soundtribe
ride needed to harrisburg (west campus),pennstate,http://pennstate.craigslist.org/rid/3374588036.html,"senior psu male needs ride to harrisburg area (ie; linglesgtown road or progress avenue exits) on fridays after class about 5:30, sgtarting on 11/3. may also be interested in return trip on sunday. will split costs, ",2012-10-30T10:26:43-04:00,emailnotfound,FALSE,pennstate,2012-11-03T10:26:43-04:00,harrisburg
megabus to nyc 10/30 (state college),pennstate,http://pennstate.craigslist.org/rid/3370242266.html,"megabus tickets for 2 people 10/30 roundtrip 
state college to nyc departs 245am arrives 7:40am 
nyc departs 420 pm arrives state college 9pm. 
for both tickets $26.00 this is face value 
email me with questions or to buy. 
thanks ",2012-10-28T09:24:32-04:00,emailnotfound,TRUE,pennstate,2012-10-30T09:24:32-04:00,nyc
ride offered - altoona to pittsburgh on thu 10/25 (altoona),pennstate,http://pennstate.craigslist.org/rid/3364108720.html,"i'm offering a ride from altoona to pittsburgh. 
leaving october 25th returning october 25th. steelers and redskins contact me on zimride: http://www.zimride.com/ride/share?ride=506313 ",2012-10-25T12:36:34-04:00,emailnotfound,TRUE,pennstate,2012-10-25T12:36:34-04:00,pittsburgh
megabus tickets to and from nyc during thanksgiving,pennstate,http://pennstate.craigslist.org/rid/3346134123.html,"hi, 
i have some megabus tickets for sale. $20 each. 
trip 1: nyc to sc at 4:20pm on 11/18 
trip 2: sc to nyc at 3:00pm on 11/23 
trip 3: sc to nyc at 7:55pm on 11/23 
trip 4: nyc to sc at 6:50am on 11/24 
trip 5: sc to nyc at 7:55pm on 11/25 
please [...]",2012-10-17T17:23:59-04:00,emailnotfound,TRUE,pennstate,2012-11-18T17:23:59-04:00,and
need ride from state college to nyc for thanksgiving break,pennstate,http://pennstate.craigslist.org/rid/3342081264.html,"looking to get a ride to nyc from state college on either thursday night, 11/15 or friday 11/16 and possibly the return trip too on sunday, 11/25. 
i am a sophomore here at penn state and am willing to split the gas. 
non-smoker and very flexible as  [...]",2012-10-16T01:00:11-04:00,emailnotfound,FALSE,pennstate,2012-11-15T01:00:11-04:00,nyc
ride offered to nyc - oct 27th (state college),pennstate,http://pennstate.craigslist.org/rid/3341317959.html,"i'm offering a ride from state college to nyc on oct 27th at about 9 am. 
i'm a phd student at pennstate and will be visiting a friend for a day in nyc. 
be back the same night.. let me know if you're willing to share the gas..",2012-10-15T17:49:09-04:00,emailnotfound,FALSE,pennstate,2012-10-27T17:49:09-04:00,nyc
seeking carpool or car share from pine grove mills to penn state (pine grove mills),pennstate,http://pennstate.craigslist.org/rid/3341300604.html,"hello, 
if you live in pine grove mills and have a car and you'd like to make some extra cash, i am looking for a carpool for this spring. i would pay a reasonable (negotiable) amount per round trip or per month, whatever you prefer. i'm also interes [...]",2012-10-15T17:41:42-04:00,emailnotfound,TRUE,pennstate,2012-10-15T17:41:42-04:00,penn
"rides needed from nyc to state college dec 23, 2012",pennstate,http://pennstate.craigslist.org/rid/3333288215.html,"my friend and i need a ride from nyc to state college on dec 23,2012. we are willing to pay for the gas.",2012-10-12T03:31:26-04:00,emailnotfound,FALSE,pennstate,2012-12-23T03:31:26-04:00,state
"rides needed from state college to ny (dec 23, 2012)",pennstate,http://pennstate.craigslist.org/rid/3333287176.html,"i need a ride from state college to ny on dec 23,2012. i am willing to pay for gas. ",2012-10-12T03:29:21-04:00,emailnotfound,FALSE,pennstate,2012-12-23T03:29:21-04:00,ny
"ride needed from lock haven to state college, friday (10/12) (lock haven)",pennstate,http://pennstate.craigslist.org/rid/3332289067.html,"my friend, chris, is currently stranded at macintyre chevrolet 10 east walnut st., lock haven, pa 17745 
he's without a phone and car and needs to get back to michigan! 
how you could help 
- let him use a phone or 
- let him crash for the night or 
 [...]",2012-10-11T16:27:53-04:00,emailnotfound,FALSE,pennstate,2012-10-12T16:27:53-04:00,state
ride offered to pittsburgh (from state college),pennstate,http://pennstate.craigslist.org/rid/3323869041.html,"i am leaving to pittsburgh in the morning at 10 am/oct 8th, pls text/call me asap at 541 740 4608 if you wanna ride.",2012-10-08T01:34:59-04:00,emailnotfound,TRUE,pennstate,2012-10-08T01:34:59-04:00,pittsburgh
ny to state college psu penn state friday 10/5,pennstate,http://pennstate.craigslist.org/rid/3315364190.html,ny to state college/psu/penn state for homecoming weekend 10/5. departure flexible but no later than 2pm. $40.,2012-10-04T07:25:40-04:00,emailnotfound,TRUE,pennstate,2012-10-05T07:25:40-04:00,state
to wash dc 10/12 ,pennstate,http://pennstate.craigslist.org/rid/3315050200.html,"looking to share a ride to northern va, or the washington dc area from psu on 10/12. i need to return on 10/14. if i can only get one way, i""ll do that as well. thanks.",2012-10-03T23:34:37-04:00,emailnotfound,FALSE,pennstate,2012-10-12T23:34:37-04:00,wash
ride to d.c. area and back: weekend of 9/28 (state college),pennstate,http://pennstate.craigslist.org/rid/3282678613.html,"hi 
i am traveling to d.c. the weekend of sept 28. if you are looking for a ride, i can drive and we can share gas costs. i will leave friday afternoon and then return back to state college on sunday 9/30.",2012-09-19T15:01:03-04:00,emailnotfound,FALSE,pennstate,2012-09-28T15:01:03-04:00,d.c.
ride offered - state college to pittsburgh on thu 9/27 (state college),pennstate,http://pennstate.craigslist.org/rid/3282400489.html,"i'm offering a ride from state college to pittsburgh. 
leaving september 27th. i will be driving a ford escape. if you want to be dropped off along the way, that can be arranged. i am originally from the northeast but have lived in the south, europe, [...]",2012-09-19T13:17:09-04:00,emailnotfound,TRUE,pennstate,2012-09-27T13:17:09-04:00,pittsburgh
need rideshare (state college to philly),pennstate,http://pennstate.craigslist.org/rid/3282048364.html,"i am working in state college. but my family is in philly. so i need to commute between the two places every weekend in the next few months. 
yesterday i bought a second-hand car, but i am taking my driver licence. maybe next or next next month i wil [...]",2012-09-19T11:02:59-04:00,emailnotfound,TRUE,pennstate,2012-09-24T11:02:59-04:00,philly
