title,postingFrom,permalink,shortDescription,postingDate,mailToLink,driver,from,leaving,to
need ride to atlanta next tues or wed (panama city),panamacity,http://panamacity.craigslist.org/rid/3415397095.html,"hello. i'm looking for a ride from panama city to atlanta tuesday, nov. 20 or wed. nov, 21 
could also make monday 11/19 work if necessary. 
very responsible mature man, and happy to pay for all your gas, etc. for the trip. 
if this works for you,ple [...]",2012-11-16T22:54:49-05:00,emailnotfound,FALSE,panamacity,2012-11-19T22:54:49-05:00,atlanta
ride offered 11/10 panama city to denver,panamacity,http://panamacity.craigslist.org/rid/3373636451.html,"11/10 ride offered from panama city to denver 
cost is $120 = 1/2 of gas expense 
please call or text me @ 850-866-9040 ",2012-11-06T12:38:18-05:00,emailnotfound,TRUE,panamacity,2012-11-10T12:38:18-05:00,denver
"pc to austin, tx",panamacity,http://panamacity.craigslist.org/rid/3359498997.html,"i know this is short notice but we'll see what happens. i'm leaving to austin, tx tomorrow morning. looking for someone with not too much travel gear and that can pay some fuel money. 
i'm 27 year old chiropractor moving out there to work in a clinic [...]",2012-10-23T13:59:18-04:00,emailnotfound,FALSE,panamacity,2012-10-23T13:59:18-04:00,austin
"need ride to milton fl. sat. or sun, (5850 milton rd, s. r.)",panamacity,http://panamacity.craigslist.org/rid/3346948868.html,"i would like to visit a friend who is at santa rosa correctional institute and need a ride to and from 5850 milton road, santa rosa correctional institute, milton florida. visitation is only on saturday and sunday, i am 67 year old female and can't a [...]",2012-10-18T01:30:26-04:00,emailnotfound,FALSE,panamacity,2012-10-19T01:30:26-04:00,milton
looking for someone to share rides from southport to pcb 4 nights 1day (southport / pcb),panamacity,http://panamacity.craigslist.org/rid/3342237225.html,i drive from southport to panama city beach and back five days a week. on sundays i usually leave at 1:00 pm from southport. and leave panama city beach at 10: 00 pm. monday through thursday i leave southport at 9:00 pm and leave panama city beach at [...],2012-10-16T04:45:31-04:00,emailnotfound,TRUE,panamacity,2012-10-22T04:45:31-04:00,share
