title,postingFrom,permalink,shortDescription,postingDate,mailToLink,driver,from,leaving,to
"offering ride to little rock, jonesboro (texarkana)",texarkana,http://texarkana.craigslist.org/rid/3404406429.html,just asking for some gas money. call me at 972-898-8334.,2012-11-12T11:21:08-06:00,emailnotfound,TRUE,texarkana,2012-11-12T11:21:08-06:00,little
"texarkana to kentucky (hope,tex)",texarkana,http://texarkana.craigslist.org/rid/3378449416.html,"i will be leaving texarkana on friday the 2nd at 11pm, maybe midnight, depends on traffic, it will be a friday. either way i will be leaving texarkana and going to lexington, ky. 
would like help with gas, please email.",2012-10-31T21:50:54-05:00,emailnotfound,TRUE,texarkana,2012-10-02T21:50:54-05:00,kentucky
need a ride to atlanta on 6th (texarkana),texarkana,http://texarkana.craigslist.org/rid/3314313249.html,i need a ride from busstation to atlanta tx on the 6th around 3pm to go to my nieces birthday party... 24yo female,2012-10-03T16:01:46-05:00,emailnotfound,TRUE,texarkana,2012-10-06T16:01:46-05:00,atlanta
