title,postingFrom,permalink,shortDescription,postingDate,mailToLink,driver,from,leaving,to
looking for ride to oklahoma from waterloo! (waterloo),waterloo,http://waterloo.craigslist.org/rid/3402652818.html,im looking for a ride down to oklahoma from waterloo asap. i have a friend down in sapulpa ok and he is a professional tattoo artist. i want him to come to iowa but he cant afford it at the moment. if anybody can help me out with this im sure that he [...],2012-11-11T14:48:46-06:00,emailnotfound,FALSE,waterloo,2012-11-11T14:48:46-06:00,oklahoma
"cedar falls to des moines, friday evening. room for 2 (cedar falls to dsm)",waterloo,http://waterloo.craigslist.org/rid/3389934262.html,$25 a person and can take two people one way to des moines. leaving cedar falls around 6:15pm or before. text me at 410-926-9092,2012-11-06T00:44:51-06:00,emailnotfound,TRUE,waterloo,2012-11-09T00:44:51-06:00,des
"needed: ride to portland, or",waterloo,http://waterloo.craigslist.org/rid/3369269296.html,"hi, i am a 26 year old male looking for a ride to portland, oregon for anytime after november 7th. i am willing to help drive, split gas, talk about whatever or not talk and sit quietly :) send me an email if you're headed west. thanks!",2012-10-27T16:15:10-05:00,emailnotfound,FALSE,waterloo,2012-11-07T16:15:10-05:00,portland
needing to get home,waterloo,http://waterloo.craigslist.org/rid/3312308301.html,"trying to get back to rogue river oregon to help plan wedding, would prefer not to try bus lines.can help drive and gas, anyone going that way i would appreciate it.email me with info. 
thank you.",2012-10-24T17:52:00-05:00,emailnotfound,FALSE,waterloo,2012-10-24T17:52:00-05:00,get
"driving west to seattle, wa.  (waterloo)",waterloo,http://waterloo.craigslist.org/rid/3356836776.html,"leaving town early afternoon, have room for 2 people. 
if intrested respond asap. ",2012-10-22T11:58:29-05:00,emailnotfound,TRUE,waterloo,2012-10-22T11:58:29-05:00,seattle
ride needed from janesville to california,waterloo,http://waterloo.craigslist.org/rid/3330934122.html,"i have a rolling restored 1965 vintage travel trailer that i need either towed or trailered from janesville, iowa to anywhere near north ca-reno, 
sacramento, central ca, south oregon... you get the idea. 
trailer is less than 2,000# curb wieght, sin [...]",2012-10-21T02:34:33-05:00,emailnotfound,FALSE,waterloo,2012-10-24T02:34:33-05:00,california
cedar falls to sioux city (waterloo/cedar falls),waterloo,http://waterloo.craigslist.org/rid/3350550304.html,"i am planning on driving to sioux city on october, friday 26 at noon or so and coming back on sunday 28, $30 gets you a ride one way $50 round trip. let me know if interested",2012-10-19T14:12:51-05:00,emailnotfound,TRUE,waterloo,2012-10-19T14:12:51-05:00,sioux
waterloo to des moines,waterloo,http://waterloo.craigslist.org/rid/3312427468.html,"leaving waterloo on friday afternoon, have room for up to 3 people if you need to go to des moines. twenty bucks gets you a ride if you are looking for it. email me for more info.",2012-10-02T19:43:37-05:00,emailnotfound,TRUE,waterloo,2012-10-05T19:43:37-05:00,des
