title,postingFrom,permalink,shortDescription,postingDate,mailToLink,driver,from,leaving,to
going up to vegas! (nw tucson),tucson,http://tucson.craigslist.org/rid/3417756553.html,"have some family up in vegas and am leaving on tuesday 11/20 to be with them for thanksgiving. will be coming back to tucson on tuesday 11/27. i do smoke but i have a reliable car, if anyone needs a ride that way at that time let me know.",2012-11-17T23:12:48-07:00,emailnotfound,FALSE,tucson,2012-11-20T23:12:48-07:00,vegas
ride needed from scottsdale or phoenix to tucson - nov 25th ,tucson,http://tucson.craigslist.org/rid/3415663143.html,i'll be spending thanksgiving in scottsdale and i need a ride to go back home in tucson. ride can be from scottsdale or phoenix as early as possible that sunday.,2012-11-17T01:54:28-07:00,emailnotfound,FALSE,tucson,2012-11-25T01:54:28-07:00,tucson
i need to get home and i'm broke! (golflinks to broadway),tucson,http://tucson.craigslist.org/rid/3415095356.html,"my friend ended up not being able to take me home tonight since her car broke down now i'm trying to find a way home. 
you can text or call christin at 520 247 9009 
if you can help me out, that would be great. thanks!",2012-11-16T17:45:54-07:00,emailnotfound,FALSE,tucson,2012-11-16T17:45:54-07:00,get
tucson(arizona) to anaheim hills(cali) (10 interstate),tucson,http://tucson.craigslist.org/rid/3414927006.html,"i'm driving from houston texas to anaheim hills cali. i'm using the 10 interstate the whole way. i'll be leaving sometime saturday 11-17-2012. 
texas cities passing through. 
houston(main city), sugar land, seguin, san antonio(main city), boeme, comf [...]",2012-11-16T16:21:30-07:00,emailnotfound,TRUE,tucson,2012-11-17T16:21:30-07:00,anaheim
driving to phoenix today (tucson mall),tucson,http://tucson.craigslist.org/rid/3414251116.html,i am driving up to phoenix today around 3 and willing to rideshare. email me if your interested.,2012-11-16T11:48:57-07:00,emailnotfound,TRUE,tucson,2012-11-16T11:48:57-07:00,phoenix
ride offer from tucson to utah. (tucson-phoenix-flagstaff-kanab-orem.),tucson,http://tucson.craigslist.org/rid/3414095956.html,"leaving on sunday morning like at 10, trying to be back in utah by night. have room for 2 or 3 others. i drive a highlander hybrid. looking for someone willing to share gas. email me before saturday evening.",2012-11-16T10:52:49-07:00,emailnotfound,TRUE,tucson,2012-11-17T10:52:49-07:00,utah.
ride to phoenix next wed (tucson/arivaca),tucson,http://tucson.craigslist.org/rid/3410926738.html,"leaving arivaca next wed afternoon. can meet in on west side near i10 in tucson. can drop near 10 in chandler, tempe and phoenix. 
will be returning thur evening. chill guy with chill dog.",2012-11-15T00:21:00-07:00,emailnotfound,TRUE,tucson,2012-11-21T00:21:00-07:00,phoenix
"tucson to phoenix, rideshare, monday through friday (tucson-phoenix)",tucson,http://tucson.craigslist.org/rid/3349311731.html,"ride-shares from tucson to phoenix. 
if you need to go from tucson to phoenix, i am driving business related twice a
day (monday-friday) between these cities, and can provide an affordable rideshare. my
vehicle is safe (so am i), very comfortable and [...]",2012-11-14T23:55:42-07:00,emailnotfound,TRUE,tucson,2012-11-19T23:55:42-07:00,phoenix
ride offered: tucson to albuquerque or las cruces,tucson,http://tucson.craigslist.org/rid/3409631681.html,"i'll be going from tucson to albuquerque on either tuesday or wednesday the 20th or 21st (i don't really care which day), pitch for gas, trade for weed, or gas jug to come with",2012-11-14T12:20:50-07:00,emailnotfound,TRUE,tucson,2012-11-20T12:20:50-07:00,albuquerque
need a ride to flagstaff (to flagstaff),tucson,http://tucson.craigslist.org/rid/3408346829.html,"hello, 
i am a 22 year old non smoker looking for a ride from phoenix to flagstaff. i can pay gas money. if you want to pick me up on your way up north, text me at 928-310-6836. or email. 
:)",2012-11-13T20:51:17-07:00,emailnotfound,FALSE,tucson,2012-11-19T20:51:17-07:00,flagstaff
need ride to durango mid nov.,tucson,http://tucson.craigslist.org/rid/3365592674.html,"howdy, 
i am looking for a ride from tucson to durango sometime between november 14th and november 19th. i have one backpack, a bit of gas $, some stories, and am a safe driver if you want help driving. i am a 34 year old male working for various out [...]",2012-11-12T19:42:49-07:00,emailnotfound,FALSE,tucson,2012-11-14T19:42:49-07:00,durango
ride offered: tucson to san diego: wed nov 14,tucson,http://tucson.craigslist.org/rid/3405267404.html,"hi, 
i'm an easy going, male, surfer, engineer. 30 yrs old. i have a nice vw passat. 
this wed, i'm leaving from intersection of e glen st and and n country club rd in tucson. i'm ending in pacific beach. i'm flexible on the time i leave. 
i'm willin [...]",2012-11-12T15:26:16-07:00,emailnotfound,TRUE,tucson,2012-11-14T15:26:16-07:00,san
seeking ride to albuquerque 4 thanksgiving (tucson-abq),tucson,http://tucson.craigslist.org/rid/3404800574.html,"2-3 foreign exchange students seeking ride to abq for turkey day. 
can be available to leave at noon on wed & must be back to tucson by sunday nite. 
all are spanish speakers & willing to share gas. 
lisa @ five oh five six oh 4 eight 2 four seven ",2012-11-12T12:34:26-07:00,emailnotfound,FALSE,tucson,2012-11-14T12:34:26-07:00,albuquerque
need a ride to yuma! (tuscon),tucson,http://tucson.craigslist.org/rid/3384925652.html,"i need a ride from tuscon to yuma the day before thanksgiving, and i can compensate a bit for gas.",2012-11-11T03:20:20-07:00,emailnotfound,FALSE,tucson,2012-11-17T03:20:20-07:00,yuma
ride to las vegas  am  11/23 (green valley),tucson,http://tucson.craigslist.org/rid/3400042557.html,i need a ride to las vegas friday 11/23.........i'll split the gas with you......i have to be there by 4pm for a basketball tournament..arizona state.....i can meet you in tucson.....thanx..t2s,2012-11-10T09:54:04-07:00,emailnotfound,FALSE,tucson,2012-11-23T09:54:04-07:00,las
la to tucson ,tucson,http://tucson.craigslist.org/rid/3397954725.html,"leaving sunday (11/25) from hollywood (i-10 & labrea) 
... share gas. 
... non smoker, please. 
volvo wagon 
call 520-249-5043.",2012-11-09T11:17:26-07:00,emailnotfound,TRUE,tucson,2012-11-25T11:17:26-07:00,tucson
"to austin, tx",tucson,http://tucson.craigslist.org/rid/3397817785.html,"heading to austin, tx mid to late weekend. no later than sunday evening. looking for $130 cash for gas. send me a text if your interested five six two 5 3 seven six 4 8 six.",2012-11-09T10:28:31-07:00,emailnotfound,TRUE,tucson,2012-11-11T10:28:31-07:00,austin
tucson to san diego,tucson,http://tucson.craigslist.org/rid/3395466557.html,"ride offered to san diego. leaving monday morning. share gas. 
call 907 399-4133, or respond to this ad.",2012-11-08T10:39:01-07:00,emailnotfound,TRUE,tucson,2012-11-12T10:39:01-07:00,san
easy gas money! ride to converys  (prince interstate i10),tucson,http://tucson.craigslist.org/rid/3395103339.html,seeking someone who lives near grant and columbus who works at convergy's call center near prince and the i-10. my hours are from 3pm-11:30 pm for 5 days only. will compensate with gas. reliable only need to respond. need as soon asap.,2012-11-08T08:20:56-07:00,emailnotfound,FALSE,tucson,2012-11-08T08:20:56-07:00,converys
ride offered 11/11- tucson to los angeles one way (tucson),tucson,http://tucson.craigslist.org/rid/3392055704.html,"i have a uhaul and will be moving my things to los angeles this next weekend. looking for someone around my age who needs a lift to split the gas and pass the time with. i'm a 26 year old male, headed out to california for a career in sound. i won't  [...]",2012-11-06T20:28:23-07:00,emailnotfound,FALSE,tucson,2012-11-11T20:28:23-07:00,los
heading north to flagstaff on sunday (tucson - flagstaff),tucson,http://tucson.craigslist.org/rid/3391667559.html,hey everyone! i am in desperate need of a ride up to flagstaff on sunday - any time of day that is convenient to you. i am able to drive and i am able to pay for half if not most of the gas. please let me know if you can do this.,2012-11-06T16:38:52-07:00,emailnotfound,FALSE,tucson,2012-11-11T16:38:52-07:00,flagstaff
ride offered - tucson to chandler on fri 11/9 (tucson),tucson,http://tucson.craigslist.org/rid/3389795715.html,"i'm offering a ride from tucson to chandler. 
leaving november 9th returning november 12th. heading up to chandler to visit family. would love to have some passengers along for the ride. my preference is to the i-10w--&gt;az-587n. once i hit chandler [...]",2012-11-05T21:24:16-07:00,emailnotfound,TRUE,tucson,2012-11-09T21:24:16-07:00,chandler
ride to los angeles,tucson,http://tucson.craigslist.org/rid/3389390990.html,"hello, 
heading to los angeles, passing through sometime thursday. looking for $60 for gas.",2012-11-05T17:24:16-07:00,emailnotfound,FALSE,tucson,2012-11-08T17:24:16-07:00,los
"tucson to sfbay, phx, la tuesday",tucson,http://tucson.craigslist.org/rid/3389182810.html,"leaving from tucson tuesday morning to head home for oakland, looking for riders to help share in gas. vehicle is a 99 plymouth van, reliable ok gas mileage (20 mpg) cd player, heat, etc. i'm a non-smoker but ok with light smoking. no drugs please, i [...]",2012-11-05T15:46:58-07:00,emailnotfound,TRUE,tucson,2012-11-06T15:46:58-07:00,sfbay
driving to tennessee (tucson),tucson,http://tucson.craigslist.org/rid/3388924319.html,"i am driving to tennessee. leaving on the 14th and would be willing to drop you off anywhere along the way. 
40 yr old male...smoker...420 friendly. 
there is room for one person and a small amount of luggage. 
gas money is a plus and you must have m [...]",2012-11-05T14:02:13-07:00,emailnotfound,TRUE,tucson,2012-11-14T14:02:13-07:00,tennessee
tucson to san diego the sunday or monday before thanksgiving (alvernon and 29th),tucson,http://tucson.craigslist.org/rid/3386035484.html,"hello people with vehicles, i need to get out to san diego the 25th or 26th. if you're headed in that direction i can buy almost all the gas and split the driving with you. you can choose your own music for the trip although i have a wonderfully ecle [...]",2012-11-04T09:55:51-07:00,emailnotfound,FALSE,tucson,2012-11-25T09:55:51-07:00,san
tucson to florence (central az detention center),tucson,http://tucson.craigslist.org/rid/3384412485.html,"hello, 
wanting to see if anyone is going to visit a loved one during the week, if i can get a ride. can help pay for gas. needing to go on a tuesday, thursday, friday as i work the rest of the week. 
thank you 
heather",2012-11-03T12:39:51-07:00,emailnotfound,FALSE,tucson,2012-11-06T12:39:51-07:00,florence
ride to flagstaff  (november 14th),tucson,http://tucson.craigslist.org/rid/3382990521.html,"hey there my name is renee! 
i am looking for a ride to flagstaff on novemeber 14th can help with gas!!!! 
hope to hear from you soon! ",2012-11-02T19:26:42-07:00,emailnotfound,FALSE,tucson,2012-11-14T19:26:42-07:00,flagstaff
"seeking a ride to portland, oregon",tucson,http://tucson.craigslist.org/rid/3380040542.html,"i am seeking a ride to portland, oregon mid to late november. i have gas money and am willing to split the driving. ",2012-11-01T13:59:41-07:00,emailnotfound,FALSE,tucson,2012-11-05T13:59:41-07:00,portland
driving to la/palm springs thurs am (oro valley),tucson,http://tucson.craigslist.org/rid/3375974820.html,"driving to la/palm springs leaving thurs nov 1. looking for pleasant 
rideshare. besure to call mick 503.522.2176 asking $50.",2012-10-30T17:00:05-07:00,emailnotfound,TRUE,tucson,2012-11-01T17:00:05-07:00,la/palm
ride offered to new orleans after thanksgiving,tucson,http://tucson.craigslist.org/rid/3373590499.html,"i am driving out to new orleans on nov. 23rd or 24th and am looking for one female passenger to split gas in a honda civic hatchback. since it is such a ways, i plan to drive halfway and spend the night in a motel. i am moving, so the car is complete [...]",2012-10-29T16:02:52-07:00,emailnotfound,TRUE,tucson,2012-11-23T16:02:52-07:00,new
tucson to nogales on tuesday am ....early (tucson to nogales),tucson,http://tucson.craigslist.org/rid/3373423555.html,i am going to nogales from the northwest side of town tomorrow am about 7am...can give ride to mcdonalds at mariposa road. $25 gets you nice ride...safe comfortable and on time.....i make this run every tuesday and friday.....$25 cash!...each way...d [...],2012-10-29T14:44:00-07:00,emailnotfound,TRUE,tucson,2012-10-29T14:44:00-07:00,nogales
need ride to nw phx 10/2 @1030pm (tucson to phoenix),tucson,http://tucson.craigslist.org/rid/3373161493.html,thanks for looking. i am in need of a ride friday night after work to phoenix. 75th ave and the 101 to be specific. i am more than willing to pay for gas and energy drinks for anyone that is willing to drive in the middle of the night.,2012-10-29T12:54:06-07:00,emailnotfound,TRUE,tucson,2012-10-02T12:54:06-07:00,nw
driving from tucson to ohio mid nov (tucson),tucson,http://tucson.craigslist.org/rid/3370479376.html,"our destination is northern ohio but travelling to tennessee first then heading north. i would like to leave on the 14th of november and be in ohio by the 18th. i have a small suv and may have room for one person and some luggage. 
gas money would be [...]",2012-10-28T08:57:05-07:00,emailnotfound,TRUE,tucson,2012-10-14T08:57:05-07:00,ohio
mom needs ride to walmart (east side),tucson,http://tucson.craigslist.org/rid/3370473529.html,"are there any moms going to walmart today or any day this week? 
i can pay you $10 for gas if you take me with you. 
i live between golf links and 22nd just west of harrison. 
please only reply if you are female. 
please send me your name and number  [...]",2012-10-28T08:54:01-07:00,emailnotfound,FALSE,tucson,2012-10-28T08:54:01-07:00,walmart
need ride to phoenix 10/28 (tucson),tucson,http://tucson.craigslist.org/rid/3369939976.html,"need ride to phoenix afternoon/eveningtime on sunday 10/28 to meet family at the airport. please text or call 73453l896l. 
thanks. ",2012-10-27T22:09:53-07:00,emailnotfound,FALSE,tucson,2012-10-28T22:09:53-07:00,phoenix
tucson to denver &gt;gillette (tucson),tucson,http://tucson.craigslist.org/rid/3368751373.html,leaving monday at the latest. i can stop anywhere along the way. friendly and a little $ would help. 43yo swm.,2012-10-27T10:30:46-07:00,emailnotfound,TRUE,tucson,2012-10-29T10:30:46-07:00,denver
ride needed to phoenix from tucson (downtown),tucson,http://tucson.craigslist.org/rid/3365700433.html,"hello, 
i'm hoping to find a ride to sky harbor airport friday oct 26th. i need to arrive no later than 2pm. if you are going that way at any time before then i would love to pitch in on gas and make it to my flight on time!",2012-10-25T23:55:26-07:00,emailnotfound,FALSE,tucson,2012-10-26T23:55:26-07:00,phoenix
tucson to yuma (speedway and euclid),tucson,http://tucson.craigslist.org/rid/3365591188.html,"need a ride to yuma on thanksgiving weekend, can compensate for gas money... please email me for more information! put ""give thanks"" in the subject line so i know you're not spam!",2012-10-25T21:30:11-07:00,emailnotfound,FALSE,tucson,2012-10-29T21:30:11-07:00,yuma
"tucson to la (tucson, az)",tucson,http://tucson.craigslist.org/rid/3365107716.html,"leaving for la from tucson on saturday morning. chip in for gas. room for two. 
we're heading towards the monterey bay if your stop is further north. may be willing to drive a little further if gas is covered. 
call/text/leave a clear message 831-383 [...]",2012-10-25T16:14:45-07:00,emailnotfound,TRUE,tucson,2012-10-29T16:14:45-07:00,la
ride offered - tucson to sf on fri 10/26 (tucson),tucson,http://tucson.craigslist.org/rid/3364898545.html,"i'm offering a ride from tucson to san francisco. 
leaving october 26th. heade north with a few friends, we have a pretty spacious minivan. contact me on zimride: http://www.zimride.com/ride/share?ride=506782 ",2012-10-25T14:37:18-07:00,emailnotfound,TRUE,tucson,2012-10-26T14:37:18-07:00,sf
tucson to south dakota (rapid city),tucson,http://tucson.craigslist.org/rid/3361036304.html,"leaving tucson,monday the 29th driving,looking for a female to go with,yes i am a female,can fly you back,or arrange,or deliver you,to where ever,thanks",2012-10-24T02:23:21-07:00,emailnotfound,TRUE,tucson,2012-10-29T02:23:21-07:00,south
ride offered - tucson to nogales on tue 10/23 (tucson),tucson,http://tucson.craigslist.org/rid/3358500454.html,"i'm offering a ride from tucson to nogales. 
leaving october 23rd. contact me on zimride: http://www.zimride.com/ride/share?ride=503382 ",2012-10-23T00:16:37-07:00,emailnotfound,TRUE,tucson,2012-10-23T00:16:37-07:00,nogales
"looking for passenger to austin, tx (leaving tucson tues. 10/23)",tucson,http://tucson.craigslist.org/rid/3345912908.html,"i'm driving to austin, tx on tues morning, oct. 23, 2012 from tucson, az. i'm looking for someone to share driving and gas. i'm driving a toyota corolla in good shape with brand new tires. i'm looking for a licensed driver with not too much stuff sin [...]",2012-10-21T11:26:48-07:00,emailnotfound,TRUE,tucson,2012-10-23T11:26:48-07:00,austin
"going to tuscon nov 2  (okc, ok)",tucson,http://tucson.craigslist.org/rid/3352255097.html,hot shotting to tuscon nov 2 ending up in phoenix the third. return on the 4th have crew cab and space email cash offer . ,2012-10-20T08:18:47-07:00,emailnotfound,TRUE,tucson,2012-11-02T08:18:47-07:00,tuscon
