title,postingFrom,permalink,shortDescription,postingDate,mailToLink,driver,from,leaving,to
coming to flint bay city sag or up us 23 from port sanilac? $25 cash (oscoda),thumb,http://thumb.craigslist.org/rid/3374002465.html,"if you're coming up to the great white north (oscoda, alpena, tawas, or harrisville, for example) 
or even bay city from the thumb / port sanilac or thereabouts, i'll help pay for gas if you'll throw a small 
outboard motor in your trunk or pickup be [...]",2012-11-08T13:32:07-05:00,emailnotfound,TRUE,thumb,2012-11-08T13:32:07-05:00,flint
ride offered leaving tuesday (10/16) 4pm from caro (to kalamazoo or between. ),thumb,http://thumb.craigslist.org/rid/3336223570.html,"leaving on tuesday at 4pm to go to kalamazoo. will be going through millington , davison, flint, lansing, battle creek, to kalamazoo. if you need a ride to any of those places or any other place on the way let me know. i will also have a dog with me. [...]",2012-10-13T12:09:57-04:00,emailnotfound,TRUE,thumb,2012-10-16T12:09:57-04:00,kalamazoo
