title,postingFrom,permalink,shortDescription,postingDate,mailToLink,driver,from,leaving,to
ride offered 11/19 (kalispell to cheyenne),kalispell,http://kalispell.craigslist.org/rid/3416771793.html,"driving to cheyenne on monday in a real gas hog. lots of seating, looking for help with fuel costs. please contact via text if interested. 
foroh6-twowono-ate5tooeight ",2012-11-17T13:13:55-07:00,emailnotfound,TRUE,kalispell,2012-11-19T13:13:55-07:00,cheyenne
looking for ride from kalispell to missoula (kalispell),kalispell,http://kalispell.craigslist.org/rid/3416749874.html,"hi, 
myself and a friend are looking to catch a ride to missoula today (11/17). 
thank you, 
much love 
tyler 
406-270-1582",2012-11-17T13:04:51-07:00,emailnotfound,FALSE,kalispell,2012-11-17T13:04:51-07:00,missoula
need ride from missoula to kalispell asap (missoula)(kalispell),kalispell,http://kalispell.craigslist.org/rid/3413144862.html,i can meet you anywhere in the zoo area ( missoula) tomorrow for a ride...i have to be in kalispell before 5pm tomorrow,2012-11-15T22:28:46-07:00,emailnotfound,TRUE,kalispell,2012-11-15T22:28:46-07:00,kalispell
moving to az from montana? (eureka),kalispell,http://kalispell.craigslist.org/rid/3386092274.html,"if you are moving from eureka to arizona and have room for about a dozen cartons to bring with you, please give me a call. 928-451-6362 will help with fuel costs.",2012-11-04T10:21:46-07:00,emailnotfound,TRUE,kalispell,2012-11-05T10:21:46-07:00,az
carpool needed (kalispell to whitefish or bigfork),kalispell,http://kalispell.craigslist.org/rid/3367328905.html,"will pay $7/ride 
$7/ride 7am kalispell to whitefish lake mon-fri 
$7/ride 4 pm whitefish lake to kalispell mon-fri 
$7/ride 7 am kalispell to evergreen mon-fri 
$5/ride 4 pm evergreen to kalispell mon-fri 
$7/ride 7am kalispell to bigfork 
$7/ride 4 [...]",2012-10-26T16:52:23-06:00,emailnotfound,TRUE,kalispell,2012-10-29T16:52:23-06:00,whitefish
going to hot springs? (whitefish),kalispell,http://kalispell.craigslist.org/rid/3335530794.html,"i need a ride to hot springs from the amtrak station in whitefish. i am coming in at 7:30-ish am on monday morning (the 14th). 
pls call or text billy at #310-435-oh-ate-won-ate. i won't be in cell service until saturday evening, however, to receive  [...]",2012-10-12T23:24:24-06:00,emailnotfound,TRUE,kalispell,2012-10-14T23:24:24-06:00,hot
ride needed : kalispell to denver (with bikes)  (kalispell /whitefish /columbia falls ),kalispell,http://kalispell.craigslist.org/rid/3323257333.html,my buddy zach and i are looking to split gas on a ride down to denver leaving anytime next week (should be in kalispell by tuesday). we've got two bikes and a few bags but should be able to fit em in a mid to upper size car or truck without too much  [...],2012-10-07T16:24:21-06:00,emailnotfound,FALSE,kalispell,2012-10-09T16:24:21-06:00,denver
"whitefish to idaho falls to moab, ut (eureka)",kalispell,http://kalispell.craigslist.org/rid/3322575788.html,"leaving from nw montana wed oct 10. staying the night in salmon, id on the 10th. planning on driving from salmon, id to moab, ut on the 11th. will be going through id falls and salt lake city on the way. will pick you up at any point along the way. c [...]",2012-10-07T10:59:08-06:00,emailnotfound,TRUE,kalispell,2012-10-10T10:59:08-06:00,idaho
