title,postingFrom,permalink,shortDescription,postingDate,mailToLink,driver,from,leaving,to
ride offer: 11.15 to scranton / willes from dc or from balt.,scranton,http://scranton.craigslist.org/rid/3399919289.html,"hi there, 
i'm driving from dc to montrose, pa through baltimore and scranton, pa thursday the 15th. i'll likely head off from dc starting around 7pm. 
i'm fine with picking up in baltimore if immediately along the route, such as at a public trans st [...]",2012-11-10T11:05:17-05:00,emailnotfound,TRUE,scranton,2012-11-15T11:05:17-05:00,scranton
ride offer : 11.12 to washington dc (or baltimore) (scranton / wilkes to dc or balt),scranton,http://scranton.craigslist.org/rid/3399910684.html,"hi there, 
i'm driving from montrose, pa, through scranton, pa en route to dc monday, 12th. 
i'll likely be coming through scranton between 12-3pm for a evening dc arrival. 
i'm fine with dropping off in baltimore if immediately along the route, such [...]",2012-11-10T11:01:39-05:00,emailnotfound,TRUE,scranton,2012-11-12T11:01:39-05:00,washington
"needed ride to commodore  ,pa asap",scranton,http://scranton.craigslist.org/rid/3397554709.html,"please need ride to commodore ,pa from ponoco moutians asap.please call julia 570-843-5071 
my bf left and i am trying to move with only some of my things if i cant find ride i will loose everything i own please i need help",2012-11-09T10:50:36-05:00,emailnotfound,FALSE,scranton,2012-11-09T10:50:36-05:00,commodore
ride offer: vt to dc and places in between 11/21/12 (vt to dc metro area),scranton,http://scranton.craigslist.org/rid/3386152257.html,"a friend and i are heading to the dc metro area for thanksgiving with my family. we have three more seat belts and/or some amount of luggage carrying capacity in my reliable, relatively environmentally respectful saturn. we will be departing from mid [...]",2012-11-04T12:48:51-05:00,emailnotfound,TRUE,scranton,2012-11-21T12:48:51-05:00,dc
need ride 8-10 am  5-6 days week (scranton (mall area) to eynon),scranton,http://scranton.craigslist.org/rid/3367593592.html,"hello, i am looking to compensate someone to take me from scranton, steamtown mall area, to sugerman's plaza in eynon on a regular basis. i work in eynon 6 days a week. if you are already traveling that route i would love to hitch a ride and will spl [...]",2012-10-26T21:22:21-04:00,emailnotfound,FALSE,scranton,2012-10-27T21:22:21-04:00,eynon
need ride from hamlin to hawley (hamlin),scranton,http://scranton.craigslist.org/rid/3358288380.html,"my son is 20 years old and he works at the castle formely the hawley silk mill in hawley, he works tuesday, wednesday, and fridays,he is looking for a ride to or from there any of these days,if you can only go one way for one day thats ok or both way [...]",2012-10-22T23:27:48-04:00,emailnotfound,FALSE,scranton,2012-10-23T23:27:48-04:00,hawley
ride offer to places on the way to detroit (ct-to-detroit and back),scranton,http://scranton.craigslist.org/rid/3317016981.html,"headed to mi (north of flint) early morning friday, 5oct. need someone to help drive manual transmission. returning to ct monday, 8oct, evening. i can drop you off and pick you up along the way. ",2012-10-04T19:47:34-04:00,emailnotfound,TRUE,scranton,2012-10-08T19:47:34-04:00,places
