title,postingFrom,permalink,shortDescription,postingDate,mailToLink,driver,from,leaving,to
martinsburg to western massachusetts (hedgesville/martinsburg),martinsburg,http://martinsburg.craigslist.org/rid/3414984105.html,going to western massachusetts tuesday november 20th. one way trip. need someone to drive me jeep. will have cats and little room. will pay for gas. email me if interested.,2012-11-16T18:49:21-05:00,emailnotfound,TRUE,martinsburg,2012-11-20T18:49:21-05:00,western
need ride (la vergne to el paso),martinsburg,http://martinsburg.craigslist.org/rid/3413224647.html,me my two daughters and granddaughter need a ride near the el paso area from nashville tn. it would really help out if we could get a free ride but we are willing to pay. message back asap.,2012-11-16T01:53:02-05:00,emailnotfound,FALSE,martinsburg,2012-11-16T01:53:02-05:00,el
berkeley springs to oakhill (berkeley springs),martinsburg,http://martinsburg.craigslist.org/rid/3349522079.html,looking for a ride to bridgeday in oak hill call or text 907 602 0827 i have a reservation and car broke please call only because i might be hitchhiking have gas money thanks have a grateful day ,2012-10-19T08:01:12-04:00,emailnotfound,FALSE,martinsburg,2012-10-22T08:01:12-04:00,oakhill
wv to cincy - dog needs ride,martinsburg,http://martinsburg.craigslist.org/rid/3332232729.html,i have a dog that needs to go to cincinnati. she can ride in crate or makes an excellent traveling pal. needs to be in cincy by october 20th. i can pay for gas.,2012-10-11T16:05:13-04:00,emailnotfound,FALSE,martinsburg,2012-10-20T16:05:13-04:00,cincy
thur evening berkeley springs to dc (meet you in the panhandle),martinsburg,http://martinsburg.craigslist.org/rid/3310757016.html,"early flight friday morning. staying with friends thursday. looking for a ride anytime after 6 on thursday. can meet you in berkeley springs, winchester or martinsburg. 33 female, professional, easy going. can split gas. email and i'll send you my ce [...]",2012-10-02T09:04:50-04:00,emailnotfound,FALSE,martinsburg,2012-03-33T09:04:50-04:00,dc
