title,postingFrom,permalink,shortDescription,postingDate,mailToLink,driver,from,leaving,to
ride to ann arbor (sault ste. marie),up,http://up.craigslist.org/rid/3409839928.html,"hi, i know this is a quick notice but anybody going to ann arbor tomorrow morning from the soo? i can pay for your gas to get there. let me know as soon as you can thanks.",2012-11-14T15:38:00-05:00,emailnotfound,FALSE,up,2012-11-14T15:38:00-05:00,ann
11/1-11/5u.p. michigan to north carolina via pennsylvania and back (mi - nc and everywhere in between),up,http://up.craigslist.org/rid/3373488622.html,"hey, 
i am going on a long road-trip to go vote and see family in fayetteville, nc this weekend. i will be leaving houghton thursday at around 5pm. i hope to make it to somewhere in pennsylvania by the morning where i will pick up another driver to f [...]",2012-10-29T18:13:36-04:00,emailnotfound,TRUE,up,2012-11-01T18:13:36-04:00,north
"need ride for 2 shetland sheep to allegan, mi (marquette county)",up,http://up.craigslist.org/rid/3362616401.html,i am checking to see if there is anyone traveling to the allegan area in the next month or so who could transport two shetland sheep back to my friend's farm.,2012-10-24T18:15:14-04:00,emailnotfound,FALSE,up,2012-10-29T18:15:14-04:00,allegan
"ride needed from sault st marie, mi (to metrot detroit, mi)",up,http://up.craigslist.org/rid/3359032745.html,"male student looking for a ride back to the metro detroit area. available to leave after 5pm thursdays. can help with gas. friendly, safe, drug-free. call/text/vm 586-930-2412",2012-10-23T11:13:56-04:00,emailnotfound,FALSE,up,2012-10-25T11:13:56-04:00,metrot
"going downstate, need rider (marquette to roscommon)",up,http://up.craigslist.org/rid/3350298711.html,"i would like to visit home downstate next weekend. if possible, i will be driving to roscommon, which is right on i75 just past grayling where the interstate meets up with us27. i would like to do this on friday, as early as possible-i have work unti [...]",2012-10-19T13:43:25-04:00,emailnotfound,TRUE,up,2012-10-22T13:43:25-04:00,roscommon
houghton to louisville,up,http://up.craigslist.org/rid/3347242800.html,"houghton to louisville, going through chicago, indy. leaving early sunday, oct 21 st . share gas expenses. email me with any questions",2012-10-18T08:55:17-04:00,emailnotfound,TRUE,up,2012-10-21T08:55:17-04:00,louisville
"marquette to tampa, fl (up)",up,http://up.craigslist.org/rid/3345739949.html,"leaving wednesday, october 24th and arriving in tampa, florida friday, october 26th. if you need a ride anywhere between marquette and tampa than let me know. you have to throw down for gas obv. hit me up 906 361 1318. brad.",2012-10-17T14:51:45-04:00,emailnotfound,TRUE,up,2012-10-24T14:51:45-04:00,tampa
need someone to drive my car (from marquette to flint/detroit area),up,http://up.craigslist.org/rid/3337824345.html,"need to get to lower michigan? can you drive stick? do you have a valid license and clean driving record? i have a vehicle in marquette (small suv, 5-speed) that needs to get to lower michigan. contact me asap with your phone number if we might work  [...]",2012-10-14T06:47:56-04:00,emailnotfound,FALSE,up,2012-10-14T06:47:56-04:00,drive
ride offered to lower peninsula and back (roscommon (i-75)),up,http://up.craigslist.org/rid/3321332314.html,"i would like to visit home downstate next weekend. if possible, i will be driving to roscommon, which is right on i75 just past grayling where the interstate meets up with us27. i would like to do this on friday, as early as possible-i have work unti [...]",2012-10-06T18:22:38-04:00,emailnotfound,TRUE,up,2012-10-08T18:22:38-04:00,lower
