title,postingFrom,permalink,shortDescription,postingDate,mailToLink,driver,from,leaving,to
wanted: need a ride to buffalo ny or close,treasure,http://treasure.craigslist.org/rid/3409753796.html,"i'm trying to get from stuart fl to buffalo ny any time within a month. the sooner the better. if you can get me to northern nj, i can get a ride from there. 
one catch.... i need to bring my doggie, a 10mo, 90lb lab/shepherd mix...very friendly and  [...]",2012-11-14T15:05:44-05:00,emailnotfound,FALSE,treasure,2012-11-19T15:05:44-05:00,buffalo
"driving to ny, share gas (from jensen beach)",treasure,http://treasure.craigslist.org/rid/3404611769.html,i am leaving tommorrow on tuesday. we'll split gas. driving ford ranger. call dennis at 631-786-1093.,2012-11-12T13:30:10-05:00,emailnotfound,TRUE,treasure,2012-11-13T13:30:10-05:00,ny
i'm going to orlando airport (vero beach),treasure,http://treasure.craigslist.org/rid/3403350934.html,"i'm heading up to the airport monday, nov 19 to pick someone up, arriving at 2:15. if interested in a ride up, call me at 772-882-7127. bruce",2012-11-11T22:08:33-05:00,emailnotfound,TRUE,treasure,2012-11-19T22:08:33-05:00,orlando
"**local rides to shop, doc's etc** (fort pierce, florida)",treasure,http://treasure.craigslist.org/rid/3335971365.html,"retired, married man living in a 55 plus gated community in fort pierce. i own a cr-v honda and can transport up to 3 people in comfort shopping, doctor's office etc. 
need some additional income as well as my social security each month. 
this servic [...]",2012-11-10T09:43:30-05:00,emailnotfound,TRUE,treasure,2012-11-12T09:43:30-05:00,shop
fort pierce to tallahassee (fort pierce),treasure,http://treasure.craigslist.org/rid/3387239535.html,"me and my girl were looking for someone to share gas expense and food to drive to tallahassee. were heading up this nov 5 monday or nov 6 tuesday. 
email me if interested. ",2012-11-04T22:09:44-05:00,emailnotfound,TRUE,treasure,2012-11-05T22:09:44-05:00,tallahassee
