title,postingFrom,permalink,shortDescription,postingDate,mailToLink,driver,from,leaving,to
"ride needed to madison, wisconsin, or dubuque iowa, or near fri 16 nov (ames)",ames,http://ames.craigslist.org/rid/3395192731.html,"i need a ride from ames ia, to madison wi on friday 16 november or thursday or saturday would also work for me. any place close to madison is fine too. 
i'll pay for the gas. thanks!",2012-11-14T00:11:02-06:00,emailnotfound,FALSE,ames,2012-11-15T00:11:02-06:00,madison
wanted ride to nebraska  (ames or des moines),ames,http://ames.craigslist.org/rid/3381596516.html,"is anyone driving to along 80 west to nebraska (lincoln) tonight or tomorrow asap? if so, i'd like to catch a ride and i am willing to pay gas. thanks!",2012-11-13T16:58:00-06:00,emailnotfound,TRUE,ames,2012-11-13T16:58:00-06:00,nebraska
"ames/des moines to denver, co (ames, ia)",ames,http://ames.craigslist.org/rid/3398261007.html,"i am driving from ames, ia to denver, co on friday nov 16, $60. i can drop you off anywhere along the way (council bluffs, omaha, lincoln, etc) at a pro-rated price. 
email if interested!",2012-11-09T14:10:08-06:00,emailnotfound,TRUE,ames,2012-11-16T14:10:08-06:00,denver
"ride from des moines to ames, october 29th",ames,http://ames.craigslist.org/rid/3353089706.html,i need a ride from des moines (walnut st. & 4th st.) to ames( iowa state university) on monday october 29th anytime from 6am- 8am. need to arrive latest by 9am. do correspond if there is a possibility. thanks. ,2012-10-20T15:53:53-05:00,emailnotfound,FALSE,ames,2012-10-29T15:53:53-05:00,ames
