title,postingFrom,permalink,shortDescription,postingDate,mailToLink,driver,from,leaving,to
tucson airport to sierra vista,sierravista,http://sierravista.craigslist.org/rid/3398070220.html,"need ride for 2 & small amt of luggage from tucson airport to sierra vista wed. nov 14th . our plane gets in at 5 pm so anytime between then and 7 pm is great. will pay for gas. 
bill and denise 
520 309 0595",2012-11-09T10:59:13-08:00,emailnotfound,TRUE,sierravista,2012-11-14T10:59:13-08:00,sierra
sv to el paso,sierravista,http://sierravista.craigslist.org/rid/3395131839.html,"leaving monday morning for el paso tx, room for 1, reply here or call 5 two zer0 two 66 240seven",2012-11-08T07:32:54-08:00,emailnotfound,TRUE,sierravista,2012-11-12T07:32:54-08:00,el
wanting to get out of here and head to atlanta  (sierra vista ),sierravista,http://sierravista.craigslist.org/rid/3391411033.html,wanting to head back to atlanta have a car just dont have the gas money looking for some one that is looking to head that way all i would ask is that you pay for the gas and thats all my car is nice and it is a good ride i looked into it it will cost [...],2012-11-06T13:43:47-08:00,emailnotfound,FALSE,sierravista,2012-11-12T13:43:47-08:00,get
"wed 11/21 & sun 11/25 (douglas, az to tucson, az)",sierravista,http://sierravista.craigslist.org/rid/3389273719.html,"my husband, 7 month old baby, and myself all need a ride to tucson's airport by 11am wednesday november 21 and need a ride from the airport at 2:30pm sunday november 25, 2012 to douglas. we are willing to pay for the gas and we are hoping someone wou [...]",2012-11-05T15:28:11-08:00,emailnotfound,FALSE,sierravista,2012-11-21T15:28:11-08:00,tucson
space in a 16 ft truck going to the wash dc area (sierra vista/tucson),sierravista,http://sierravista.craigslist.org/rid/3387372415.html,"i'll have enclosed space available on a 16 ft truck going to the dc area leaving arizona the weekend of nov 17th, 2012. call/text me at 703-472-8901. thank you. tim",2012-11-04T20:58:09-08:00,emailnotfound,TRUE,sierravista,2012-11-17T20:58:09-08:00,the
sierra vista to phoenix fri & sat (sierra vista),sierravista,http://sierravista.craigslist.org/rid/3375890387.html,"leaving friday am. returning saturday pm. could return sunday pm. pay half of the gas. i get 34 mpg. new car. i'm a professional male. i don't smoke, do drugs, smuggle, or act insane. ",2012-10-30T16:17:54-07:00,emailnotfound,TRUE,sierravista,2012-10-33T16:17:54-07:00,phoenix
"ride offered to taos/albuquerque nm, monday oct 22 (bisbee)",sierravista,http://sierravista.craigslist.org/rid/3348237555.html,driving to nm early monday. going through sante fe. i drive a vw golf that gets 45mph. i have a well behaved dog and lots of room. call me @ 575-779-7193 thanks richy,2012-10-18T12:28:40-07:00,emailnotfound,TRUE,sierravista,2012-10-22T12:28:40-07:00,taos/albuquerque
