title,postingFrom,permalink,shortDescription,postingDate,mailToLink,driver,from,leaving,to
ride offered - whitewater to madison on wed 11/21 (whitewater),janesville,http://janesville.craigslist.org/rid/3415930059.html,"i'm offering a ride from whitewater to madison. 
leaving november 21st. i am able to start anytime in the morning, stop anywhere along the way, but i just have to be at my house by 11:30 am. contact me on zimride: http://www.zimride.com/ride/share?ri [...]",2012-11-17T09:25:20-05:00,emailnotfound,TRUE,janesville,2012-11-21T09:25:20-05:00,madison
from lake geneva to stevens point,janesville,http://janesville.craigslist.org/rid/3402774160.html,looking for a ride on friday 11/16 from lake geneva to stevens point. i can have someone meet me at the 39/94 split in portage if your heading west. greatly appreciated and i have money for gas!,2012-11-11T16:47:03-05:00,emailnotfound,FALSE,janesville,2012-11-16T16:47:03-05:00,stevens
ride offered jefferson wi. to dallas tx nov. 5 th return 13 th (wisconsin to dallas tx.),janesville,http://janesville.craigslist.org/rid/3385162996.html,"ride offered jefferson wi. to dallas november 5 th. and return the 13 th email me at lakedr7 at yahoo.com . 
garry i will provide phone number and photo as needed. i am a non-smoker ",2012-11-03T22:21:14-04:00,emailnotfound,TRUE,janesville,2012-11-05T22:21:14-04:00,dallas
ride offered - whitewater to madison on fri 10/26 (whitewater),janesville,http://janesville.craigslist.org/rid/3362164317.html,"i'm offering a ride from whitewater to madison. 
leaving october 26th returning october 28th. i work in madison over the weekends and will be making the commute from whitewater every weekend. contact me on zimride: http://www.zimride.com/ride/share?r [...]",2012-10-24T15:12:01-04:00,emailnotfound,TRUE,janesville,2012-10-26T15:12:01-04:00,madison
offering ride 10/20 *whitewater to milwaukee* (whitewater),janesville,http://janesville.craigslist.org/rid/3329063013.html,"i am offering a ride to anyone in whitewater who needs a ride to the general milwaukee area on october 20th. i will be leaving late in the afternoon, probably around 2 or 3, and i will be returning to whitwater in the evening on sunday. $5 gets you t [...]",2012-10-10T11:14:12-04:00,emailnotfound,TRUE,janesville,2012-10-20T11:14:12-04:00,milwaukee*
