title,postingFrom,permalink,shortDescription,postingDate,mailToLink,driver,from,leaving,to
ride needed to indianapolis (lafayette ),tippecanoe,http://tippecanoe.craigslist.org/rid/3417845045.html,i need a round trip from lafayette to indianapolis for a jw assembly this weekend. if you are available please give me a price.please text 765-543-1032 asap.,2012-11-18T03:24:29-05:00,emailnotfound,FALSE,tippecanoe,2012-11-18T03:24:29-05:00,indianapolis
ride needed from in to la (lafayette/pasadena),tippecanoe,http://tippecanoe.craigslist.org/rid/3416793529.html,"hi. i am looking for a one way trip to los angeles/pasadena from lafayette or indy anytime deceember, january or february. if you're headed that way, i have gas money, etc. please give me a call for details. thanks! terry suess 765-838-2425",2012-11-17T15:22:58-05:00,emailnotfound,FALSE,tippecanoe,2012-11-19T15:22:58-05:00,la
"ride to pa (hershey,pa)",tippecanoe,http://tippecanoe.craigslist.org/rid/3404357976.html,ok i just lost my job about a 3 weeks ago and cant get one here i have a few job offers in pa and need to get there i dont have much money or things to take with i got my dog and thats about it i need to get there before this month is over if any one [...],2012-11-12T12:04:46-05:00,emailnotfound,FALSE,tippecanoe,2012-11-12T12:04:46-05:00,pa
"indianapolis/chicago/lafayette, in straight shot to nj/pa/nyc metro  (leaving anywhere from indy to chicago)",tippecanoe,http://tippecanoe.craigslist.org/rid/3393458700.html,"hi, my name is jay. i am leaving monday on november 19th to head to the east coast (nj/nyc/philadelphia region). i 
am leaving around 2:00 pm. i drive a 1997 5 speed subaru outback. i am looking to go in a straight shot, only 
making stops for gas. i [...]",2012-11-07T14:52:27-05:00,emailnotfound,TRUE,tippecanoe,2012-11-19T14:52:27-05:00,nj/pa/nyc
ride needed from purdue to indy on 21st nov (wed) (purdue),tippecanoe,http://tippecanoe.craigslist.org/rid/3389919669.html,"hi, 
i am leaving for thanksgiving break on 21st from indy airport at night, is there anyone travelling to indy that day ? 
willing to split gas and driving if you want 
thanks, ",2012-11-06T01:25:07-05:00,emailnotfound,FALSE,tippecanoe,2012-11-07T01:25:07-05:00,indy
purdue to grand rapids mi (w. lafayette to gr),tippecanoe,http://tippecanoe.craigslist.org/rid/3315596497.html,i commute every weekend thurs or friday from purdue to grand rapids mi and return on sunday evening. i am willing to drop off anywhere along my route. only looking for help with fuel. ,2012-10-04T10:12:46-04:00,emailnotfound,TRUE,tippecanoe,2012-10-04T10:12:46-04:00,grand
lafayette to cleveland and anywhere in between (lafayette),tippecanoe,http://tippecanoe.craigslist.org/rid/3314002044.html,"i am driving to cleveland tomorrow night or friday morning, flexible. looking for someone to help share gas and keep me company while driving.",2012-10-03T14:59:13-04:00,emailnotfound,TRUE,tippecanoe,2012-10-03T14:59:13-04:00,cleveland
