title,postingFrom,permalink,shortDescription,postingDate,mailToLink,driver,from,leaving,to
needing a ride to cabelas (kearney),grandisland,http://grandisland.craigslist.org/rid/3393907530.html,"single mom who works at cabelas is looking for some to take her to work. i usually work the morning shift is willing to provide gas money. if you can help either email me at tweets_renfro@hotmail.com or call me at 308-236-5670 
thanks 
wendy",2012-11-07T16:53:11-06:00,emailnotfound,FALSE,grandisland,2012-11-12T16:53:11-06:00,cabelas
"going to chicago. cargo, passangers and/or trailer",grandisland,http://grandisland.craigslist.org/rid/3370657502.html,"full size truck going to chicago. i can tow a trailer, dolly, anything. have room for 2 passengers, and lots of cargo. trying to leave asap. can drop off anywhere along the way. 702.900.7992. 
in las vegas now",2012-10-28T12:26:15-05:00,emailnotfound,TRUE,grandisland,2012-10-28T12:26:15-05:00,chicago.
