title,postingFrom,permalink,shortDescription,postingDate,mailToLink,driver,from,leaving,to
benton to houston via east texas (benton),westky,http://westky.craigslist.org/rid/3415215002.html,"i am leaving sunday,late am to drive to east texas in my 4 door full size pickup 
have you got anything i can take there for you or do you need a ride there? 
i will return to benton tuesday...... u need some thingpicked up? 
i will drive from e- tx  [...]",2012-11-16T20:52:17-05:00,emailnotfound,TRUE,westky,2012-11-20T20:52:17-05:00,houston
need ride (la vergne to el paso),westky,http://westky.craigslist.org/rid/3413206586.html,me my two daughters and granddaughter need a ride near the el paso area from nashville tn. it would really help out if we could get a free ride but we are willing to pay. message back asap.,2012-11-16T01:31:36-05:00,emailnotfound,FALSE,westky,2012-11-16T01:31:36-05:00,el
indy to atlanta (georgia),westky,http://westky.craigslist.org/rid/3348618602.html,"wish to share expenses from indy to atlanta and back 
between nov 25 & 30. i can drive but will have to rent 
car unless you have one. elyne 317-506-0030 ",2012-10-18T18:01:40-04:00,emailnotfound,TRUE,westky,2012-11-25T18:01:40-04:00,atlanta
"ride to las vegas, nv (paducah, ky)",westky,http://westky.craigslist.org/rid/3348057757.html,"need a ride to las vegas, nv on nov 3, 2012. just help with gas. room for 2 persons with 1 piece of luggage each. 
call alexandria at 270-217-2440 at least by nov 1, 2012. 
2001 nissan quest van. plenty of room.",2012-10-18T14:22:35-04:00,emailnotfound,TRUE,westky,2012-11-03T14:22:35-04:00,las
