title,postingFrom,permalink,shortDescription,postingDate,mailToLink,driver,from,leaving,to
ride offered: wilmington to chapel hill or along the way (&back),wilmington,http://wilmington.craigslist.org/rid/3414369956.html,"i'm driving from wilmington to chapel hill on november 19th and coming back on the 24th. 
i have a few quick errands to run along the way (returning a friend's book in rtp and selling some books in durham) so if that's okay with you, you can come alo [...]",2012-11-16T14:32:54-05:00,emailnotfound,TRUE,wilmington,2012-11-19T14:32:54-05:00,chapel
offered: wilmington to greensboro (wilmington),wilmington,http://wilmington.craigslist.org/rid/3411358071.html,"who: 23 year old female (me), and 24 year old male (my boyfriend) 
what: offering a ride 
when: leaving friday 11/16/2012 (time flexible as long as we're there by dinner time), returning sunday 11/18/2012 (time also flexible) 
how many: room for as m [...]",2012-11-15T10:31:23-05:00,emailnotfound,TRUE,wilmington,2012-11-16T10:31:23-05:00,greensboro
"driving to portsmouth, va from wilmington on 11/16",wilmington,http://wilmington.craigslist.org/rid/3395840513.html,"driving from wilmington, nc to portsmouth, va tomorrow on us-17/us-13 
must be willing to pitch in for gas, and handle a little bit of country music. :-) also, no smoking in the vehicle as i am allergic.. sorry. driving a truck so if you have a bag o [...]",2012-11-12T13:10:36-05:00,emailnotfound,TRUE,wilmington,2012-11-16T13:10:36-05:00,portsmouth
wilmington to asheville dec ride offered (wilmington - asheville),wilmington,http://wilmington.craigslist.org/rid/3401225700.html,"going to asheville for the holidays. will be leaving wilmington around the 15th of dec. am flexable on my dates. i plan to be there about two weeks if you are interested in both ways. if not one way is fine with me.. 
you drive my car and i pay the g [...]",2012-11-10T21:10:21-05:00,emailnotfound,TRUE,wilmington,2012-11-15T21:10:21-05:00,asheville
"wilmington to asheville (asheville, nc)",wilmington,http://wilmington.craigslist.org/rid/3396392020.html,"i was wondering if someone had a truck route or just goes to asheville, nc on a regular basis. i need a ride to get back to school and am struggling with money right now. i'm not sure of the exact date that i'll need the ride, but i should know next  [...]",2012-11-08T18:50:17-05:00,emailnotfound,FALSE,wilmington,2012-11-12T18:50:17-05:00,asheville
wilmington to jacksonville daily for commuters (wilmington/jacksonville),wilmington,http://wilmington.craigslist.org/rid/3395989013.html,rideshare commuter van pool from wilmington to jacksonville daily monday through friday. van leaves wilmington at 6:45am and arrives in jacksonville at 7:50am. we share the monthly gas expenses to operate a 12 passenger van so it averages currently a [...],2012-11-08T15:54:17-05:00,emailnotfound,TRUE,wilmington,2012-11-12T15:54:17-05:00,jacksonville
i'm pursuing a ride to asheville (asheville),wilmington,http://wilmington.craigslist.org/rid/3393532252.html,"i'm headed to asheville, nc at some point after the 16th of november, the sooner the better. i'd be down to split gas costs if you'd like, i also may have some home brewed crafty beer to barter for milage if you so choose. 
hit me back if you're head [...]",2012-11-07T15:20:33-05:00,emailnotfound,TRUE,wilmington,2012-11-16T15:20:33-05:00,asheville
need ride to charlotte on wednesday (wilmington),wilmington,http://wilmington.craigslist.org/rid/3388891231.html,"looking for a ride to charlotte on wednesday november 7th anytime. i am a backpacker headed to asheville to hike parts of the at up in asheville, so i do have a medium sized pack with me. don't have much money but could help a bit with gas if needed. [...]",2012-11-05T15:49:39-05:00,emailnotfound,FALSE,wilmington,2012-11-07T15:49:39-05:00,charlotte
ride to asheville for thanksgiving (wilmington),wilmington,http://wilmington.craigslist.org/rid/3386432199.html,"i am going to asheville for thanksgiving and was wondering if anyone is going up there as well? i would love to share a ride with someone, help out with gas, etc. i would be able to leave thursday morning or wednesday night. this is a rare opportunit [...]",2012-11-04T14:54:45-05:00,emailnotfound,FALSE,wilmington,2012-11-07T14:54:45-05:00,asheville
"driving from charlotte to wilmington, then back. (charlotte,nc - wilmington, nc)",wilmington,http://wilmington.craigslist.org/rid/3373802465.html,"i'll be driving from charlotte, nc to wilmington, nc on november 1st, and then returning to charlotte on november 5'th. i enjoy company and meeting new people and will be driving with one friend. could take 1-2 additional people with me. i am 25 year [...]",2012-10-29T20:55:25-04:00,emailnotfound,TRUE,wilmington,2012-11-01T20:55:25-04:00,wilmington
need ride to miami dec 22 (out of wilmington),wilmington,http://wilmington.craigslist.org/rid/3361389007.html,i am looking to share a ride with someone traveling to miami for christmas. i will take care of gas and food in exchange for the ride. i need to be in miami by noon on the 22nd and then return on the 29th.,2012-10-24T10:27:17-04:00,emailnotfound,FALSE,wilmington,2012-12-22T10:27:17-04:00,miami
wilmington to jacksonville nc daily van pool (wilmington),wilmington,http://wilmington.craigslist.org/rid/3359143327.html,seeking interested ride share participants for a daily van pool from wilmington to jacksonville monday through friday. cost is approximately $60 per month. van leaves wilmington promptly at 6:45am and arrives in jacksonville at approximately 8:00am.  [...],2012-10-23T11:53:38-04:00,emailnotfound,TRUE,wilmington,2012-10-29T11:53:38-04:00,jacksonville
"need ride from wilmington to exit 319 (wilmington, north carolina)",wilmington,http://wilmington.craigslist.org/rid/3321086739.html,"need ride from wilmington to exit 319 im 22 years old, got stranded out here my friends left early without informing me !",2012-10-06T16:23:22-04:00,emailnotfound,FALSE,wilmington,2012-10-12T16:23:22-04:00,exit
from wilmington to jacksonville and back daily (wilmington ),wilmington,http://wilmington.craigslist.org/rid/3319592355.html,i'm looking to start a car pool.i live in wilmington and go to school in jacksonville everyday.i have to be at school by 8am and normally leave around 2/3pm but could stay later if need be.i'm trying to save on gas and car maintenance.if you make the [...],2012-10-05T22:39:55-04:00,emailnotfound,FALSE,wilmington,2012-02-03T22:39:55-04:00,jacksonville
ride offered to the triangle/ raleigh 10/i (raleigh),wilmington,http://wilmington.craigslist.org/rid/3316302353.html,"i want to go to raleigh monday and come back tuesday but i have no gas money. if some one needs a ride and can pay for gas let me know. can drop you off anywhere in the triangle area 
thanks",2012-10-04T14:43:42-04:00,emailnotfound,TRUE,wilmington,2012-10-08T14:43:42-04:00,the
need ride to hickory (from shallotte wilmingotn myrtle beach),wilmington,http://wilmington.craigslist.org/rid/3315988076.html,i will be leaving the shallotte area oct 12th around midday to hickory. i have a king cab pickup and will carry more that 1 person and even a small load. i am just asking for some gas money. i can either go through the charlotte area or travel inters [...],2012-10-04T12:48:32-04:00,emailnotfound,TRUE,wilmington,2012-10-12T12:48:32-04:00,hickory
wilmington to north myrtle beach/loris daily  (north myrtle beach / loris),wilmington,http://wilmington.craigslist.org/rid/3310537147.html,"seeking to join or start a daily or semi-daily rideshare from wilmington to north myrtle beach / loris area monday through friday. (910) 616-0064 
leave wilmington in the morning, return in the evening after work.",2012-10-02T03:28:56-04:00,emailnotfound,TRUE,wilmington,2012-10-08T03:28:56-04:00,north
