title,postingFrom,permalink,shortDescription,postingDate,mailToLink,driver,from,leaving,to
"ride offer: up north 95, nc, va, dc, md to philadelphia, pa; 11/27",florencesc,http://florencesc.craigslist.org/rid/3417515688.html,"hi! on tuesday 11/27 i'm driving from savannah ga to philadelphia pa. looking for people to ride share with for help with gas and tolls. i wouldn't mind picking you up in florence and dropping you off anywhere along the way: fayetteville, maybe ralei [...]",2012-11-17T21:39:33-05:00,emailnotfound,TRUE,florencesc,2012-11-27T21:39:33-05:00,philadelphia
need ride to florence-darlington tech (florence),florencesc,http://florencesc.craigslist.org/rid/3414351062.html,"if you pass by pamplico hwy or if you pass by w. lucas street every day, i need a ride to school! 
my classes for the first semester start at around 9:30 monday through thursday and usually end at 3:15 monday/wednesday and 1:45 tuesday/thursday. 
tim [...]",2012-11-16T14:25:54-05:00,emailnotfound,FALSE,florencesc,2012-11-19T14:25:54-05:00,florence-darlington
florence to robinson nuclear (robinson nuclear plant),florencesc,http://florencesc.craigslist.org/rid/3400999957.html,"new to area. executive female wanting to rideshare from florence to robinson nuclear hartsville sc monday through thursdays - weekly. 
punctual, pays in advance, by the week. 
please call 269-519-9513. 
thanks",2012-11-10T18:49:42-05:00,emailnotfound,TRUE,florencesc,2012-11-12T18:49:42-05:00,robinson
need a ride to darlington**pays well**important,florencesc,http://florencesc.craigslist.org/rid/3399080480.html,"i live in lamar and during a trip to darlington today i left my debitcard. i am desperate to go get it so if you can take me and my husband to get it and bring us back home, we will pay you well. i will put gas in your car and pay you. i need to go a [...]",2012-11-09T21:46:44-05:00,emailnotfound,FALSE,florencesc,2012-11-09T21:46:44-05:00,darlington**pays
rideshare needed bishopville to harstville (bishopville),florencesc,http://florencesc.craigslist.org/rid/3374599922.html,"i need a ride to harstville from mon - fri at 4:20pm (gotta be at work at 4:50pm) no ride back needed. we can split the gas money or i could even pay a little more than half. if you drive from bishopville to harstville for work, are responsible and c [...]",2012-10-30T10:32:25-04:00,emailnotfound,FALSE,florencesc,2012-10-36T10:32:25-04:00,harstville
driving florence to maine (florence to maine),florencesc,http://florencesc.craigslist.org/rid/3363676956.html,"i will be driving to southern maine from florence, sc. i will be departing tomorrow friday, oct. 26. departure time is flexible. i can pickup anywhere along the way or drop off anywhere along the way. i have a small car but the rear seats fold down g [...]",2012-10-25T09:34:44-04:00,emailnotfound,TRUE,florencesc,2012-10-25T09:34:44-04:00,maine
