title,postingFrom,permalink,shortDescription,postingDate,mailToLink,driver,from,leaving,to
ride from mt. pleasant to detroit area for thanksgiving needed (mt.pleasant/cmu),centralmich,http://centralmich.craigslist.org/rid/3412825040.html,"hello, 
i am joe. i am a senior at cmu. i am looking for a ride on wednesday november 21st from mt. pleasant to the detroit area. i am from dearborn. will give money for gas. if you can help me out please give me a call or text at 313-685-9373. thank [...]",2012-11-15T20:51:16-05:00,emailnotfound,FALSE,centralmich,2012-11-21T20:51:16-05:00,detroit
mount pleasant to big rapids (cmu),centralmich,http://centralmich.craigslist.org/rid/3323209012.html,"i'm looking for a ride to big rapids this friday (october 12) from mount pleasant. hoping to make it for a friend's birthday. let me know, i'm happy to pitch in for gas! 
-rachel. ",2012-10-07T17:58:43-04:00,emailnotfound,FALSE,centralmich,2012-10-12T17:58:43-04:00,big
