title,postingFrom,permalink,shortDescription,postingDate,mailToLink,driver,from,leaving,to
"ride needed, from college station to austin on dec 4 (college station)",collegestation,http://collegestation.craigslist.org/rid/3416060556.html,"i am looking for a ride from college station to austin on dec 4. my flight is 5:00pm. so as long as we can arrive austin before 3:00pm, the leaving time is fine for me. 
really appreciate for the help, i will share the gas.",2012-11-17T09:32:32-06:00,emailnotfound,FALSE,collegestation,2012-12-04T09:32:32-06:00,austin
anyone driving to or through corpus christi? (bryan),collegestation,http://collegestation.craigslist.org/rid/3380740496.html,"i'm looking for a ride from bryan to corpus christi, preferably leaving this coming tuesday, 11/20, and returning the following sunday, but my schedule can be flexible. 
i'll gladly chip in for gas/road snacks, too, of course. just send me an e-mail  [...]",2012-11-17T09:23:43-06:00,emailnotfound,TRUE,collegestation,2012-11-20T09:23:43-06:00,or
ride needed from cs to austin saturday 11/17 (college station),collegestation,http://collegestation.craigslist.org/rid/3415464841.html,"i need a ride to austin to be dropped off at highland mall on saturday 11/17. i hope to get there by 3-4pm if possible. 
call me at 281.990.5797 or reply to post. thanks.",2012-11-16T22:49:45-06:00,emailnotfound,FALSE,collegestation,2012-11-17T22:49:45-06:00,austin
ride offered - college station to dallas on wed 11/21 (college station),collegestation,http://collegestation.craigslist.org/rid/3413147918.html,"i'm offering a ride from college station to dallas. 
leaving november 21st. contact me on zimride: http://www.zimride.com/ride/share?ride=536380 ",2012-11-15T23:31:29-06:00,emailnotfound,TRUE,collegestation,2012-11-21T23:31:29-06:00,dallas
"offering ride to waco friday, november 16 (college station)",collegestation,http://collegestation.craigslist.org/rid/3385708797.html,"i am offering a ride to waco. 
leaving friday november 16 about 8:00am. 
getting back to cs friday, november 16 about 9:00pm.",2012-11-15T22:41:34-06:00,emailnotfound,TRUE,collegestation,2012-11-16T22:41:34-06:00,waco
ride offered - college station to austin on fri 11/16 (college station),collegestation,http://collegestation.craigslist.org/rid/3412464666.html,"i'm offering a ride from college station to austin. 
leaving november 16th. contact me on zimride: http://www.zimride.com/ride/share?ride=535572 ",2012-11-15T16:50:49-06:00,emailnotfound,TRUE,collegestation,2012-11-16T16:50:49-06:00,austin
ride offered - cs to dallas/plano/mckinney 11/16 (cs),collegestation,http://collegestation.craigslist.org/rid/3411455523.html,"hello, i'm offering a ride to dallas on fri (11/16). one way or round trip. i go up on 45 and join 75 to downtown dallas. 
i can drop off on mockingbird ln, or all the way up to mckinney. 
please email me. i'm taking off on fri in the morning (latest [...]",2012-11-15T10:12:55-06:00,emailnotfound,TRUE,collegestation,2012-11-16T10:12:55-06:00,dallas/plano/mckinney
ride offered - college station to austin on sat 11/17 (college station),collegestation,http://collegestation.craigslist.org/rid/3410404800.html,"i'm offering a ride from college station to austin. 
leaving november 17th. contact me on zimride: http://www.zimride.com/ride/share?ride=530224 ",2012-11-14T18:46:02-06:00,emailnotfound,TRUE,collegestation,2012-11-17T18:46:02-06:00,austin
ride offered - college station to killeen on tue 11/20 (college station),collegestation,http://collegestation.craigslist.org/rid/3410401005.html,"i'm offering a ride from college station to killeen. 
leaving november 20th. contact me on zimride: http://www.zimride.com/ride/share?ride=533005 ",2012-11-14T18:44:01-06:00,emailnotfound,TRUE,collegestation,2012-11-20T18:44:01-06:00,killeen
ride offered - college station to fort worth on thu 12/13 (college station),collegestation,http://collegestation.craigslist.org/rid/3405146146.html,"i'm offering a ride from college station to fort worth. 
leaving december 13th returning january 8th. contact me on zimride: http://www.zimride.com/ride/share?ride=527966 or contact me at: pcipriano@hotmail.com",2012-11-12T15:39:12-06:00,emailnotfound,TRUE,collegestation,2012-12-13T15:39:12-06:00,fort
ride needed for two from college station to houston and back (united states),collegestation,http://collegestation.craigslist.org/rid/3404885476.html,"howdy, 
i need ride for two(me and my friend) from college station to houston on friday nov 16,2012 sometime in morning( we have a exam at 12:30 pm so has to leave around 10 am from cs) and back to cs anytime between 4-10 pm. please let me know if yo [...]",2012-11-12T14:04:22-06:00,emailnotfound,FALSE,collegestation,2012-11-16T14:04:22-06:00,houston
ride needed: college station to dallas (any dates near thanksgiving) (college station),collegestation,http://collegestation.craigslist.org/rid/3400845335.html,"the title pretty much says it all. i need to get to dallas anytime over thanksgiving weekend. (thursday-sunday). i don't have a specific date or time i need to be there, i just want a chance to see my family over the holiday. i will not need a ride b [...]",2012-11-10T16:28:45-06:00,emailnotfound,FALSE,collegestation,2012-11-15T16:28:45-06:00,dallas
ride needed - college station to houston hobby (hou) airport on thu 12/13 (college station),collegestation,http://collegestation.craigslist.org/rid/3395280237.html,"i'm looking for a ride from college station to houston hobby (hou) airport. 
leaving december 13th. i am going to the hobby airport to catch my flight at 11:05 am on dec, 13th. i am on the waiting list of the shuttle, but i'm worried that it is alrea [...]",2012-11-08T10:31:15-06:00,emailnotfound,FALSE,collegestation,2012-12-13T10:31:15-06:00,houston
ride needed - college station to houston on mon 11/12 (college station),collegestation,http://collegestation.craigslist.org/rid/3394995377.html,"i'm looking for a ride from college station to houston. 
leaving november 12th returning november 12th. contact me on zimride: http://www.zimride.com/ride/share?ride=521868 ",2012-11-08T08:30:10-06:00,emailnotfound,TRUE,collegestation,2012-11-12T08:30:10-06:00,houston
ride offered - college station to addison on fri 11/9 (college station),collegestation,http://collegestation.craigslist.org/rid/3392158623.html,"i'm offering a ride from college station to addison. 
leaving november 9th. -dodge dakota pickup -i can carry plenty of extra luggage, it fits - it ships! -no a/c. sorry, but it doesn't work. heater (now that it's cooling down) works great! if the we [...]",2012-11-06T22:54:29-06:00,emailnotfound,TRUE,collegestation,2012-11-09T22:54:29-06:00,addison
ride offered - college station to houston on wed 11/7 (college station),collegestation,http://collegestation.craigslist.org/rid/3387570749.html,"i'm offering a ride from college station to houston. 
leaving november 7th returning november 7th. contact me on zimride: http://www.zimride.com/ride/share?ride=517304 ",2012-11-05T03:30:45-06:00,emailnotfound,TRUE,collegestation,2012-11-07T03:30:45-06:00,houston
ride needed - college station to austin on sun 11/4 (college station),collegestation,http://collegestation.craigslist.org/rid/3382326304.html,"i'm looking for a ride from college station to austin. 
leaving november 4th. contact me on zimride: http://www.zimride.com/ride/share?ride=515103 ",2012-11-02T15:43:27-05:00,emailnotfound,TRUE,collegestation,2012-11-04T15:43:27-05:00,austin
cs to florida,collegestation,http://collegestation.craigslist.org/rid/3381854749.html,"leaving college station for south florida sometime around the 10th of november. can stop anywhere along i10 or i75 as far south as ocala. don't need help driving, will split gas as far as you are going. departure date flexible. no pets, smokers.",2012-11-02T12:42:42-05:00,emailnotfound,TRUE,collegestation,2012-11-10T12:42:42-05:00,florida
ride needed 11/2 (college station to austin),collegestation,http://collegestation.craigslist.org/rid/3377231624.html,"i need a ride to austin on friday, 11/2 at any time after 3pm. i will split gas costs. i am a female veterinary student. ",2012-10-31T11:44:52-05:00,emailnotfound,FALSE,collegestation,2012-11-02T11:44:52-05:00,austin
ride offered - college station to irving on fri 11/2 (college station),collegestation,http://collegestation.craigslist.org/rid/3374037715.html,"i'm offering a ride from college station to irving. 
leaving november 2nd returning november 4th. contact me on zimride: http://www.zimride.com/ride/share?ride=510813 ",2012-10-29T22:34:41-05:00,emailnotfound,TRUE,collegestation,2012-11-02T22:34:41-05:00,irving
"ride needed: cs to lubbock, dec 2012",collegestation,http://collegestation.craigslist.org/rid/3372727110.html,"i'm needing a ride to lubbock sometime in the first week and a half of december. please let me know if you'll be heading that way. i would be more than happy to throw in on gas money. 
thanks",2012-10-29T12:11:09-05:00,emailnotfound,FALSE,collegestation,2012-12-20T12:11:09-05:00,lubbock
ride offered - college station to austin on wed 12/5 (college station),collegestation,http://collegestation.craigslist.org/rid/3370573413.html,"i'm offering a ride from college station to austin. 
leaving december 5th returning december 7th. contact me on zimride: http://www.zimride.com/ride/share?ride=509071 
i drive a 2012 toyota corrola. 
silver",2012-10-28T11:44:48-05:00,emailnotfound,TRUE,collegestation,2012-12-05T11:44:48-05:00,austin
ride offered - college station to austin on thu 11/8 (college station),collegestation,http://collegestation.craigslist.org/rid/3370566135.html,"i'm offering a ride from college station to austin. 
leaving november 8th returning november 10th. contact me on zimride: http://www.zimride.com/ride/share?ride=509069 
i drive a 2012 toyota corrola. 
silver",2012-10-28T11:41:12-05:00,emailnotfound,TRUE,collegestation,2012-11-08T11:41:12-05:00,austin
ride offered - college station to addison on fri 11/2 (college station),collegestation,http://collegestation.craigslist.org/rid/3365582948.html,"i'm offering a ride from college station to addison. 
leaving november 2nd. -dodge dakota pickup -i can carry plenty of extra luggage, it fits - it ships! -no a/c. sorry, but it doesn't work. windows down! i drive in the evenings when the day has sta [...]",2012-10-25T23:21:48-05:00,emailnotfound,TRUE,collegestation,2012-11-02T23:21:48-05:00,addison
ride offered - college station to dallas on fri 10/26 (college station),collegestation,http://collegestation.craigslist.org/rid/3365190915.html,"i'm offering a ride from college station to dallas. 
leaving october 26th returning october 28th. i love to swim, enjoy movies, and work in property management for an apartment complex :) contact me on zimride: http://www.zimride.com/ride/share?ride= [...]",2012-10-25T18:57:21-05:00,emailnotfound,TRUE,collegestation,2012-10-26T18:57:21-05:00,dallas
ride offered - college station to dallas on fri 10/26 (college station),collegestation,http://collegestation.craigslist.org/rid/3363861403.html,"i'm offering a ride from college station to dallas. 
leaving october 26th returning october 28th. contact me on zimride: http://www.zimride.com/ride/share?ride=506193 ",2012-10-25T10:02:14-05:00,emailnotfound,TRUE,collegestation,2012-10-26T10:02:14-05:00,dallas
ride needed - college station to dallas on fri 10/26 (college station),collegestation,http://collegestation.craigslist.org/rid/3360438021.html,"i'm looking for a ride from college station to dallas. 
leaving october 26th returning october 28th. start time will be flexible from friday to saturday contact me on zimride: http://www.zimride.com/ride/share?ride=504139 ",2012-10-23T19:19:37-05:00,emailnotfound,TRUE,collegestation,2012-10-26T19:19:37-05:00,dallas
ride offered - college station to austin on sun 10/21 (college station),collegestation,http://collegestation.craigslist.org/rid/3352239947.html,"i'm offering a ride from college station to austin. 
leaving october 21st returning october 22nd. contact me on zimride: http://www.zimride.com/ride/share?ride=501157 ",2012-10-20T10:12:41-05:00,emailnotfound,TRUE,collegestation,2012-10-21T10:12:41-05:00,austin
need a ride to dallas/fort worth area,collegestation,http://collegestation.craigslist.org/rid/3351600158.html,"looking to catch a ride to dfw area 10/21. can help to pay for gas, feel free to text/call me on my cell...301-219-0677",2012-10-19T23:17:41-05:00,emailnotfound,FALSE,collegestation,2012-10-21T23:17:41-05:00,dallas/fort
need ride to austin on oct 20th (chn),collegestation,http://collegestation.craigslist.org/rid/3348385459.html,"i need a ride to austin on the early morning of oct 20th, and then will need come back later on the same day. 
please contact me... thank you so much~~",2012-10-18T15:25:40-05:00,emailnotfound,TRUE,collegestation,2012-10-20T15:25:40-05:00,austin
ride offered - college station to austin on thu 10/11 (college station),collegestation,http://collegestation.craigslist.org/rid/3331260949.html,"i'm offering a ride from college station to austin. 
leaving october 11th returning october 14th. contact me on zimride: http://www.zimride.com/ride/share?ride=465511 ",2012-10-11T08:50:41-05:00,emailnotfound,TRUE,collegestation,2012-10-11T08:50:41-05:00,austin
ride offered - college station to austin on fri 10/12 (college station),collegestation,http://collegestation.craigslist.org/rid/3330764620.html,"i'm offering a ride from college station to austin. 
leaving october 12th returning october 14th. alec grad student. i go to austin, waco, and houston from college station. contact me on zimride: http://www.zimride.com/ride/share?ride=486968 
i drive [...]",2012-10-10T22:49:57-05:00,emailnotfound,TRUE,collegestation,2012-10-12T22:49:57-05:00,austin
ride offered - college station to austin on fri 10/19 (college station),collegestation,http://collegestation.craigslist.org/rid/3330055918.html,"i'm offering a ride from college station to austin. 
leaving october 19th 12 pm returning october 19th evening . contact me on zimride: http://www.zimride.com/ride/share?ride=491607 ",2012-10-10T16:32:53-05:00,emailnotfound,TRUE,collegestation,2012-10-19T16:32:53-05:00,austin
ride offered - college station to frisco on thu 10/25 (college station),collegestation,http://collegestation.craigslist.org/rid/3329301005.html,"i'm offering a ride from college station to frisco. 
leaving october 25th returning october 28th. contact me on zimride: http://www.zimride.com/ride/share?ride=491251 ",2012-10-10T11:48:36-05:00,emailnotfound,TRUE,collegestation,2012-10-25T11:48:36-05:00,frisco
ride needed to austin and back to cs (cstat),collegestation,http://collegestation.craigslist.org/rid/3326903347.html,need to be at the austin airport by 4 this friday the 12th and my flight gets back monday the 14th at 4 and i need to get back to college station then. either leg of the trip would be appreciated. have money to pitch in for gas. contact me at 956.534 [...],2012-10-09T10:35:55-05:00,emailnotfound,FALSE,collegestation,2012-10-12T10:35:55-05:00,austin
looking for ride share to plano (college station),collegestation,http://collegestation.craigslist.org/rid/3321293720.html,"would like to hitch a ride to plano, tx to pick up my car. bought a new one and drove it back and left the other one there. willing to buy gas there (cash on delivery, i think $75 is fair). i am looking for a ride friday, october 12. would prefer you [...]",2012-10-06T17:02:26-05:00,emailnotfound,TRUE,collegestation,2012-10-12T17:02:26-05:00,plano
"ride needed: cs to austin, 10/14 (sun) (cs -&gt; austin)",collegestation,http://collegestation.craigslist.org/rid/3321061699.html,"ride needed: cs to austin, 10/14 (sunday) 
please email. will share expenses/gas.",2012-10-06T15:12:08-05:00,emailnotfound,TRUE,collegestation,2012-10-14T15:12:08-05:00,austin
ride offered - college station to houston on sat 10/6 (college station),collegestation,http://collegestation.craigslist.org/rid/3319031515.html,"i'm offering a ride from college station to houston. 
leaving october 6th returning october 7th. let's go houston, people! maybe i'll leave here one hour after noon on saturday, please ask for a ride, 'cause i'm online almost everytime! and i""ll retu [...]",2012-10-05T16:35:06-05:00,emailnotfound,TRUE,collegestation,2012-10-06T16:35:06-05:00,houston
ride offered - college station to austin on thu 10/11 (college station),collegestation,http://collegestation.craigslist.org/rid/3317621498.html,"i'm offering a ride from college station to austin. 
leaving october 11th returning october 14th. you don't have to share in anything except the driving (if i'm tired) contact me on zimride: http://www.zimride.com/ride/share?ride=465511 ",2012-10-05T04:24:17-05:00,emailnotfound,TRUE,collegestation,2012-10-11T04:24:17-05:00,austin
ride needed - bryan / cs to austin fri 05 oct (bryan),collegestation,http://collegestation.craigslist.org/rid/3314617467.html,"howdy 
looking for a ride to austin on friday 5 october. 
i can meet most anywhere in bcs and can get dropped off and get a ride from just about anywhere in or around austin. 
very flexible on time - would prefer afternoon. 
will help out with gas $. [...]",2012-10-03T18:17:01-05:00,emailnotfound,TRUE,collegestation,2012-10-05T18:17:01-05:00,austin
