title,postingFrom,permalink,shortDescription,postingDate,mailToLink,driver,from,leaving,to
foothills to san luis (footies),yuma,http://yuma.craigslist.org/rid/3333146849.html,"ok, just looking to find a carpool from monday thru saturdays. will spilt gas and maybe some snacks along the way. need to be in san luis no later then 7. if you can help that would be awesome. please email with your info so we can talk things out. t [...]",2012-10-11T21:22:21-07:00,emailnotfound,TRUE,yuma,2012-10-15T21:22:21-07:00,san
"rideshare to ca, end destination is l.a. (yuma)",yuma,http://yuma.craigslist.org/rid/3328556073.html,returning friday to l.a. any destinations along the way from yuma.email or call ed at 310-351-7514 or 310-752-3900. ,2012-10-09T20:38:35-07:00,emailnotfound,TRUE,yuma,2012-10-12T20:38:35-07:00,ca
yuma to san deigo (yuma),yuma,http://yuma.craigslist.org/rid/3317173947.html,im going to be heading to san deigo tomorrow to pick up some parts and eat lunch. if you are willing to thrown in a little on gas i'll be more then then willing to take you up there. i have a reliable vehicle with a/c and good music. please be clean  [...],2012-10-04T18:13:43-07:00,emailnotfound,TRUE,yuma,2012-10-04T18:13:43-07:00,san
need ride to las vegas thurs night or fri morning ,yuma,http://yuma.craigslist.org/rid/3311188708.html,if you are going to las vegas fri morning or thursday nite i need a ride and give gas money for the ride need to be there bfore noon so early fri morning call 9282769258 if you can ask for omar ,2012-10-02T09:13:53-07:00,emailnotfound,FALSE,yuma,2012-10-08T09:13:53-07:00,las
