title,postingFrom,permalink,shortDescription,postingDate,mailToLink,driver,from,leaving,to
"ride or will transport items (underwood, north dakota to rapid city, sd area)",bismarck,http://bismarck.craigslist.org/rid/3359630099.html,"traveling from underwood, nd to rapid city, sd area on thursday afternoon, november 15. i will be going south to bismark, nd and then west on i-94 through dickinson, nd and south into south dakota. room for someone to ride along or willing to transpo [...]",2012-11-14T20:35:14-06:00,emailnotfound,TRUE,bismarck,2012-11-15T20:35:14-06:00,rapid
looking to share ride to north carolina  (bismarck nd),bismarck,http://bismarck.craigslist.org/rid/3408065225.html,hello looking to share ride with anyone traveling from north dakota to durham nc going thru illinois then down south if interested text me at 701 202 6771 will like to leave around the 16th of december 2012 thanks hope to hear back from you will shar [...],2012-11-13T19:07:00-06:00,emailnotfound,TRUE,bismarck,2012-12-20T19:07:00-06:00,share
bismarck to fargo (bis),bismarck,http://bismarck.craigslist.org/rid/3401509323.html,"heading to fargo monday nov 12th. 25yr old male, nice car no pets. ",2012-11-11T00:25:59-06:00,emailnotfound,TRUE,bismarck,2012-11-12T00:25:59-06:00,fargo
"west - north dakota to montana by november 6th (bozeman, bismarck)",bismarck,http://bismarck.craigslist.org/rid/3373757078.html,23 year old professional looking for a rideshare to bozeman montana (or as far west as you're going). i am in bismarck and have flexibility with the date - anytime within the next week. i will cover half the gas. i am intelligent and make good compan [...],2012-10-29T19:29:31-05:00,emailnotfound,FALSE,bismarck,2012-11-06T19:29:31-05:00,montana
ride needed bisman towilliston sun 11/4am (bismarck mandan to williston),bismarck,http://bismarck.craigslist.org/rid/3373309812.html,"looking for a ride to williston sunday morning, 11/4/12. clean 35yr old male, no drugs, can offer some gas $. please call or text mattie @ 7012043969.",2012-10-29T15:54:54-05:00,emailnotfound,FALSE,bismarck,2012-11-04T15:54:54-05:00,williston
"share ride/expenses to ann arbor, mi (bismarck)",bismarck,http://bismarck.craigslist.org/rid/3330292479.html,"i'm leaving for ann arbor, mi on nov. 20th. i have room for 1 and your bags. share expenses along the way. i live in bismarck and want to plan this out. john 480.206.9529",2012-10-10T18:16:54-05:00,emailnotfound,TRUE,bismarck,2012-11-20T18:16:54-05:00,ann
west - bismarck to bozeman! (bismarck),bismarck,http://bismarck.craigslist.org/rid/3322440368.html,"i am looking for a ride from bismarck to bozeman sometime after oct. 13th. pleasant demeanor, spotless driving record and cash for gas!",2012-10-07T10:55:38-05:00,emailnotfound,FALSE,bismarck,2012-10-13T10:55:38-05:00,bozeman
