title,postingFrom,permalink,shortDescription,postingDate,mailToLink,driver,from,leaving,to
san luis obispo to bay area (san luis obispo),santamaria,http://santamaria.craigslist.org/rid/3411347407.html,"i drive up monthly for work in the bay area, i am willing to drop you off anywhere in between. 
leaving either thursday night or friday morning. 
can fit two passengers comfy or squeeze three. 
i just want you to pitch in for gas for my truck . 
32,  [...]",2012-11-15T07:26:30-08:00,emailnotfound,TRUE,santamaria,2012-11-19T07:26:30-08:00,bay
orcutt to san francisco (santa maria),santamaria,http://santamaria.craigslist.org/rid/3410839015.html,"i drive up monthly for work in the bay area, i am willing to drop you off anywhere in between. 
leaving either thursday night or friday morning. 
can fit two passengers comfy or squeeze three. 
i just want you to pitch in for gas for my truck . 
32,  [...]",2012-11-14T21:32:33-08:00,emailnotfound,TRUE,santamaria,2012-11-19T21:32:33-08:00,san
slo to santa maria/santa barbara/ventura/malibu (slo/santa maria - traveling),santamaria,http://santamaria.craigslist.org/rid/3386606239.html,"i will be driving from the slo/santa maria area on wednesday nov 7th around 11am driving to malibu. 
i will be taking my time on hwy 1 in a convertible arriving in malibu by 3:30 or 4pm on wednesday. 
i can drop you off along the way in the spots men [...]",2012-11-04T13:16:10-08:00,emailnotfound,TRUE,santamaria,2012-11-07T13:16:10-08:00,santa
going to lax from sb (lax),santamaria,http://santamaria.craigslist.org/rid/3362207790.html,headed to lax from sb today (wednesday) around 3 pm. have room for two people. call 805 708-8294,2012-10-24T12:28:37-07:00,emailnotfound,TRUE,santamaria,2012-10-24T12:28:37-07:00,lax
ride needed to los angeles earlier the better (santa maria),santamaria,http://santamaria.craigslist.org/rid/3337857226.html,hi there not much to say two guys twenty four and twenty five needing a lift back home easy going with gas money the earlier the better no luggage either please text us five four one four nine seven three seven four zero,2012-10-14T04:46:05-07:00,emailnotfound,FALSE,santamaria,2012-10-15T04:46:05-07:00,los
ride offered (sm to bakersfield),santamaria,http://santamaria.craigslist.org/rid/3330609228.html,offering one way ride to bakersfield leaving santa maria friday morning between 7 and 8. just ask you put in a little cash for gas. ,2012-10-10T19:03:53-07:00,emailnotfound,TRUE,santamaria,2012-10-12T19:03:53-07:00,bakersfield
ride needed from ag to lax (arroyo grande),santamaria,http://santamaria.craigslist.org/rid/3329651938.html,hi there! i'm looking for a ride to lax this friday ( oct. 12th) morning to catch a 10am flight back east. i'll pitch in moolah and throw in some produce (and passion fruit!) from our farm. thank ya!!,2012-10-10T11:54:29-07:00,emailnotfound,FALSE,santamaria,2012-10-12T11:54:29-07:00,lax
ride offered: slo to san diego 10/8 @ 10am (driving thru sm),santamaria,http://santamaria.craigslist.org/rid/3323423895.html,"hey all, i'm driving down to san diego on monday. i have to be at work in mission beach at 4 pm so i'm leaving no later than 10 am from slo to avoid traffic. i can pick you up or drop you off anywhere in between. text brandon at 805 748 5994. be read [...]",2012-10-07T16:56:45-07:00,emailnotfound,TRUE,santamaria,2012-10-08T16:56:45-07:00,san
"carpool lompoc to sb mon and tues (lompoc, sb)",santamaria,http://santamaria.craigslist.org/rid/3321468132.html,"i travel to sb 4x a week. i go to anacapa and cota area of downtown. if my schedule works with yours then i'd be interested in carpooling with you. 
monday - leave at 720 from lompoc/ leave at 430 from sb 
tuesday - the same 
weds - leave at 720 from [...]",2012-10-06T16:38:41-07:00,emailnotfound,TRUE,santamaria,2012-10-08T16:38:41-07:00,sb
