title,postingFrom,permalink,shortDescription,postingDate,mailToLink,driver,from,leaving,to
going from nac to houston today 1 nov 2012 at 6pm (nac to houston),nacogdoches,http://nacogdoches.craigslist.org/rid/3379438118.html,hi i was wondering if anyone is trying to get to houston today. i will be heading that way aroune 6pm tonight. let me know if you would like to go.,2012-11-01T12:04:02-05:00,emailnotfound,FALSE,nacogdoches,2012-11-01T12:04:02-05:00,houston
ride offered - college station to austin on wed 12/5 (college station),nacogdoches,http://nacogdoches.craigslist.org/rid/3370572748.html,"i'm offering a ride from college station to austin. 
leaving december 5th returning december 7th. contact me on zimride: http://www.zimride.com/ride/share?ride=509071 
i drive a 2012 toyota corrola. 
silver",2012-10-28T11:44:28-05:00,emailnotfound,TRUE,nacogdoches,2012-12-05T11:44:28-05:00,austin
ride offered - college station to austin on thu 11/8 (college station),nacogdoches,http://nacogdoches.craigslist.org/rid/3370565279.html,"i'm offering a ride from college station to austin. 
leaving november 8th returning november 10th. contact me on zimride: http://www.zimride.com/ride/share?ride=509069 
i drive a 2012 toyota corrola. 
silver",2012-10-28T11:40:47-05:00,emailnotfound,TRUE,nacogdoches,2012-11-08T11:40:47-05:00,austin
need ride from nacogdoches to austin(9/26-9/28) (sfa),nacogdoches,http://nacogdoches.craigslist.org/rid/3362619714.html,"hey guys, i am in deep need of a ride to austin this weekend for halloween. 
i can of course help pay for gas which of course is negotiable. 
respond back if you have an open seat available 
thanks",2012-10-24T17:16:46-05:00,emailnotfound,FALSE,nacogdoches,2012-09-26T17:16:46-05:00,austin
need a ride from crockett to atl texas (crockett),nacogdoches,http://nacogdoches.craigslist.org/rid/3313749345.html,i need a ride on fri or sat morn to atlanta texas for my nieces birthday party i've only met her one time and i'm the only one on her dads side that can be there.... 25 yo female,2012-10-03T12:26:44-05:00,emailnotfound,TRUE,nacogdoches,2012-10-05T12:26:44-05:00,atl
