title,postingFrom,permalink,shortDescription,postingDate,mailToLink,driver,from,leaving,to
ride offered - biloxi to savannah on sat 11/17 (biloxi),gulfport,http://gulfport.craigslist.org/rid/3394273629.html,"i'm offering a ride from biloxi to savannah. 
leaving november 17th returning november 17th. contact me on zimride: http://www.zimride.com/ride/share?ride=521000 ",2012-11-07T19:58:13-06:00,emailnotfound,TRUE,gulfport,2012-11-17T19:58:13-06:00,savannah
boloxi ms to huntsville. al monday (os),gulfport,http://gulfport.craigslist.org/rid/3353783414.html,"i'm traveling from the boloxi/ ocean springs area to huntsville al on monday morning around 10 a.m. i will be passing through mobile, montgomery, and birmingham al. if you need a ride north to any of these cities just give me a call. 256-694-9717",2012-11-02T15:11:36-05:00,emailnotfound,TRUE,gulfport,2012-11-05T15:11:36-05:00,huntsville.
take one to houston (os),gulfport,http://gulfport.craigslist.org/rid/3352648480.html,"leaving monday am or sunday pm 
take one rider 
no email 
call only 2283963199 jim",2012-10-20T12:50:37-05:00,emailnotfound,TRUE,gulfport,2012-10-22T12:50:37-05:00,houston
"i'm leaving biloxi on monday 22nd heading to louisville, kentucky (biloxi to louisville ky)",gulfport,http://gulfport.craigslist.org/rid/3351538070.html,"i'm leaving biloxi monday the 22nd heading to louisville, kentucky. 
i don't mind stopping at any stop on way to louisville. 
i want leave no later then 12pm. 
i don't mind pets or smoking. 
i'm driving a mini van so have plenty of room. 
i'm driving [...]",2012-10-19T22:25:16-05:00,emailnotfound,TRUE,gulfport,2012-10-22T22:25:16-05:00,louisville
mississippi to minnesota or wisconsin please,gulfport,http://gulfport.craigslist.org/rid/3288704068.html,"hi, my friend needs someone to drive her to mississippi from wisconsin. i would like to catch a ride up there so i can drive her back. i am flexible on my travel times. let me know if you are heading that direction. i have family in mn and wi so anyw [...]",2012-10-05T11:01:56-05:00,emailnotfound,FALSE,gulfport,2012-10-05T11:01:56-05:00,minnesota
"oct. 20 ""the moment"" (to hot springs, ark.)",gulfport,http://gulfport.craigslist.org/rid/3312017075.html,"anyone wishing to go to hot springs, ark., the weekend oct. 19-21 and share expenses. i have the car. going for ""the moment"" a peace-nic, spiritual gathering. check it out here http://www.momenthotsprings.com/index.htm",2012-10-02T16:30:32-05:00,emailnotfound,TRUE,gulfport,2012-10-20T16:30:32-05:00,hot
