title,postingFrom,permalink,shortDescription,postingDate,mailToLink,driver,from,leaving,to
"rider(s) wanted: plattsburgh to richmond,va or in between sat.oct 20th (plattsburgh to richmond, va)",plattsburgh,http://plattsburgh.craigslist.org/rid/3349228423.html,"i'm heading to richmond, va on saturday the 20th. leaving out of montreal at 11am, coming through plattsburgh at 12:30pm for arrival in richmond around 11pm - i can drop off anywhere along my route which goes through albany, philadelphia, wilmington, [...]",2012-10-18T23:46:55-04:00,emailnotfound,TRUE,plattsburgh,2012-10-20T23:46:55-04:00,richmond
plattsburgh to nyc (plattsburgh),plattsburgh,http://plattsburgh.craigslist.org/rid/3328935089.html,in need of a ride from plattsburgh ny to nyc on tuesday oct 16 or wed oct 17. can help with the cost of gas.,2012-10-10T10:10:46-04:00,emailnotfound,TRUE,plattsburgh,2012-10-16T10:10:46-04:00,nyc
ride offered - montreal to new york on tue 10/9 (montreal),plattsburgh,http://plattsburgh.craigslist.org/rid/3324350657.html,"i'm offering a ride from montreal to new york. 
leaving october 9th. going with an empty car place for cool chilled ppl only. contribution can be negociated contact me on zimride: http://www.zimride.com/ride/share?ride=487620 
i drive a 2012 chrysler [...]",2012-10-08T10:43:01-04:00,emailnotfound,TRUE,plattsburgh,2012-10-09T10:43:01-04:00,new
ride to montreal (suny plattsburgh),plattsburgh,http://plattsburgh.craigslist.org/rid/3320839544.html,"i know that it's pretty late in the game, but i need a ride to montreal tomorrow, sunday october 7th, around early in the morning. i'll pay the appropriate amount and would like to meet at suny plattsburgh's acc. ",2012-10-06T14:36:59-04:00,emailnotfound,FALSE,plattsburgh,2012-10-06T14:36:59-04:00,montreal
