title,postingFrom,permalink,shortDescription,postingDate,mailToLink,driver,from,leaving,to
ride offered - bloomington to round lake on wed 11/21 (bloomington),bn,http://bn.craigslist.org/rid/3411764624.html,"i'm offering a ride from bloomington to round lake. 
leaving november 21st returning november 25th. going towards round lake, il. willing to drop off anywhere on the road as long as detour is not longer than 15-30 minutes on route.... hey guys! i am  [...]",2012-11-15T12:09:26-06:00,emailnotfound,TRUE,bn,2012-11-21T12:09:26-06:00,round
need ride to chicago or any metra station on 11/16 (bloomington),bn,http://bn.craigslist.org/rid/3410590702.html,"title says it, i need to be in chicago by 6ish so ideally leave around 2-3pm. if you are heading up let me know ! i'm very laid back and into most music but prefer rock/alt rock. email to talk more.",2012-11-14T20:29:59-06:00,emailnotfound,TRUE,bn,2012-11-16T20:29:59-06:00,chicago
"bloomington il. to dallas tx nov. 5 th (bloomington to dallas, tx)",bn,http://bn.craigslist.org/rid/3385197251.html,"leaving jefferson, wi nov. 5 th. to dallas, tx through il.,,missouri, oklahoma and on to dallas, share ride and exspence; flexable, for good company. 
gary email me soon and i will give phone number. lakedr7 at yahoo.com",2012-11-03T21:46:44-05:00,emailnotfound,TRUE,bn,2012-11-05T21:46:44-05:00,dallas
driving to st. louis oct 19,bn,http://bn.craigslist.org/rid/3347196426.html,i am driving to st louis this friday for the weekend. if you need a ride there or back give me a shout. i am leaving around 4:30 or 5:00 on friday and will head back on sunday around 2:30 or so from the st louis area.,2012-10-18T07:21:00-05:00,emailnotfound,TRUE,bn,2012-10-19T07:21:00-05:00,st.
ride offered - bloomington to chicago on fri 10/19 (bloomington),bn,http://bn.craigslist.org/rid/3339190693.html,"i'm offering a ride from bloomington to chicago. 
leaving october 19th returning october 22nd. going towards lake county, il. at round lake. willing to drop on the way anywhere. hey guys! i am willing to help out with transportation just to pay off f [...]",2012-10-14T18:48:18-05:00,emailnotfound,TRUE,bn,2012-10-19T18:48:18-05:00,chicago
ride offered - bloomington to cleveland on fri 12/21 (bloomington),bn,http://bn.craigslist.org/rid/3314838921.html,"i'm offering a ride from bloomington to cleveland. 
leaving december 21st returning december 28th. dates subject to change - i'm flexible. contact me on zimride: http://www.zimride.com/ride/share?ride=484575 ",2012-10-03T20:13:18-05:00,emailnotfound,TRUE,bn,2012-12-21T20:13:18-05:00,cleveland
