title,postingFrom,permalink,shortDescription,postingDate,mailToLink,driver,from,leaving,to
to yakima please (moses lake to yakima),moseslake,http://moseslake.craigslist.org/rid/3414445779.html,i am trying to get to yakima today or no later the sunday for my kids. just found out my 3 year old had type one dietbiedis and he wants his daddy.. please someone help me,2012-11-16T12:01:43-08:00,emailnotfound,FALSE,moseslake,2012-11-16T12:01:43-08:00,yakima
m-f 5am -3 pm moses to othello daily  (moses/othello),moseslake,http://moseslake.craigslist.org/rid/3398157128.html,my schedule is from 6 am to 2:30 pm from moses lake to othello monday - friday . i am looking to share a ride w someone w similar schedule with in a hour difference is ok :-) i would help w the cost of gas . pls contact me 509 seven nine three 8753 w [...],2012-11-09T11:31:13-08:00,emailnotfound,TRUE,moseslake,2012-11-12T11:31:13-08:00,othello
really need help (moses lake to yakima),moseslake,http://moseslake.craigslist.org/rid/3396557754.html,"i really need a ride from moses lake to yakima on either nov. 9, 10 trying to get home to my kids. just found out my son of 3 years old that he hasx type one diebidies. it is very important that i get to my family. may have 20 or 30 bucks for gas plz [...]",2012-11-08T17:16:42-08:00,emailnotfound,TRUE,moseslake,2012-11-09T17:16:42-08:00,yakima
"ride needed (11/21), bellingham to quincy (i-90 east)",moseslake,http://moseslake.craigslist.org/rid/3395845500.html,"im looking for a ride from bellingham to quincy on wednesday (11/21) evening. trying to get out there for thanksgiving. ill pitch in for gas. if you are heading that way, shoot me an email. 
levi",2012-11-08T11:58:06-08:00,emailnotfound,FALSE,moseslake,2012-11-21T11:58:06-08:00,quincy
to seatac (moses lake area),moseslake,http://moseslake.craigslist.org/rid/3345959824.html,"i will be driving from quincy (through wenatchee, ellensburg) to seattle on saturday - 20th oct (around 9:00 - 9:30 am) .. can pick or drop on the way within reasonable distance ( not more than 5 mins off freeway) .. will follow i 90 ... can meet on  [...]",2012-10-17T13:14:09-07:00,emailnotfound,TRUE,moseslake,2012-10-20T13:14:09-07:00,seatac
need ridethurs or fri -12th 5-8pm ish t (ellensburg to moseslake),moseslake,http://moseslake.craigslist.org/rid/3327933339.html,i need a ride either thursday or friday evening flexible to leave around 5pm up to -8ish from ellensburg to moses lake- no luggage -some cash 4 gas. just call - 509 3061569,2012-10-09T15:00:30-07:00,emailnotfound,TRUE,moseslake,2012-10-11T15:00:30-07:00,moseslake
