title,postingFrom,permalink,shortDescription,postingDate,mailToLink,driver,from,leaving,to
ride offered - jim thorpe to king of prussia on mon 10/29 (jim thorpe),poconos,http://poconos.craigslist.org/rid/3372746139.html,"i'm offering a ride from jim thorpe to king of prussia. leaving today or tomorrow. i'm leaving from bear creek lake on 903. will pick up anywhere near by. jim thorpe, lehighton, beltzville, penns peak
leaving october 29th returning november 1st. $30  [...]",2012-10-29T13:18:07-04:00,emailnotfound,TRUE,poconos,2012-10-29T13:18:07-04:00,king
ride needed to miami (stroudsburg),poconos,http://poconos.craigslist.org/rid/3339734993.html,"i am looking for a ride from stroudsburg, pa to miami, fl. end of of this week or asap. 
will help with expenses. 
please contact me if you are going in that direction. 
john",2012-10-15T03:16:44-04:00,emailnotfound,FALSE,poconos,2012-10-15T03:16:44-04:00,miami
drivers wanted: east stroudsburg to milford area (monroe &amp; pike co.),poconos,http://poconos.craigslist.org/rid/3326938489.html,"due to our rapid growth we are in need of reliable drivers for our daily routes from east stroudsburg to milford, dingmans ferry area for local real estate foreclosure inspections. our typical route is about 4-6 hours per day mon-sat. we offer the hi [...]",2012-10-09T11:48:50-04:00,emailnotfound,TRUE,poconos,2012-10-15T11:48:50-04:00,milford
"fem wanted for carpool to nyc (bushkill, pa)",poconos,http://poconos.craigslist.org/rid/3325873375.html,"looking for female to carpool to nyc. must smell nice. no funky monkeys...smokers probably wont qualify, or people that are constantly sick. commuting with male in newer economy car that knows how to take care of himself hygienically. leaves pa at 5: [...]",2012-10-08T20:33:04-04:00,emailnotfound,TRUE,poconos,2012-10-08T20:33:04-04:00,nyc
"commute daily from milford to wharton (milford, pa to wharton, nj)",poconos,http://poconos.craigslist.org/rid/3320319939.html,"share the ride monday through friday, leaving milford, pa at 7:15 am then leaving wharton, nj at 3:30 pm. 
1 block from saint clair's hospital on r. t46.",2012-10-06T11:09:30-04:00,emailnotfound,TRUE,poconos,2012-10-08T11:09:30-04:00,wharton
looking for rideshare from jimthorpe to lehighton (4:45 p.m depart jt),poconos,http://poconos.craigslist.org/rid/3319415636.html,"hello, 
i have just aquired a job on first street in lehighton and am in need of tranportation leaving from jim thorpe anywhere between 4-4:30 p.m. thursday and friday on a weekly bases. i am willing to chip in on gas for whoever may be goin that way [...]",2012-10-05T20:45:09-04:00,emailnotfound,TRUE,poconos,2012-10-11T20:45:09-04:00,lehighton
