title,postingFrom,permalink,shortDescription,postingDate,mailToLink,driver,from,leaving,to
salton city to san diego/miramar (salton city),imperial,http://imperial.craigslist.org/rid/3408238277.html,"friday morning about 10am. going from salton city to san diego/miramar. i will go via poway. if you are interested, please call mark at 415-412-1643. 
i am asking for $10 to help with gas. i have room for 2 people or maybe 3 if there is no luggage to [...]",2012-11-13T18:42:27-08:00,emailnotfound,TRUE,imperial,2012-05-03T18:42:27-08:00,san
sunday nov. 11 ride offered to phoenix (near scottsdale),imperial,http://imperial.craigslist.org/rid/3396538448.html,"returning to phoenix from el centro on sunday, 11/11, 4 pm.",2012-11-08T17:06:08-08:00,emailnotfound,TRUE,imperial,2012-11-11T17:06:08-08:00,phoenix
"need ride to palm springs (calexico, ca)",imperial,http://imperial.craigslist.org/rid/3346953784.html,"hi, i need a ride to palm spring this weekend oct 20th 2012, willing to share expences! please reply if you are looking for companion!!",2012-10-17T22:36:32-07:00,emailnotfound,FALSE,imperial,2012-10-20T22:36:32-07:00,palm
