title,postingFrom,permalink,shortDescription,postingDate,mailToLink,driver,from,leaving,to
pensacola to indiana 11/17 (indianapolis),pensacola,http://pensacola.craigslist.org/rid/3403557573.html,"driving to indianapolis saturday 11/17. looking for good company to help share cost and maybe some driving if you can. planning on leaving super early. should take about 10 hours. my little dog will be with me, but she shouldn't be a problem. i'm 31  [...]",2012-11-12T01:05:45-05:00,emailnotfound,TRUE,pensacola,2012-11-17T01:05:45-05:00,indiana
pensacola to mexico road trip dec 2012 (chichen itza),pensacola,http://pensacola.craigslist.org/rid/3401750362.html,"heading to the yucatan in december for the mayan celebration... wanting to arrive in chichen itza, mexico on the 19/20th. will take about 4 days driving to get there. the main route takes round 48 hours. 12 hours of driving at least for a four day tr [...]",2012-11-11T07:54:52-05:00,emailnotfound,TRUE,pensacola,2012-19-20T07:54:52-05:00,mexico
"ride needed: pensacola/mobile to asheville, nc",pensacola,http://pensacola.craigslist.org/rid/3389252311.html,hello! we are two young wanderers just following the road. we left our farm jobs in texas recently and have been visiting friends and family in the midwest . now we're deciding to leave the car behind and continue on by other means. hoping to find so [...],2012-11-05T18:18:29-05:00,emailnotfound,FALSE,pensacola,2012-11-09T18:18:29-05:00,asheville
looking for ride to defuniak springs,pensacola,http://pensacola.craigslist.org/rid/3383355033.html,"looking for a ride to defuniak springs, fl. its just me and my girlfriend we each have 1 bag. we can help out with gas. thanks",2012-11-03T06:21:30-04:00,emailnotfound,FALSE,pensacola,2012-11-09T06:21:30-04:00,defuniak
ride needed - gulf shores to foley on tue 10/30 (gulf shores),pensacola,http://pensacola.craigslist.org/rid/3374951997.html,"i'm looking for a ride from gulf shores to foley. 
leaving october 30th returning october 30th. going to ""the office"" on hwy s. of foley....
call me
1-586-344-0485
thxcontact me on zimride: http://www.zimride.com/ride/share?ride=511149 ",2012-10-30T12:55:57-04:00,emailnotfound,TRUE,pensacola,2012-10-30T12:55:57-04:00,foley
need 2 hitch a ride to houston tx (navarre or pensacola fl),pensacola,http://pensacola.craigslist.org/rid/3317653102.html,"55yo disabled wm gent needing to go to my girl friend in bryan / college station tx. north west of houston. houston is good enough. 
i am 5 miles west of navarre near hwy 98 or can be at pensacola ecat city bus station by 9am thurs. or 9am fri or 10a [...]",2012-10-25T02:58:23-04:00,emailnotfound,FALSE,pensacola,2012-10-25T02:58:23-04:00,houston
need a ride to atlanta 10/13 (gulf breeze),pensacola,http://pensacola.craigslist.org/rid/3311908386.html,"anyone heading to atlanta on october 13th, i would love to hitch a ride. i'm offering gas money in return.",2012-10-02T16:46:52-04:00,emailnotfound,FALSE,pensacola,2012-10-13T16:46:52-04:00,atlanta
