title,postingFrom,permalink,shortDescription,postingDate,mailToLink,driver,from,leaving,to
offering: webster wi to michigan and anywhere along the way! (wisconsin/michigan),northernwi,http://northernwi.craigslist.org/rid/3403317860.html,"im leaving webster wi hopefully on wed the 21st and returning that sunday the 25th. can pick up and drop off anywhere along the way. depending on your pick up and drop locations itll be about $20-40 a person. 
call or text 
715-338-6401. ",2012-11-11T20:46:18-06:00,emailnotfound,TRUE,northernwi,2012-11-25T20:46:18-06:00,michigan
needing ride to boise idaho asap (pembine wi to idaho),northernwi,http://northernwi.craigslist.org/rid/3372795709.html,"hello all i need a ride from pembine wi, and heading to wisconsin. so if anyone can discuss money let me know i will do my best to accomdate when you email me we will discuss more please can someone help me asap",2012-10-29T12:35:40-05:00,emailnotfound,FALSE,northernwi,2012-10-29T12:35:40-05:00,boise
"needed: ashland to madison, week of nov. 26th (ashland)",northernwi,http://northernwi.craigslist.org/rid/3366234658.html,"howdy! i'm looking for a ride from ashland to madison sometime the week of nov. 26th, preferably before that friday. i'm attending a nerdy steampunk convention in madison that weekend, in case you're wondering. (it's called teslacon.) i'd be happy to [...]",2012-10-26T10:28:58-05:00,emailnotfound,FALSE,northernwi,2012-11-26T10:28:58-05:00,madison
r/t chicago to n.wisconsin (minoqua),northernwi,http://northernwi.craigslist.org/rid/3315744444.html,"want to leave from deerfield fri,sat,orsun--------------can take most any route call randy-------847 894 0648",2012-10-04T10:16:47-05:00,emailnotfound,TRUE,northernwi,2012-10-05T10:16:47-05:00,n.wisconsin
