title,postingFrom,permalink,shortDescription,postingDate,mailToLink,driver,from,leaving,to
ride from merced to la,merced,http://merced.craigslist.org/rid/3414226926.html,two seats needed from merced to the la area (specifically claremont) before thanksgiving. i'm trying for the 20-21. we both have licenses and can pitch on for gas. please text me 909-257-4295. ,2012-11-16T10:40:02-08:00,emailnotfound,FALSE,merced,2012-11-19T10:40:02-08:00,la
going to be driving through merced tomorrow omw to hollywood (sf bay area),merced,http://merced.craigslist.org/rid/3369995948.html,"driving to hollywood or nearby, i just need 2 things. 
1. 30 for gas 
2. no, none, zero drugs whatsoever please. cannot afford to risk taking you if that's the case. don't even smell like it, please. 
txt me 5 1 0 6 88 1 0 0 5 
leaving the bay around [...]",2012-10-27T23:30:31-07:00,emailnotfound,TRUE,merced,2012-10-27T23:30:31-07:00,be
