title,postingFrom,permalink,shortDescription,postingDate,mailToLink,driver,from,leaving,to
"ride needed: athens to winston-salem, nc or close on 11/20 or 11/21 (athens)",athensga,http://athensga.craigslist.org/rid/3400898145.html,"hey there. i'm looking for a ride to winston-salem, nc or nearby just before thanksgiving, preferably 11/20 or 11/21. i'll chip in for gas or even drive if you'd like. i am a non-predatory, non-creepy male, non-smoker, post-doctoral researcher at uga [...]",2012-11-10T17:55:18-05:00,emailnotfound,FALSE,athensga,2012-11-20T17:55:18-05:00,winston-salem
"need a ride to dmv  (athens, ga )",athensga,http://athensga.craigslist.org/rid/3392815523.html,i'm hoping someone is driving the dmv tomorrow or friday. i don't have a car and need to renew my license before friday. i can offer $10. please let me know if you can help. thanks! gemi,2012-11-07T10:57:46-05:00,emailnotfound,FALSE,athensga,2012-11-07T10:57:46-05:00,dmv
"athens to augusta needed - will pay gas and drive (athens, ga)",athensga,http://athensga.craigslist.org/rid/3363100594.html,"i am trying to find a ride from athens to augusta tomorrow, thursday october 25. i am going to the georgia/florida game but meeting a friend in augusta. i am willing to split or pay gas and even drive, just as long as i can make it to augusta tomorro [...]",2012-10-24T22:28:20-04:00,emailnotfound,FALSE,athensga,2012-10-24T22:28:20-04:00,augusta
"1 seat to st simons / jacksonville (athens, ga)",athensga,http://athensga.craigslist.org/rid/3361867538.html,"hey folks, i'm leaving later in the day friday or early saturday to get down to the party this weekend! if you're looking for a ride, let me know. 
-danny 
six seven eight 643 four four 29",2012-10-24T13:24:48-04:00,emailnotfound,FALSE,athensga,2012-10-29T13:24:48-04:00,st
"looking for a ride to atlanta to athens this weekend (athens, ga)",athensga,http://athensga.craigslist.org/rid/3354311229.html,"hi, 
i'm contemplating going to atlanta for friday and saturday this weekend. will anyone be travelling by car friday afternoon and return sunday mid-day? 
i can pay for gas and i'm an easy person to get along with. 
thank you, 
chris ",2012-10-23T17:52:21-04:00,emailnotfound,FALSE,athensga,2012-10-26T17:52:21-04:00,atlanta
ride to asheville (athens),athensga,http://athensga.craigslist.org/rid/3329643107.html,"i need a ride to asheville this friday, the 12th. anybody??? =)",2012-10-10T14:51:18-04:00,emailnotfound,TRUE,athensga,2012-10-12T14:51:18-04:00,asheville
i offer ride to grocery store every week (within 3 mile from uga campus),athensga,http://athensga.craigslist.org/rid/3321873491.html,"hello, there: 
if you do not have car and want to go to grocery store every week. we can go together at a time good for us all. 
i do it for getting some small money, like 10 dollar per ride. 
email to get my phone so that it is easy to contact.",2012-10-07T00:56:51-04:00,emailnotfound,FALSE,athensga,2012-10-08T00:56:51-04:00,grocery
