title,postingFrom,permalink,shortDescription,postingDate,mailToLink,driver,from,leaving,to
key west to fort lauderdale (key west),keys,http://keys.craigslist.org/rid/3404825978.html,i will be driving from key west to fort lauderdale airport on thursday nov 22. will leave at least by 10 am as i have a flight leaving at 4:30. need a ride let me know. pay for gas. thanks,2012-11-16T11:53:42-05:00,emailnotfound,FALSE,keys,2012-11-22T11:53:42-05:00,fort
ft lauderdale to key west! (key west),keys,http://keys.craigslist.org/rid/3396237873.html,"looking for a ride from fll to key west either tues nov 13 or wed nov 14. i will be there only until the 16th, but a one way ride would still be very helpful. will split gas! please contact me asap so that i can finish my flight bookings :) thanks! h [...]",2012-11-08T17:37:34-05:00,emailnotfound,FALSE,keys,2012-11-08T17:37:34-05:00,key
need ride north to miami amtrak area (key west),keys,http://keys.craigslist.org/rid/3379610442.html,yes i am heading out on the 2nd or 3rd and hoping to catch a ride to miami as close to amtrak station as possible. my name is jeff and i can be reached at 912-433-4087. i am making my way back to savannah ga. i have not gotten amtrak ticket yet so if [...],2012-11-01T14:09:06-04:00,emailnotfound,FALSE,keys,2012-11-02T14:09:06-04:00,miami
key west to miami & back on wed (kw),keys,http://keys.craigslist.org/rid/3374515650.html,driving from key west to miami wed oct 31 at approx 5-6am and returning to key west later wed night. looking for someone to share cost of gas one-way or round trip.,2012-10-30T09:48:31-04:00,emailnotfound,TRUE,keys,2012-10-31T09:48:31-04:00,miami
need a ride from key west to miami 10/30/12 (miami),keys,http://keys.craigslist.org/rid/3366218996.html,"hey there! 
i'm am currently having an amazing time at fantasy fest, but like all good things it will end eventually and i need to get back home. : ) if anyone is driving from key west back to miami on either monday the 29th or tuesday the 30th i wou [...]",2012-10-26T11:22:41-04:00,emailnotfound,FALSE,keys,2012-10-30T11:22:41-04:00,miami
heading to key west (fort lauerdale),keys,http://keys.craigslist.org/rid/3355436428.html,"flying in to fort lauerdale on wednesday the 24 @ 4pm. heading down to key west. if you need a ride email me. im a 32 year old clean cut, laid back guy.",2012-10-21T19:50:39-04:00,emailnotfound,FALSE,keys,2012-10-24T19:50:39-04:00,key
ride needed from miami to key west (miami),keys,http://keys.craigslist.org/rid/3350614429.html,"hi, 
looking for a ride on saturday the 20th from miami down to key west. 
would gladly share the costs. 
you can contact me at 707-382-7257 
michael",2012-10-19T15:37:15-04:00,emailnotfound,FALSE,keys,2012-10-20T15:37:15-04:00,key
going to bearcreek in live oak fl. (key west),keys,http://keys.craigslist.org/rid/3347434106.html,"looking for some riders that would like a ride to the bearcreek music fest in live oak fl. driving a camper van. ride only, you would have to camp or what ever. it is a round trip. leaving monday the 5th and coming back on monday the 12th or tuesday  [...]",2012-10-18T10:33:30-04:00,emailnotfound,TRUE,keys,2012-10-05T10:33:30-04:00,bearcreek
you need a ride? (key largo to bradenton),keys,http://keys.craigslist.org/rid/3347316042.html,i will be leaving key largo monday morning going to bradenton. if you need a ride call me 305-360-2800 or answer throu email above... no drugs and no smoking in auto... thanks... gene,2012-10-18T09:38:18-04:00,emailnotfound,TRUE,keys,2012-10-22T09:38:18-04:00,bradenton
key west to pittsburgh,keys,http://keys.craigslist.org/rid/3341077962.html,"i am leaving sat from key west, driving a 1/2 full 10 ft uhaul to pittsburgh, anyone need anything going north or to pgh ? ",2012-10-15T16:13:22-04:00,emailnotfound,TRUE,keys,2012-01-02T16:13:22-04:00,pittsburgh
key west to pittsburgh,keys,http://keys.craigslist.org/rid/3337243801.html,"anyone looking to go north with stuff? i will have a 10 ft, i/2 loaded u haul leaving 10/17 going to pittsburgh, or any route in between. looking for someone to help defray the cost of truck / fuel.",2012-10-13T19:46:45-04:00,emailnotfound,TRUE,keys,2012-10-17T19:46:45-04:00,pittsburgh
marathon to miami monday (marathon),keys,http://keys.craigslist.org/rid/3323588531.html,i am driving from marathon to miami monday morning (10/8/12) around 10 am if anyone needs a ride. it is just a one way trip.,2012-10-07T21:35:27-04:00,emailnotfound,TRUE,keys,2012-10-08T21:35:27-04:00,miami
