title,postingFrom,permalink,shortDescription,postingDate,mailToLink,driver,from,leaving,to
"going to denver, 11/12  (opelousas)",lafayette,http://lafayette.craigslist.org/rid/3389601936.html,"anyone need a ride and want to help with gas. leaving monday shortly after visiting dmv, 
if you're going anywhere along the way i can drop you off. 
yes you will have to help with gas. 
22male",2012-11-05T20:16:09-06:00,emailnotfound,TRUE,lafayette,2012-11-12T20:16:09-06:00,denver
"heading to new orleans (lafayette, la)",lafayette,http://lafayette.craigslist.org/rid/3341257781.html,"driving to new orleans on saturday morning of the 10th november, room for paying passengers, no drugs, no alcohol.",2012-10-31T10:38:19-05:00,emailnotfound,TRUE,lafayette,2012-10-10T10:38:19-05:00,new
need ride to california (san jose/anywhere close),lafayette,http://lafayette.craigslist.org/rid/3333589871.html,"hello all, i really want to get out to california, preferably san jose but anywhere close to that would be fine. i don't have a lot of money to share the cost but i would really appreciate any help i could get. my name is justin, if you think you can [...]",2012-10-12T08:46:47-05:00,emailnotfound,FALSE,lafayette,2012-10-15T08:46:47-05:00,california
