title,postingFrom,permalink,shortDescription,postingDate,mailToLink,driver,from,leaving,to
sioux city to des moines,siouxcity,http://siouxcity.craigslist.org/rid/3417601099.html,"needing a ride to des moines iowa if anyone going that way i would appreciate a ride! thank you so much! any questions please email me needing to go on or before this next weekend coming up, but if your going tomorrow that will be just as good too. ",2012-11-17T21:43:18-06:00,emailnotfound,FALSE,siouxcity,2012-11-17T21:43:18-06:00,des
"ride needed: sioux city to wayne, ne 11/13 and back 11/14 (sioux city, ia)",siouxcity,http://siouxcity.craigslist.org/rid/3399210539.html,"needing a ride from sioux city to wayne, neb. (about a 45 minute drive) on tuesday nov. 13th around 1:00 in the afternoon or later. then, i need a ride back from wayne to sioux city around 11:00 wednesday morning the 14th. i'm staying the night in wa [...]",2012-11-09T22:24:51-06:00,emailnotfound,TRUE,siouxcity,2012-11-13T22:24:51-06:00,wayne
"ride needed: norfolk, ne to wayne, ne 11/13 and back 11/14 (norfolk, ne)",siouxcity,http://siouxcity.craigslist.org/rid/3399183758.html,"needing a ride from norfolk, neb. to wayne, neb. (about a half hour drive) on tuesday nov. 13 around 4:00 in the afternoon. then, i need a ride from wayne back to norfolk early the next morning, need to be in downtown norfolk (at the bus station) by  [...]",2012-11-09T22:02:28-06:00,emailnotfound,TRUE,siouxcity,2012-11-13T22:02:28-06:00,wayne
"i'm headed to chicago. passangers, cargo and/or trailer",siouxcity,http://siouxcity.craigslist.org/rid/3370664366.html,"full size truck going to chicago. i can tow a trailer, dolly, anything. have room for 2 passengers, and lots of cargo. trying to leave asap. can drop off anywhere along the way. 702.900.7992. 
in las vegas now",2012-10-28T12:29:36-05:00,emailnotfound,TRUE,siouxcity,2012-10-28T12:29:36-05:00,chicago.
