title,postingFrom,permalink,shortDescription,postingDate,mailToLink,driver,from,leaving,to
lake geneva to stevens point,racine,http://racine.craigslist.org/rid/3402781716.html,looking for a ride to stevens point on 11/16. someone.can also meet me at the 39/94 split in baraboo if need be. i can help with gas money too,2012-11-11T16:50:44-05:00,emailnotfound,FALSE,racine,2012-11-16T16:50:44-05:00,stevens
ride needed to work (burlington-delevan),racine,http://racine.craigslist.org/rid/3398729845.html,"i just picked up employment in delevan and i need a ride to, and back m-f. i live in burlington, and will compensate accordingly. please contact me. i will find out my start time on monday. ",2012-11-09T18:28:14-05:00,emailnotfound,FALSE,racine,2012-11-12T18:28:14-05:00,work
racine/milwaukee to madison,racine,http://racine.craigslist.org/rid/3380638084.html,"i am going to madison on monday, november 5th leaving 5:30 am 
from racine. if you need a ride let me know and we can go from there. 
thanks, 
drew",2012-11-01T21:59:11-04:00,emailnotfound,FALSE,racine,2012-11-05T21:59:11-04:00,madison
ride needed for interview. burlington to madison (burlington to madison),racine,http://racine.craigslist.org/rid/3359738214.html,"i have a interview in madison at a time to be determined. 11am is open for them. was wondering if anyone is going that way, or could give me a ride for compensation? please let me know. ",2012-10-23T15:24:45-04:00,emailnotfound,FALSE,racine,2012-10-27T15:24:45-04:00,madison
ride needed ever m-w-f (from racine to kenosha),racine,http://racine.craigslist.org/rid/3329310857.html,"hello i am in need of a ride from north side of racine to 12th st in kenosha and back every mon,wed and fri i don't have much money and my family and i are barley making ends meet so if someone has a vehicle they are willing to lend (i will put gas i [...]",2012-10-10T12:52:24-04:00,emailnotfound,FALSE,racine,2012-10-15T12:52:24-04:00,kenosha
