title,postingFrom,permalink,shortDescription,postingDate,mailToLink,driver,from,leaving,to
"ride needed thurs morning 11/15 (davenport,ia to elkhart,in)",quincy,http://quincy.craigslist.org/rid/3409187750.html,i need a ride from davenport iowa thurs morning to elkhart indiana willin to kick in on gas from point a to b??? clean cut 40 yo swm just me and a gym bag of clothes please call rick if your headed that way thanks! 810-9double nickle-1069,2012-11-14T10:40:18-06:00,emailnotfound,FALSE,quincy,2012-11-15T10:40:18-06:00,elkhart
east to west via i-80  (new england to oregon ),quincy,http://quincy.craigslist.org/rid/3340663394.html,"empty 30' trailer going west via i-80 . need to leave by end of november 
cell 360--561-9816 
vermont-ohio-chicago-iowa-salt lake-portland ",2012-11-05T07:45:42-06:00,emailnotfound,TRUE,quincy,2012-11-05T07:45:42-06:00,west
"quincy, il to o'hare airport chicago, il",quincy,http://quincy.craigslist.org/rid/3330917855.html,"i will driving from the quincy, il area to the o'hare international airport on saturday october 21. i will be leaving at 2-2:30 in the morning and getting there around 7ish. i have room for one person and i will have my dog with me. the dog is very n [...]",2012-10-11T01:31:52-05:00,emailnotfound,TRUE,quincy,2012-10-21T01:31:52-05:00,o'hare
