title,postingFrom,permalink,shortDescription,postingDate,mailToLink,driver,from,leaving,to
ride offered to oh or nyc sunday 11/11 late morning  (al to ny),huntsville,http://huntsville.craigslist.org/rid/3401166364.html,must help with fuel . luggage ok. it is a gmc truck. call/text at 347.338.7629 for more info. ,2012-11-10T19:30:26-06:00,emailnotfound,TRUE,huntsville,2012-11-11T19:30:26-06:00,oh
"huntville to biloxi, ms friday am (huntsville)",huntsville,http://huntsville.craigslist.org/rid/3316683323.html,"i'm traveling from huntsville to biloxi, ms friday morning at 10 am. i will be passing through birmingham, montgomery, and mobile. call 256-694-6971 if interested.",2012-10-30T23:15:47-05:00,emailnotfound,TRUE,huntsville,2012-10-36T23:15:47-05:00,biloxi
going to  florida sunday  (huntsville),huntsville,http://huntsville.craigslist.org/rid/3328259653.html,be leaving for the tampa florida area with a stop in holt florida near destin possibly stay over night then back on the road to tampa anyone wanting to share the fuel cost is welcome to go ill be driving a f-250 crew cab truck very comfortable,2012-10-09T19:36:29-05:00,emailnotfound,TRUE,huntsville,2012-10-14T19:36:29-05:00,florida
heading to charleston sc thursday (huntsville to charleston),huntsville,http://huntsville.craigslist.org/rid/3326020953.html,"i will be heading out around 1 am thursday morning going to charleston sc. i will be passing through gadsden al, atlanta, agusta, columbia sc, ending in charleston sc. rolling in a nice new comfortable car. if you would like to ride, please send me a [...]",2012-10-08T20:57:58-05:00,emailnotfound,TRUE,huntsville,2012-10-11T20:57:58-05:00,charleston
