title,postingFrom,permalink,shortDescription,postingDate,mailToLink,driver,from,leaving,to
350.org trip to d.c. on sunday (freehold/howell),jerseyshore,http://jerseyshore.craigslist.org/rid/3416973475.html,there is no bus for this trip to d.c. and i'm looking to car pool there and back. we can leave at whatever time is mutually convenient and come back after the event. i was with bill mckibben in nyc last night and would like to make this happen. let m [...],2012-11-17T16:40:26-05:00,emailnotfound,TRUE,jerseyshore,2012-11-18T16:40:26-05:00,d.c.
nj to conneticut sunday am (rideshare for $25 ),jerseyshore,http://jerseyshore.craigslist.org/rid/3412556565.html,"im going up for the day an then returning... can drop you off anywhere on 95 north going up...only 25 dollars...includes the 15 dollars for crossing the bridge... 
this sunday, leaving early , have my own toyota echo... spacious ! 
email me if intere [...]",2012-11-15T18:33:02-05:00,emailnotfound,TRUE,jerseyshore,2012-11-18T18:33:02-05:00,conneticut
"new jersey to ft lauderdale,fl (palm beach or broward county)",jerseyshore,http://jerseyshore.craigslist.org/rid/3401983055.html,driving pickup truck on nov 14 or 15 share driving gas and tolls call 561-541-0288 if interested.,2012-11-11T10:38:31-05:00,emailnotfound,TRUE,jerseyshore,2012-11-14T10:38:31-05:00,ft
jersey shore ride to michigan (as far as u of m),jerseyshore,http://jerseyshore.craigslist.org/rid/3397595175.html,"hi, 
leaving atlantic city/philly area late afternoon on thursday november 15th 2012. straight shot to detroit/university of michigan or any point along the way . @012 ford explorer - i have two second row seats and room for luggage- pets ok. i am th [...]",2012-11-09T11:06:43-05:00,emailnotfound,TRUE,jerseyshore,2012-11-15T11:06:43-05:00,michigan
ride offered on monday 11/5 (manahawkin to summit),jerseyshore,http://jerseyshore.craigslist.org/rid/3385995866.html,i'll be leaving at 5:30 a.m. monday morning from manahawkin and going straight to downtown summit. i'm willing to offer a ride to anyone who needs it and can chip in $5 for gas. thanks!,2012-11-04T11:37:20-05:00,emailnotfound,TRUE,jerseyshore,2012-11-05T11:37:20-05:00,summit
"ride to nyc from atlantic highlands (atlantic highlands, route 36)",jerseyshore,http://jerseyshore.craigslist.org/rid/3384263858.html,"hi. i'm commuting to nyc starting on monday - from atlantic highlands up the parkway, to the turnpike and over the gw bridge. i will be leaving at 6 am each morning and i can pick you up along route 36. i can drop you off at the 178th street bus / su [...]",2012-11-03T14:39:46-04:00,emailnotfound,TRUE,jerseyshore,2012-11-05T14:39:46-04:00,nyc
"new jersey to north caroline (october 20th/21st, split expence!)",jerseyshore,http://jerseyshore.craigslist.org/rid/3288545008.html,"hey, im leaving early am on sat oct 21st to go to north caroline and coming back the following saturday oct 28th! 
looking for someone to share the ride with and split gas and tolls... nj to nc or ny to nc 
call me if interested @ 508-364-1990",2012-10-07T09:07:22-04:00,emailnotfound,TRUE,jerseyshore,2012-10-20T09:07:22-04:00,north
nj to ri,jerseyshore,http://jerseyshore.craigslist.org/rid/3314765102.html,"easy going professional, white male, comfortable camry. share some gas n tolls. 
sunday or monday",2012-10-06T09:17:41-04:00,emailnotfound,FALSE,jerseyshore,2012-10-08T09:17:41-04:00,ri
looking for ride from waretown to tom's river (waretown nj),jerseyshore,http://jerseyshore.craigslist.org/rid/3316741155.html,"i am looking for someone who lives nearby and works in toms river area to drop off at work in mornings. my car is not running and will pay money, please send me email if interested. . thanks!",2012-10-04T17:38:10-04:00,emailnotfound,FALSE,jerseyshore,2012-10-08T17:38:10-04:00,tom
