title,postingFrom,permalink,shortDescription,postingDate,mailToLink,driver,from,leaving,to
1 megabus ticket to chicago--central station (roosevelt area),desmoines,http://desmoines.craigslist.org/rid/3413060649.html,"i have a one way ticket to chicago on tuesday the 20th @8am from des moines going to central station in downtown chicago. ticket was originally purchased for $41. i'm selling for $25, obo. i'm now getting a ride there with a friend and would really l [...]",2012-11-15T22:19:41-06:00,emailnotfound,TRUE,desmoines,2012-11-20T22:19:41-06:00,chicago
iowa to wisconsin-  (cedar rapids),desmoines,http://desmoines.craigslist.org/rid/3413013271.html,"hi: 
i hope to find a ride to wisconsin for thrusday nov 22 thanksgiving- or leave on friday afternoon. its a four hour drive from cedar rapids striaght to wisconsin (mid state) fond du lac. 
hwy 151 past madison. one day- or a few days- 
i am in sch [...]",2012-11-15T21:45:53-06:00,emailnotfound,TRUE,desmoines,2012-11-22T21:45:53-06:00,wisconsin-
anyone going to minneapolis (windsor height - des moines),desmoines,http://desmoines.craigslist.org/rid/3412874509.html,looking for a ride to minneapolis ill pay gas please let me know call me at 5157073486 want to go tomorrow at 11 .,2012-11-15T20:19:32-06:00,emailnotfound,FALSE,desmoines,2012-11-15T20:19:32-06:00,minneapolis
"ride needed thur mornin 11/15 (davenport,ia to elkhart,in)",desmoines,http://desmoines.craigslist.org/rid/3409220743.html,"i need a ride from davenport,iowa to elkhart,indiana thurs mornin i'm willin to share in gas from a to b if your headed that way swm 40 clean cut good guy just me and my gym bag??? if you can help plz contact rick 810-9double nickle-1069 thx",2012-11-14T10:52:43-06:00,emailnotfound,FALSE,desmoines,2012-11-15T10:52:43-06:00,elkhart
"ride needed to madison, wisconsin, or dubuque iowa, or near fri 16 nov (ames)",desmoines,http://desmoines.craigslist.org/rid/3395188591.html,"i need a ride from ames ia, to madison wi on friday 16 november or thursday night or saturday morning would also work for me. any place close to madison is fine too. 
i'll pay for the gas. thanks!",2012-11-14T00:11:06-06:00,emailnotfound,FALSE,desmoines,2012-11-15T00:11:06-06:00,madison
"headed to the north pacific coast? (pdx, or)",desmoines,http://desmoines.craigslist.org/rid/3405417439.html,"leaving for portland this saturday or sunday. does anyone want a ride out there? i'd love for some help with the driving and/or cash, and i could drop you along the way or possibly take you farther. i'm also coming back the following weekend if your  [...]",2012-11-12T17:29:47-06:00,emailnotfound,TRUE,desmoines,2012-11-17T17:29:47-06:00,the
"heading to portland, or a.s.a.p drivers needed. (all of iowa)",desmoines,http://desmoines.craigslist.org/rid/3388500234.html,"we are driving to portland, or in a 2001 minivan. if you have gas money and a driver's license we will be more than happy to take you there or drop you anywhere on the way. call 309 333 9197 and ask for justin. 2 seats available.",2012-11-12T16:54:39-06:00,emailnotfound,TRUE,desmoines,2012-11-12T16:54:39-06:00,portland
misty lynn to texas (des moines),desmoines,http://desmoines.craigslist.org/rid/3402309477.html,23 yrs old female needs a ride to texas... i gott go home for the holidays and get my dog. i have some gas money,2012-11-11T12:13:08-06:00,emailnotfound,FALSE,desmoines,2012-11-12T12:13:08-06:00,texas
to 7000 vista parkway,desmoines,http://desmoines.craigslist.org/rid/3400049634.html,"need ride to wells fargo during week (maybe saturdays). have to be at work at 10 a.m., off at 7 p.m. (2 p.m. on sat.). willing to go earlier if necessary. will help with gas. from the drake area. starting after thanksgiving.",2012-11-10T10:56:52-06:00,emailnotfound,TRUE,desmoines,2012-11-10T10:56:52-06:00,7000
need ride to mn for thanksgiving,desmoines,http://desmoines.craigslist.org/rid/3399854809.html,"looking to leave anytime on wednesday the 21st and back on sunday the 25th. need dropping off anywhere around the twin cities. will help pay for gas. 
thanks!",2012-11-10T09:37:33-06:00,emailnotfound,FALSE,desmoines,2012-11-25T09:37:33-06:00,mn
needing ride m-f for work (dwntwn to wdsm),desmoines,http://desmoines.craigslist.org/rid/3396195084.html,"i am needing a ride to and from work monday through friday. i work 10:30am to 7pm. so i would prefer getting picked up at 10, and then would need a ride back and would prefer you there at 7:10pm-7:15pm. i get paid weekly so would like to pay that pay [...]",2012-11-08T16:18:40-06:00,emailnotfound,TRUE,desmoines,2012-11-12T16:18:40-06:00,wdsm
misty needs a ride to texas (austin or houston),desmoines,http://desmoines.craigslist.org/rid/3395686133.html,"i have some gas money and good company. my dog is getting kicked out of a kennell in austin texas,shes a good dog and well trained i just cant pay the kennell anymore. my dog is my world ill hitch hike if i have to bc i wont let her get re owned i pu [...]",2012-11-08T12:58:33-06:00,emailnotfound,FALSE,desmoines,2012-11-12T12:58:33-06:00,texas
ride offer to oklahoma (dsm/ames-okc),desmoines,http://desmoines.craigslist.org/rid/3392237945.html,"ride offered to oklahoma city from dsm/ames on 11/11. i can drop you anywhere in between. i'm also expecting you to be a solid driver. 
email back if interested ",2012-11-07T00:19:40-06:00,emailnotfound,TRUE,desmoines,2012-11-11T00:19:40-06:00,oklahoma
driving to cedar falls this friday afternoon. room for two  (dsm to cedar falls),desmoines,http://desmoines.craigslist.org/rid/3389927791.html,$25 a person one-way and can only take two people. email me with any questions or text 410-926-9092,2012-11-06T00:35:54-06:00,emailnotfound,TRUE,desmoines,2012-11-09T00:35:54-06:00,cedar
female needs a ride to ames (des moines iowa),desmoines,http://desmoines.craigslist.org/rid/3385743966.html,"female needs ride from downtown des moines to am.es sunday morning. can pitch in for gas 
if you can help please call 515-943-5739 thank you and aloha",2012-11-04T08:22:32-06:00,emailnotfound,FALSE,desmoines,2012-11-04T08:22:32-06:00,ames
need ride to class and back tuesday (east side-grandview),desmoines,http://desmoines.craigslist.org/rid/3380225229.html,i got hit by another car today. so my cars gonna be in the shop for at least a week. i have class tuesday nov 6 from 5:45-10:15 i need a ride there from my house on hutton st to grandview and then back home at 10:15. i may need that on thursday nov 8 [...],2012-11-01T17:21:19-05:00,emailnotfound,TRUE,desmoines,2012-11-01T17:21:19-05:00,class
ride offered to chicago land or east friday morning,desmoines,http://desmoines.craigslist.org/rid/3378936134.html,driving alone on my empty mini van.looking for company and willing to share the van.,2012-11-01T08:22:42-05:00,emailnotfound,TRUE,desmoines,2012-11-02T08:22:42-05:00,chicago
heading to arizona (des moines),desmoines,http://desmoines.craigslist.org/rid/3367255064.html,"im heading to west-phx area on the 2nd of november. im leaving des moines after i get off work on friday probably 4-5ish in the afternoon. i'm going through denver, santa fe, albuquerque, flagstaff and then to phx. 
i can drop you anywhere. i drive a [...]",2012-10-31T17:28:40-05:00,emailnotfound,TRUE,desmoines,2012-10-02T17:28:40-05:00,arizona
going to chicago,desmoines,http://desmoines.craigslist.org/rid/3370666742.html,"full size truck going to chicago. i can tow a trailer, dolly, anything. have room for 2 passengers, and lots of cargo. trying to leave asap. can drop off anywhere along the way. 702.900.7992. 
in las vegas now",2012-10-28T12:30:48-05:00,emailnotfound,TRUE,desmoines,2012-10-28T12:30:48-05:00,chicago
des moines to mn (mankato),desmoines,http://desmoines.craigslist.org/rid/3367183108.html,"i can get you to mankato, mn or anyplace in that area. 
going through tomorrow. (saturday) 
andy ",2012-10-26T16:42:23-05:00,emailnotfound,TRUE,desmoines,2012-10-26T16:42:23-05:00,mn
driving to mn friday (twin cities/duluth),desmoines,http://desmoines.craigslist.org/rid/3362513130.html,"greetings, i will be driving from ames to duluth on friday, and returning on sunday. let me know if you need a ride anywhere along the way. thanks.",2012-10-24T16:30:12-05:00,emailnotfound,TRUE,desmoines,2012-10-26T16:30:12-05:00,mn
driving to fallbrook california (ames/desmoines),desmoines,http://desmoines.craigslist.org/rid/3356927229.html,"i'm driving to fallbrook ,ca and is willing to give someone a lift if they help drive and pay for gas , i can leave as early as today or next week ",2012-10-22T12:30:20-05:00,emailnotfound,FALSE,desmoines,2012-10-22T12:30:20-05:00,fallbrook
need ride to minneapolis,desmoines,http://desmoines.craigslist.org/rid/3351420141.html,i am trying to get to minneapolis on 10/22 or 10/23. i'm trying to avoid taking the bus. i will pay for gas of course. just email me.,2012-10-19T21:00:15-05:00,emailnotfound,FALSE,desmoines,2012-10-22T21:00:15-05:00,minneapolis
ride needed to kansas city thursday,desmoines,http://desmoines.craigslist.org/rid/3345636958.html,"ride needed tomorrow to kc from des moines, airport area or downtown. have bucks for your tank. headed there to pick up my truck at a ford dealership.",2012-10-17T13:14:48-05:00,emailnotfound,FALSE,desmoines,2012-10-17T13:14:48-05:00,kansas
"ride offered to st. louis, mo (grinnell)",desmoines,http://desmoines.craigslist.org/rid/3339109201.html,"driving to saint louis tomorrow, monday the 15th. respond to this ad or text 717.715.7783.",2012-10-14T18:03:40-05:00,emailnotfound,TRUE,desmoines,2012-10-14T18:03:40-05:00,st.
need ride to minneapolis 10/18,desmoines,http://desmoines.craigslist.org/rid/3332898776.html,"married couple, mid-twenties, both work at a non-profit, trying to find a ride from des moines to minneapolis (preferably later in the day) on thursday, october 18. please contact us if you're heading that way on 35, even just part way to the twin ci [...]",2012-10-11T20:19:35-05:00,emailnotfound,FALSE,desmoines,2012-10-18T20:19:35-05:00,minneapolis
