title,postingFrom,permalink,shortDescription,postingDate,mailToLink,driver,from,leaving,to
ride offer to oklahoma city/dallas (niagara falls),buffalo,http://buffalo.craigslist.org/rid/3383167160.html,"i'm leaving for oklahoma city in late november. date is flexible. will be going through erie, pittsburg, columbus, indianapolis, springfield, st louis, etc. 1/2 gas expense required, less if i have more than one passenger. i'll be driving a 1992 gmc  [...]",2012-11-18T03:56:41-05:00,emailnotfound,TRUE,buffalo,2012-01-02T03:56:41-05:00,oklahoma
"ride offered to washington dc on monday, november 26th (buffalo)",buffalo,http://buffalo.craigslist.org/rid/3416669632.html,"ride offered to washington dc, or anywhere in between on monday, november 26th. 
leaving from go bus terminal in downtown buffalo at 1pm. washington dc arrival time, about 9pm. $50 
thank you for reading my ad.",2012-11-17T14:32:38-05:00,emailnotfound,TRUE,buffalo,2012-11-26T14:32:38-05:00,washington
buffalo to nyc,buffalo,http://buffalo.craigslist.org/rid/3406863996.html,"i have a ticket to buffalo to nyc, nov. 18th, 2012. it's early in the morning ticket. 2:45 am departure. 
i am selling the ticket at 30$ (it's megabus ticket, only one way ticket to nyc, it will arrive at nyc around 10:40) 
if you are interested in,  [...]",2012-11-15T15:07:27-05:00,emailnotfound,TRUE,buffalo,2012-11-18T15:07:27-05:00,nyc
anyone going to nyc this weekend? (nyc),buffalo,http://buffalo.craigslist.org/rid/3410002459.html,cash or grass no one rides for free. will help out out with anything i can. thinking about going friday,2012-11-14T16:41:57-05:00,emailnotfound,TRUE,buffalo,2012-11-16T16:41:57-05:00,nyc
"buffalo to reading, pa one way or round trip (passenger or cargo)",buffalo,http://buffalo.craigslist.org/rid/3347602160.html,"passenger or cargo. 
box truck for cargo or passenger leaving buffalo november23, flexible. 
returning november 25, flexible. 
driving pick up truck from buffalo, ny to reading, pa. flexible leaving dec 7th. 
returning dec 9-12. 
one way or round tri [...]",2012-11-14T16:31:50-05:00,emailnotfound,TRUE,buffalo,2012-11-25T16:31:50-05:00,reading
ride offered buffalo to boston (williamsville to boston),buffalo,http://buffalo.craigslist.org/rid/3409694373.html,"i will be driving from buffalo (williamsville area) leaving saturday morning the 17th heading towards downtown boston area. 
i have space for 2-3. chip in some money for gas and you will have a ride :) 
aloha ",2012-11-14T14:43:45-05:00,emailnotfound,TRUE,buffalo,2012-11-17T14:43:45-05:00,boston
looking for a ride from buffalo to state college  (buffalo ),buffalo,http://buffalo.craigslist.org/rid/3409415208.html,hi there i am looking for a ride to state college from buffalo on the 25th of november or around. let me know if you can help me out. thanks in advance :),2012-11-14T13:02:24-05:00,emailnotfound,FALSE,buffalo,2012-11-25T13:02:24-05:00,state
"ride to raleigh (raleigh, nc)",buffalo,http://buffalo.craigslist.org/rid/3408604216.html,"i'm looking for a ride to raleigh. 
sometime around the 18th to 20th of december 2012. 
return date mostly after new years. 
i'm a student at suny buffalo. i have a valid license. i can drive.",2012-11-14T03:47:23-05:00,emailnotfound,FALSE,buffalo,2012-12-20T03:47:23-05:00,raleigh
ride from buffalo to binghamton (or anywhere on the way) 11/16-18 (buffalo-binghamton),buffalo,http://buffalo.craigslist.org/rid/3405295403.html,"hi - i'm going to binghamton on friday, 11/16 and returning to buffalo sunday 11/18. i would be happy to give someone a lift either way as long as you chip in for gas. preferably to someone in their 20s/30s. thanks.",2012-11-12T17:37:32-05:00,emailnotfound,TRUE,buffalo,2012-11-16T17:37:32-05:00,binghamton
want: a ride from toronto to buffalo for three people (toronto to buffalo),buffalo,http://buffalo.craigslist.org/rid/3397952766.html,"a ride for three people for tonight or tomorrow morning/day. 
contact me via email. 
thank you.",2012-11-09T13:16:45-05:00,emailnotfound,TRUE,buffalo,2012-11-09T13:16:45-05:00,buffalo
a ride from toronto to buffalo for three people (toronto to buffalo),buffalo,http://buffalo.craigslist.org/rid/3397879495.html,"we need a ride tomorrow or tonight. 
thank you. 
contact me via email.",2012-11-09T12:50:19-05:00,emailnotfound,TRUE,buffalo,2012-11-09T12:50:19-05:00,buffalo
ride to the galleria today,buffalo,http://buffalo.craigslist.org/rid/3390575209.html,is there anyone out there who could please give me a ride to the galleria mall today? i have to be there at 12:30pm. i live in south buffalo and am freaking out! please email me asap for my cell number! thank you!!!,2012-11-06T11:27:17-05:00,emailnotfound,FALSE,buffalo,2012-11-06T11:27:17-05:00,the
need a ride to california (buffalo ),buffalo,http://buffalo.craigslist.org/rid/3388739393.html,hi my name is bob i'm stranded in delevan but could possibly get too buffalo have very little money to help for gas trying to get home please help me get home if anyone knows of a organization that could maybe help me get a bus ticket that would help [...],2012-11-05T14:53:50-05:00,emailnotfound,FALSE,buffalo,2012-11-05T14:53:50-05:00,california
"buffalo to nyc, philadelphia, or baltimore (ride needed) (buffalo)",buffalo,http://buffalo.craigslist.org/rid/3382431496.html,"hey, trying to get a one-way ride down to new york city to aide in the hurricane sandy relief projects. however, i am also going to be visiting baltimore and philadelphia. if anyone is heading to new york, bmore, or philadelphia contact me asap! i'll [...]",2012-11-02T17:27:08-04:00,emailnotfound,FALSE,buffalo,2012-11-02T17:27:08-04:00,nyc
buffalo to nyc - 11/1,buffalo,http://buffalo.craigslist.org/rid/3376908585.html,"i will be leaving tomorrow at noon. 
arriving around 9pm. 
$80",2012-10-31T10:32:57-04:00,emailnotfound,TRUE,buffalo,2012-11-01T10:32:57-04:00,nyc
ride share offer: buffalo to nj/nyc (buffalo),buffalo,http://buffalo.craigslist.org/rid/3376631557.html,"i am departing buffalo on friday, nov 2nd around 1:00 pm and arriving jersey city around 8:30 pm, returning to buffalo on tuesday, nov 7th. 
i can pick up and drop off within 10 miles radius of my start and end points. if you are going to nyc, i can  [...]",2012-10-31T07:05:15-04:00,emailnotfound,TRUE,buffalo,2012-11-02T07:05:15-04:00,nj/nyc
rideshare offered: buffalo to nyc (buffalo (near airport)),buffalo,http://buffalo.craigslist.org/rid/3372065596.html,"we are planning on driving a rental car from the buffalo airport to new york city (jfk) on tuesday, october 30, or wednesday, october 31. looking for some passengers to help cover the cost of gas (~$45). email if interested.",2012-10-29T07:33:42-04:00,emailnotfound,TRUE,buffalo,2012-10-30T07:33:42-04:00,nyc
buffalo to boston oct 29 (buffalo),buffalo,http://buffalo.craigslist.org/rid/3371748412.html,"flying into buffalo and driving to boston tomorrow oct 29 th leaving buffalo airport around 1 would love a co pilot some or all the way chip in for some gas and we are good. 
35 year old professional male. just don't want to fall asleep!! 
text or ca [...]",2012-10-28T23:30:44-04:00,emailnotfound,FALSE,buffalo,2012-10-28T23:30:44-04:00,boston
"niagara falls, ny to portland, or (split costs of truck/gas)",buffalo,http://buffalo.craigslist.org/rid/3355836712.html,"i am planning to move cross country from niagara falls, ny to vancouver, wa. i'd like to do this in next week or two. leaving between november 1st 
and nov 7th the budget truck isn't as expensive as uhaul, but would be nice to split costs. 
i would b [...]",2012-10-22T00:03:08-04:00,emailnotfound,TRUE,buffalo,2012-11-01T00:03:08-04:00,portland
rideshare offered to nj/nyc (buffalo-jersey city),buffalo,http://buffalo.craigslist.org/rid/3355135883.html,"going to jersey city, nj from buffalo on tuesday 23rd in the afternoon around 2:00 pm. 
if you want to go to nyc, i can drop you off at either journal square or hoboken path station, a 15 minute ride to the city. 
toll and gas expense sharing is appr [...]",2012-10-21T17:15:37-04:00,emailnotfound,TRUE,buffalo,2012-10-23T17:15:37-04:00,nj/nyc
"need ride to nyc, will pay full gas (buffalo)",buffalo,http://buffalo.craigslist.org/rid/3349066741.html,"myself and three cases of film equipment going to the uws. need to arrive by early saturday morning. 
mature male, good driver. 
sean 
646 427-3951",2012-10-18T21:52:43-04:00,emailnotfound,FALSE,buffalo,2012-10-20T21:52:43-04:00,nyc
"ride needed - share expenses (niagara  falls, ny to buffalo, ny)",buffalo,http://buffalo.craigslist.org/rid/3339948492.html,"i am looking for a ride on a daily basis to and from buffalo ny, from the lasalle area, in niagara falls, ny ! i work at city hall in buffalo, and i need to be there @ 8am, monday thru friday , i finish work @ 4pm ! willing to share gas and parking e [...]",2012-10-15T08:52:18-04:00,emailnotfound,FALSE,buffalo,2012-10-15T08:52:18-04:00,buffalo
ride to toronto - oct. 17th (buffalo),buffalo,http://buffalo.craigslist.org/rid/3334818535.html,"hello - i am driving up from the catskills to toronto on wednesday, october 17th and returning monday the 22nd. i thought i'd offer a ride for anyone in buffalo since i'm somewhat passing through. i'll take you to downtown for $15, or round trip for  [...]",2012-10-12T17:45:50-04:00,emailnotfound,TRUE,buffalo,2012-10-17T17:45:50-04:00,toronto
buffalo to nyc (buffalo to nyc),buffalo,http://buffalo.craigslist.org/rid/3330953034.html,looking for a ride nyc to buffalo ny if possible on 10/11email me for details. i have my license and will split gas and toll costs ,2012-10-11T03:31:27-04:00,emailnotfound,FALSE,buffalo,2012-10-11T03:31:27-04:00,nyc
buffalo to nyc!! friday!  (buffalo),buffalo,http://buffalo.craigslist.org/rid/3330545199.html,"last minute trip from buffalo to nyc. looking to split gas money and tolls ($50) . will be driving down friday 10/12 afternoon. 
let me know if there are any takers. email me and leave your phone number. this is a serious offer. thanks ",2012-10-10T21:26:29-04:00,emailnotfound,FALSE,buffalo,2012-10-12T21:26:29-04:00,nyc
french and union to  moog 3pm-1130pm daily (cheektowaga),buffalo,http://buffalo.craigslist.org/rid/3329527024.html,start working at moog in east aurora monday october 15th on 2nd shift.3pm-1130pm.i am willing to assist with gas costs.due to recently losing a vehicle and finding there is no bus that runs that late .if anyone can help me out that would be apprciate [...],2012-10-10T14:08:51-04:00,emailnotfound,TRUE,buffalo,2012-10-15T14:08:51-04:00,moog
