title,postingFrom,permalink,shortDescription,postingDate,mailToLink,driver,from,leaving,to
salina to denver oct 21 or 22 (kansas and colorado),salina,http://salina.craigslist.org/rid/3352542200.html,"salina to denver, sunday or monday oct 21 or 22nd in a purple minivan sound like your style? 
all for the price of half the gas! 
such a deal :) 
well, i was seeing a friend in kansas and now i am headed to see my family back in colorado. 
lemmie kno [...]",2012-10-20T12:10:31-05:00,emailnotfound,FALSE,salina,2012-10-21T12:10:31-05:00,denver
ride offered (salina to spokane washington ),salina,http://salina.craigslist.org/rid/3340320248.html,i am passing throw tomorrow some time if you want a ride call me 540-623-9979 matt ,2012-10-15T10:42:05-05:00,emailnotfound,TRUE,salina,2012-10-15T10:42:05-05:00,spokane
ride offered to new orleans (colorado - new orleans),salina,http://salina.craigslist.org/rid/3317028728.html,"my girlfriend, puppy, and myself are driving to new orleans and going right through salina. we'll be passing through the evening of the 29th. if you're interested, let me know. thanks",2012-10-04T18:53:37-05:00,emailnotfound,TRUE,salina,2012-10-29T18:53:37-05:00,new
