title,postingFrom,permalink,shortDescription,postingDate,mailToLink,driver,from,leaving,to
need ride for 2 to pa for thanksgiving (corolla (outer banks)),outerbanks,http://outerbanks.craigslist.org/rid/3409849703.html,"hello all 
i'm looking for a ride to pa/philly/statecollege etc. my girlfriend and i are heading home for thanksgiving. ideally tuesday or wednesday of next week. we both have valid drivers licenses and would be willing to pay for gas etc. any help w [...]",2012-11-14T15:41:44-05:00,emailnotfound,FALSE,outerbanks,2012-11-20T15:41:44-05:00,pa
corolla nc to upstate new york - 11/24 (corolla to sterling ny),outerbanks,http://outerbanks.craigslist.org/rid/3408855148.html,we are going to nc for turkey week vacation. we will be returning the afternoon of 11/24. we can drop you off along the way or in ny. just looking for help with gas. give us a call with questions ...keith 315 515 8749.,2012-11-14T09:12:36-05:00,emailnotfound,TRUE,outerbanks,2012-11-24T09:12:36-05:00,upstate
nc to new hampshire (outer banks),outerbanks,http://outerbanks.craigslist.org/rid/3350498485.html,"i'm driving from avon, nc to new hampshire on nov 23-24 
i'll be going up rte. 95 all the way. i can drop you anywhere enroute, maryland,nj, nyc, conn,. boston etc. 
just share gas/tolls 
must contact me before nov 17th. i will be traveling after tha [...]",2012-10-19T14:53:58-04:00,emailnotfound,TRUE,outerbanks,2012-11-23T14:53:58-04:00,new
need ride from manteo to nagshead 10/19 (manteo to nagshead - round trip),outerbanks,http://outerbanks.craigslist.org/rid/3343140275.html,"need round trip ride from manteo to nagshead on friday, october 19 for doctors appointment 
will pay $30 - i have 2 appointments back to back (10 am and 10:45 am) at rescare. 
please call babette at 704.677.0908",2012-10-16T13:38:58-04:00,emailnotfound,TRUE,outerbanks,2012-10-19T13:38:58-04:00,nagshead
